Full Name,Email Address,Mobile,Course,Source,City,Company
Priya Sharma,loadtest1@loadtest.example.com,9000000001,ai-ml,Load Test 5K,Bengaluru,Globex
Rohan Sharma,loadtest2@loadtest.example.com,9000000002,,Load Test 5K,Mumbai,Initech
Meera Sharma,loadtest3@loadtest.example.com,9000000003,agentic-ai,Load Test 5K,Pune,Hooli
Vikram Sharma,loadtest4@loadtest.example.com,9000000004,ai-ml,Load Test 5K,Chennai,Umbrella
Ananya Sharma,loadtest5@loadtest.example.com,9000000005,,Load Test 5K,Delhi,Stark Industries
Karthik Sharma,loadtest6@loadtest.example.com,9000000006,agentic-ai,Load Test 5K,Kolkata,Wayne Enterprises
Sneha Nair,loadtest7@loadtest.example.com,9000000007,ai-ml,Load Test 5K,Ahmedabad,Soylent
Arjun Nair,loadtest8@loadtest.example.com,9000000008,,Load Test 5K,Hyderabad,Acme Corp
Divya Nair,loadtest9@loadtest.example.com,9000000009,agentic-ai,Load Test 5K,Bengaluru,Globex
Rahul Nair,loadtest10@loadtest.example.com,9000000010,ai-ml,Load Test 5K,Mumbai,Initech
Pooja Nair,loadtest11@loadtest.example.com,9000000011,,Load Test 5K,Pune,Hooli
Aditya Nair,loadtest12@loadtest.example.com,9000000012,agentic-ai,Load Test 5K,Chennai,Umbrella
Nisha Nair,loadtest13@loadtest.example.com,9000000013,ai-ml,Load Test 5K,Delhi,Stark Industries
Sanjay Mehta,loadtest14@loadtest.example.com,9000000014,,Load Test 5K,Kolkata,Wayne Enterprises
Kavya Mehta,loadtest15@loadtest.example.com,9000000015,agentic-ai,Load Test 5K,Ahmedabad,Soylent
Manish Mehta,loadtest16@loadtest.example.com,9000000016,ai-ml,Load Test 5K,Hyderabad,Acme Corp
Ritu Mehta,loadtest17@loadtest.example.com,9000000017,,Load Test 5K,Bengaluru,Globex
Vivek Mehta,loadtest18@loadtest.example.com,9000000018,agentic-ai,Load Test 5K,Mumbai,Initech
Shreya Mehta,loadtest19@loadtest.example.com,9000000019,ai-ml,Load Test 5K,Pune,Hooli
Aarav Mehta,loadtest20@loadtest.example.com,9000000020,,Load Test 5K,Chennai,Umbrella
Priya Iyer,loadtest21@loadtest.example.com,9000000021,agentic-ai,Load Test 5K,Delhi,Stark Industries
Rohan Iyer,loadtest22@loadtest.example.com,9000000022,ai-ml,Load Test 5K,Kolkata,Wayne Enterprises
Meera Iyer,loadtest23@loadtest.example.com,9000000023,,Load Test 5K,Ahmedabad,Soylent
Vikram Iyer,loadtest24@loadtest.example.com,9000000024,agentic-ai,Load Test 5K,Hyderabad,Acme Corp
Ananya Iyer,loadtest25@loadtest.example.com,9000000025,ai-ml,Load Test 5K,Bengaluru,Globex
Karthik Iyer,loadtest26@loadtest.example.com,9000000026,,Load Test 5K,Mumbai,Initech
Sneha Iyer,loadtest27@loadtest.example.com,9000000027,agentic-ai,Load Test 5K,Pune,Hooli
Arjun Reddy,loadtest28@loadtest.example.com,9000000028,ai-ml,Load Test 5K,Chennai,Umbrella
Divya Reddy,loadtest29@loadtest.example.com,9000000029,,Load Test 5K,Delhi,Stark Industries
Rahul Reddy,loadtest30@loadtest.example.com,9000000030,agentic-ai,Load Test 5K,Kolkata,Wayne Enterprises
Pooja Reddy,loadtest31@loadtest.example.com,9000000031,ai-ml,Load Test 5K,Ahmedabad,Soylent
Aditya Reddy,loadtest32@loadtest.example.com,9000000032,,Load Test 5K,Hyderabad,Acme Corp
Nisha Reddy,loadtest33@loadtest.example.com,9000000033,agentic-ai,Load Test 5K,Bengaluru,Globex
Sanjay Reddy,loadtest34@loadtest.example.com,9000000034,ai-ml,Load Test 5K,Mumbai,Initech
Kavya Gupta,loadtest35@loadtest.example.com,9000000035,,Load Test 5K,Pune,Hooli
Manish Gupta,loadtest36@loadtest.example.com,9000000036,agentic-ai,Load Test 5K,Chennai,Umbrella
Ritu Gupta,loadtest37@loadtest.example.com,9000000037,ai-ml,Load Test 5K,Delhi,Stark Industries
Vivek Gupta,loadtest38@loadtest.example.com,9000000038,,Load Test 5K,Kolkata,Wayne Enterprises
Shreya Gupta,loadtest39@loadtest.example.com,9000000039,agentic-ai,Load Test 5K,Ahmedabad,Soylent
Aarav Gupta,loadtest40@loadtest.example.com,9000000040,ai-ml,Load Test 5K,Hyderabad,Acme Corp
Priya Gupta,loadtest41@loadtest.example.com,9000000041,,Load Test 5K,Bengaluru,Globex
Rohan Patel,loadtest42@loadtest.example.com,9000000042,agentic-ai,Load Test 5K,Mumbai,Initech
Meera Patel,loadtest43@loadtest.example.com,9000000043,ai-ml,Load Test 5K,Pune,Hooli
Vikram Patel,loadtest44@loadtest.example.com,9000000044,,Load Test 5K,Chennai,Umbrella
Ananya Patel,loadtest45@loadtest.example.com,9000000045,agentic-ai,Load Test 5K,Delhi,Stark Industries
Karthik Patel,loadtest46@loadtest.example.com,9000000046,ai-ml,Load Test 5K,Kolkata,Wayne Enterprises
Sneha Patel,loadtest47@loadtest.example.com,9000000047,,Load Test 5K,Ahmedabad,Soylent
Arjun Patel,loadtest48@loadtest.example.com,9000000048,agentic-ai,Load Test 5K,Hyderabad,Acme Corp
Divya Rao,loadtest49@loadtest.example.com,9000000049,ai-ml,Load Test 5K,Bengaluru,Globex
Rahul Rao,loadtest50@loadtest.example.com,9000000050,,Load Test 5K,Mumbai,Initech
Pooja Rao,loadtest51@loadtest.example.com,9000000051,agentic-ai,Load Test 5K,Pune,Hooli
Aditya Rao,loadtest52@loadtest.example.com,9000000052,ai-ml,Load Test 5K,Chennai,Umbrella
Nisha Rao,loadtest53@loadtest.example.com,9000000053,,Load Test 5K,Delhi,Stark Industries
Sanjay Rao,loadtest54@loadtest.example.com,9000000054,agentic-ai,Load Test 5K,Kolkata,Wayne Enterprises
Kavya Rao,loadtest55@loadtest.example.com,9000000055,ai-ml,Load Test 5K,Ahmedabad,Soylent
Manish Singh,loadtest56@loadtest.example.com,9000000056,,Load Test 5K,Hyderabad,Acme Corp
Ritu Singh,loadtest57@loadtest.example.com,9000000057,agentic-ai,Load Test 5K,Bengaluru,Globex
Vivek Singh,loadtest58@loadtest.example.com,9000000058,ai-ml,Load Test 5K,Mumbai,Initech
Shreya Singh,loadtest59@loadtest.example.com,9000000059,,Load Test 5K,Pune,Hooli
Aarav Singh,loadtest60@loadtest.example.com,9000000060,agentic-ai,Load Test 5K,Chennai,Umbrella
Priya Singh,loadtest61@loadtest.example.com,9000000061,ai-ml,Load Test 5K,Delhi,Stark Industries
Rohan Singh,loadtest62@loadtest.example.com,9000000062,,Load Test 5K,Kolkata,Wayne Enterprises
Meera Joshi,loadtest63@loadtest.example.com,9000000063,agentic-ai,Load Test 5K,Ahmedabad,Soylent
Vikram Joshi,loadtest64@loadtest.example.com,9000000064,ai-ml,Load Test 5K,Hyderabad,Acme Corp
Ananya Joshi,loadtest65@loadtest.example.com,9000000065,,Load Test 5K,Bengaluru,Globex
Karthik Joshi,loadtest66@loadtest.example.com,9000000066,agentic-ai,Load Test 5K,Mumbai,Initech
Sneha Joshi,loadtest67@loadtest.example.com,9000000067,ai-ml,Load Test 5K,Pune,Hooli
Arjun Joshi,loadtest68@loadtest.example.com,9000000068,,Load Test 5K,Chennai,Umbrella
Divya Joshi,loadtest69@loadtest.example.com,9000000069,agentic-ai,Load Test 5K,Delhi,Stark Industries
Rahul Kumar,loadtest70@loadtest.example.com,9000000070,ai-ml,Load Test 5K,Kolkata,Wayne Enterprises
Pooja Kumar,loadtest71@loadtest.example.com,9000000071,,Load Test 5K,Ahmedabad,Soylent
Aditya Kumar,loadtest72@loadtest.example.com,9000000072,agentic-ai,Load Test 5K,Hyderabad,Acme Corp
Nisha Kumar,loadtest73@loadtest.example.com,9000000073,ai-ml,Load Test 5K,Bengaluru,Globex
Sanjay Kumar,loadtest74@loadtest.example.com,9000000074,,Load Test 5K,Mumbai,Initech
Kavya Kumar,loadtest75@loadtest.example.com,9000000075,agentic-ai,Load Test 5K,Pune,Hooli
Manish Kumar,loadtest76@loadtest.example.com,9000000076,ai-ml,Load Test 5K,Chennai,Umbrella
Ritu Desai,loadtest77@loadtest.example.com,9000000077,,Load Test 5K,Delhi,Stark Industries
Vivek Desai,loadtest78@loadtest.example.com,9000000078,agentic-ai,Load Test 5K,Kolkata,Wayne Enterprises
Shreya Desai,loadtest79@loadtest.example.com,9000000079,ai-ml,Load Test 5K,Ahmedabad,Soylent
Aarav Desai,loadtest80@loadtest.example.com,9000000080,,Load Test 5K,Hyderabad,Acme Corp
Priya Desai,loadtest81@loadtest.example.com,9000000081,agentic-ai,Load Test 5K,Bengaluru,Globex
Rohan Desai,loadtest82@loadtest.example.com,9000000082,ai-ml,Load Test 5K,Mumbai,Initech
Meera Desai,loadtest83@loadtest.example.com,9000000083,,Load Test 5K,Pune,Hooli
Vikram Pillai,loadtest84@loadtest.example.com,9000000084,agentic-ai,Load Test 5K,Chennai,Umbrella
Ananya Pillai,loadtest85@loadtest.example.com,9000000085,ai-ml,Load Test 5K,Delhi,Stark Industries
Karthik Pillai,loadtest86@loadtest.example.com,9000000086,,Load Test 5K,Kolkata,Wayne Enterprises
Sneha Pillai,loadtest87@loadtest.example.com,9000000087,agentic-ai,Load Test 5K,Ahmedabad,Soylent
Arjun Pillai,loadtest88@loadtest.example.com,9000000088,ai-ml,Load Test 5K,Hyderabad,Acme Corp
Divya Pillai,loadtest89@loadtest.example.com,9000000089,,Load Test 5K,Bengaluru,Globex
Rahul Pillai,loadtest90@loadtest.example.com,9000000090,agentic-ai,Load Test 5K,Mumbai,Initech
Pooja Bose,loadtest91@loadtest.example.com,9000000091,ai-ml,Load Test 5K,Pune,Hooli
Aditya Bose,loadtest92@loadtest.example.com,9000000092,,Load Test 5K,Chennai,Umbrella
Nisha Bose,loadtest93@loadtest.example.com,9000000093,agentic-ai,Load Test 5K,Delhi,Stark Industries
Sanjay Bose,loadtest94@loadtest.example.com,9000000094,ai-ml,Load Test 5K,Kolkata,Wayne Enterprises
Kavya Bose,loadtest95@loadtest.example.com,9000000095,,Load Test 5K,Ahmedabad,Soylent
Manish Bose,loadtest96@loadtest.example.com,9000000096,agentic-ai,Load Test 5K,Hyderabad,Acme Corp
Ritu Bose,loadtest97@loadtest.example.com,9000000097,ai-ml,Load Test 5K,Bengaluru,Globex
Vivek Menon,loadtest98@loadtest.example.com,9000000098,,Load Test 5K,Mumbai,Initech
Shreya Menon,loadtest99@loadtest.example.com,9000000099,agentic-ai,Load Test 5K,Pune,Hooli
Aarav Menon,loadtest100@loadtest.example.com,9000000100,ai-ml,Load Test 5K,Chennai,Umbrella
Priya Menon,loadtest101@loadtest.example.com,9000000101,,Load Test 5K,Delhi,Stark Industries
Rohan Menon,loadtest102@loadtest.example.com,9000000102,agentic-ai,Load Test 5K,Kolkata,Wayne Enterprises
Meera Menon,loadtest103@loadtest.example.com,9000000103,ai-ml,Load Test 5K,Ahmedabad,Soylent
Vikram Menon,loadtest104@loadtest.example.com,9000000104,,Load Test 5K,Hyderabad,Acme Corp
Ananya Chopra,loadtest105@loadtest.example.com,9000000105,agentic-ai,Load Test 5K,Bengaluru,Globex
Karthik Chopra,loadtest106@loadtest.example.com,9000000106,ai-ml,Load Test 5K,Mumbai,Initech
Sneha Chopra,loadtest107@loadtest.example.com,9000000107,,Load Test 5K,Pune,Hooli
Arjun Chopra,loadtest108@loadtest.example.com,9000000108,agentic-ai,Load Test 5K,Chennai,Umbrella
Divya Chopra,loadtest109@loadtest.example.com,9000000109,ai-ml,Load Test 5K,Delhi,Stark Industries
Rahul Chopra,loadtest110@loadtest.example.com,9000000110,,Load Test 5K,Kolkata,Wayne Enterprises
Pooja Chopra,loadtest111@loadtest.example.com,9000000111,agentic-ai,Load Test 5K,Ahmedabad,Soylent
Aditya Verma,loadtest112@loadtest.example.com,9000000112,ai-ml,Load Test 5K,Hyderabad,Acme Corp
Nisha Verma,loadtest113@loadtest.example.com,9000000113,,Load Test 5K,Bengaluru,Globex
Sanjay Verma,loadtest114@loadtest.example.com,9000000114,agentic-ai,Load Test 5K,Mumbai,Initech
Kavya Verma,loadtest115@loadtest.example.com,9000000115,ai-ml,Load Test 5K,Pune,Hooli
Manish Verma,loadtest116@loadtest.example.com,9000000116,,Load Test 5K,Chennai,Umbrella
Ritu Verma,loadtest117@loadtest.example.com,9000000117,agentic-ai,Load Test 5K,Delhi,Stark Industries
Vivek Verma,loadtest118@loadtest.example.com,9000000118,ai-ml,Load Test 5K,Kolkata,Wayne Enterprises
Shreya Shetty,loadtest119@loadtest.example.com,9000000119,,Load Test 5K,Ahmedabad,Soylent
Aarav Shetty,loadtest120@loadtest.example.com,9000000120,agentic-ai,Load Test 5K,Hyderabad,Acme Corp
Priya Shetty,loadtest121@loadtest.example.com,9000000121,ai-ml,Load Test 5K,Bengaluru,Globex
Rohan Shetty,loadtest122@loadtest.example.com,9000000122,,Load Test 5K,Mumbai,Initech
Meera Shetty,loadtest123@loadtest.example.com,9000000123,agentic-ai,Load Test 5K,Pune,Hooli
Vikram Shetty,loadtest124@loadtest.example.com,9000000124,ai-ml,Load Test 5K,Chennai,Umbrella
Ananya Shetty,loadtest125@loadtest.example.com,9000000125,,Load Test 5K,Delhi,Stark Industries
Karthik Banerjee,loadtest126@loadtest.example.com,9000000126,agentic-ai,Load Test 5K,Kolkata,Wayne Enterprises
Sneha Banerjee,loadtest127@loadtest.example.com,9000000127,ai-ml,Load Test 5K,Ahmedabad,Soylent
Arjun Banerjee,loadtest128@loadtest.example.com,9000000128,,Load Test 5K,Hyderabad,Acme Corp
Divya Banerjee,loadtest129@loadtest.example.com,9000000129,agentic-ai,Load Test 5K,Bengaluru,Globex
Rahul Banerjee,loadtest130@loadtest.example.com,9000000130,ai-ml,Load Test 5K,Mumbai,Initech
Pooja Banerjee,loadtest131@loadtest.example.com,9000000131,,Load Test 5K,Pune,Hooli
Aditya Banerjee,loadtest132@loadtest.example.com,9000000132,agentic-ai,Load Test 5K,Chennai,Umbrella
Nisha Kapoor,loadtest133@loadtest.example.com,9000000133,ai-ml,Load Test 5K,Delhi,Stark Industries
Sanjay Kapoor,loadtest134@loadtest.example.com,9000000134,,Load Test 5K,Kolkata,Wayne Enterprises
Kavya Kapoor,loadtest135@loadtest.example.com,9000000135,agentic-ai,Load Test 5K,Ahmedabad,Soylent
Manish Kapoor,loadtest136@loadtest.example.com,9000000136,ai-ml,Load Test 5K,Hyderabad,Acme Corp
Ritu Kapoor,loadtest137@loadtest.example.com,9000000137,,Load Test 5K,Bengaluru,Globex
Vivek Kapoor,loadtest138@loadtest.example.com,9000000138,agentic-ai,Load Test 5K,Mumbai,Initech
Shreya Kapoor,loadtest139@loadtest.example.com,9000000139,ai-ml,Load Test 5K,Pune,Hooli
Aarav Sharma,loadtest140@loadtest.example.com,9000000140,,Load Test 5K,Chennai,Umbrella
Priya Sharma,loadtest141@loadtest.example.com,9000000141,agentic-ai,Load Test 5K,Delhi,Stark Industries
Rohan Sharma,loadtest142@loadtest.example.com,9000000142,ai-ml,Load Test 5K,Kolkata,Wayne Enterprises
Meera Sharma,loadtest143@loadtest.example.com,9000000143,,Load Test 5K,Ahmedabad,Soylent
Vikram Sharma,loadtest144@loadtest.example.com,9000000144,agentic-ai,Load Test 5K,Hyderabad,Acme Corp
Ananya Sharma,loadtest145@loadtest.example.com,9000000145,ai-ml,Load Test 5K,Bengaluru,Globex
Karthik Sharma,loadtest146@loadtest.example.com,9000000146,,Load Test 5K,Mumbai,Initech
Sneha Nair,loadtest147@loadtest.example.com,9000000147,agentic-ai,Load Test 5K,Pune,Hooli
Arjun Nair,loadtest148@loadtest.example.com,9000000148,ai-ml,Load Test 5K,Chennai,Umbrella
Divya Nair,loadtest149@loadtest.example.com,9000000149,,Load Test 5K,Delhi,Stark Industries
Rahul Nair,loadtest150@loadtest.example.com,9000000150,agentic-ai,Load Test 5K,Kolkata,Wayne Enterprises
Pooja Nair,loadtest151@loadtest.example.com,9000000151,ai-ml,Load Test 5K,Ahmedabad,Soylent
Aditya Nair,loadtest152@loadtest.example.com,9000000152,,Load Test 5K,Hyderabad,Acme Corp
Nisha Nair,loadtest153@loadtest.example.com,9000000153,agentic-ai,Load Test 5K,Bengaluru,Globex
Sanjay Mehta,loadtest154@loadtest.example.com,9000000154,ai-ml,Load Test 5K,Mumbai,Initech
Kavya Mehta,loadtest155@loadtest.example.com,9000000155,,Load Test 5K,Pune,Hooli
Manish Mehta,loadtest156@loadtest.example.com,9000000156,agentic-ai,Load Test 5K,Chennai,Umbrella
Ritu Mehta,loadtest157@loadtest.example.com,9000000157,ai-ml,Load Test 5K,Delhi,Stark Industries
Vivek Mehta,loadtest158@loadtest.example.com,9000000158,,Load Test 5K,Kolkata,Wayne Enterprises
Shreya Mehta,loadtest159@loadtest.example.com,9000000159,agentic-ai,Load Test 5K,Ahmedabad,Soylent
Aarav Mehta,loadtest160@loadtest.example.com,9000000160,ai-ml,Load Test 5K,Hyderabad,Acme Corp
Priya Iyer,loadtest161@loadtest.example.com,9000000161,,Load Test 5K,Bengaluru,Globex
Rohan Iyer,loadtest162@loadtest.example.com,9000000162,agentic-ai,Load Test 5K,Mumbai,Initech
Meera Iyer,loadtest163@loadtest.example.com,9000000163,ai-ml,Load Test 5K,Pune,Hooli
Vikram Iyer,loadtest164@loadtest.example.com,9000000164,,Load Test 5K,Chennai,Umbrella
Ananya Iyer,loadtest165@loadtest.example.com,9000000165,agentic-ai,Load Test 5K,Delhi,Stark Industries
Karthik Iyer,loadtest166@loadtest.example.com,9000000166,ai-ml,Load Test 5K,Kolkata,Wayne Enterprises
Sneha Iyer,loadtest167@loadtest.example.com,9000000167,,Load Test 5K,Ahmedabad,Soylent
Arjun Reddy,loadtest168@loadtest.example.com,9000000168,agentic-ai,Load Test 5K,Hyderabad,Acme Corp
Divya Reddy,loadtest169@loadtest.example.com,9000000169,ai-ml,Load Test 5K,Bengaluru,Globex
Rahul Reddy,loadtest170@loadtest.example.com,9000000170,,Load Test 5K,Mumbai,Initech
Pooja Reddy,loadtest171@loadtest.example.com,9000000171,agentic-ai,Load Test 5K,Pune,Hooli
Aditya Reddy,loadtest172@loadtest.example.com,9000000172,ai-ml,Load Test 5K,Chennai,Umbrella
Nisha Reddy,loadtest173@loadtest.example.com,9000000173,,Load Test 5K,Delhi,Stark Industries
Sanjay Reddy,loadtest174@loadtest.example.com,9000000174,agentic-ai,Load Test 5K,Kolkata,Wayne Enterprises
Kavya Gupta,loadtest175@loadtest.example.com,9000000175,ai-ml,Load Test 5K,Ahmedabad,Soylent
Manish Gupta,loadtest176@loadtest.example.com,9000000176,,Load Test 5K,Hyderabad,Acme Corp
Ritu Gupta,loadtest177@loadtest.example.com,9000000177,agentic-ai,Load Test 5K,Bengaluru,Globex
Vivek Gupta,loadtest178@loadtest.example.com,9000000178,ai-ml,Load Test 5K,Mumbai,Initech
Shreya Gupta,loadtest179@loadtest.example.com,9000000179,,Load Test 5K,Pune,Hooli
Aarav Gupta,loadtest180@loadtest.example.com,9000000180,agentic-ai,Load Test 5K,Chennai,Umbrella
Priya Gupta,loadtest181@loadtest.example.com,9000000181,ai-ml,Load Test 5K,Delhi,Stark Industries
Rohan Patel,loadtest182@loadtest.example.com,9000000182,,Load Test 5K,Kolkata,Wayne Enterprises
Meera Patel,loadtest183@loadtest.example.com,9000000183,agentic-ai,Load Test 5K,Ahmedabad,Soylent
Vikram Patel,loadtest184@loadtest.example.com,9000000184,ai-ml,Load Test 5K,Hyderabad,Acme Corp
Ananya Patel,loadtest185@loadtest.example.com,9000000185,,Load Test 5K,Bengaluru,Globex
Karthik Patel,loadtest186@loadtest.example.com,9000000186,agentic-ai,Load Test 5K,Mumbai,Initech
Sneha Patel,loadtest187@loadtest.example.com,9000000187,ai-ml,Load Test 5K,Pune,Hooli
Arjun Patel,loadtest188@loadtest.example.com,9000000188,,Load Test 5K,Chennai,Umbrella
Divya Rao,loadtest189@loadtest.example.com,9000000189,agentic-ai,Load Test 5K,Delhi,Stark Industries
Rahul Rao,loadtest190@loadtest.example.com,9000000190,ai-ml,Load Test 5K,Kolkata,Wayne Enterprises
Pooja Rao,loadtest191@loadtest.example.com,9000000191,,Load Test 5K,Ahmedabad,Soylent
Aditya Rao,loadtest192@loadtest.example.com,9000000192,agentic-ai,Load Test 5K,Hyderabad,Acme Corp
Nisha Rao,loadtest193@loadtest.example.com,9000000193,ai-ml,Load Test 5K,Bengaluru,Globex
Sanjay Rao,loadtest194@loadtest.example.com,9000000194,,Load Test 5K,Mumbai,Initech
Kavya Rao,loadtest195@loadtest.example.com,9000000195,agentic-ai,Load Test 5K,Pune,Hooli
Manish Singh,loadtest196@loadtest.example.com,9000000196,ai-ml,Load Test 5K,Chennai,Umbrella
Ritu Singh,loadtest197@loadtest.example.com,9000000197,,Load Test 5K,Delhi,Stark Industries
Vivek Singh,loadtest198@loadtest.example.com,9000000198,agentic-ai,Load Test 5K,Kolkata,Wayne Enterprises
Shreya Singh,loadtest199@loadtest.example.com,9000000199,ai-ml,Load Test 5K,Ahmedabad,Soylent
Aarav Singh,loadtest200@loadtest.example.com,9000000200,,Load Test 5K,Hyderabad,Acme Corp
Priya Singh,loadtest201@loadtest.example.com,9000000201,agentic-ai,Load Test 5K,Bengaluru,Globex
Rohan Singh,loadtest202@loadtest.example.com,9000000202,ai-ml,Load Test 5K,Mumbai,Initech
Meera Joshi,loadtest203@loadtest.example.com,9000000203,,Load Test 5K,Pune,Hooli
Vikram Joshi,loadtest204@loadtest.example.com,9000000204,agentic-ai,Load Test 5K,Chennai,Umbrella
Ananya Joshi,loadtest205@loadtest.example.com,9000000205,ai-ml,Load Test 5K,Delhi,Stark Industries
Karthik Joshi,loadtest206@loadtest.example.com,9000000206,,Load Test 5K,Kolkata,Wayne Enterprises
Sneha Joshi,loadtest207@loadtest.example.com,9000000207,agentic-ai,Load Test 5K,Ahmedabad,Soylent
Arjun Joshi,loadtest208@loadtest.example.com,9000000208,ai-ml,Load Test 5K,Hyderabad,Acme Corp
Divya Joshi,loadtest209@loadtest.example.com,9000000209,,Load Test 5K,Bengaluru,Globex
Rahul Kumar,loadtest210@loadtest.example.com,9000000210,agentic-ai,Load Test 5K,Mumbai,Initech
Pooja Kumar,loadtest211@loadtest.example.com,9000000211,ai-ml,Load Test 5K,Pune,Hooli
Aditya Kumar,loadtest212@loadtest.example.com,9000000212,,Load Test 5K,Chennai,Umbrella
Nisha Kumar,loadtest213@loadtest.example.com,9000000213,agentic-ai,Load Test 5K,Delhi,Stark Industries
Sanjay Kumar,loadtest214@loadtest.example.com,9000000214,ai-ml,Load Test 5K,Kolkata,Wayne Enterprises
Kavya Kumar,loadtest215@loadtest.example.com,9000000215,,Load Test 5K,Ahmedabad,Soylent
Manish Kumar,loadtest216@loadtest.example.com,9000000216,agentic-ai,Load Test 5K,Hyderabad,Acme Corp
Ritu Desai,loadtest217@loadtest.example.com,9000000217,ai-ml,Load Test 5K,Bengaluru,Globex
Vivek Desai,loadtest218@loadtest.example.com,9000000218,,Load Test 5K,Mumbai,Initech
Shreya Desai,loadtest219@loadtest.example.com,9000000219,agentic-ai,Load Test 5K,Pune,Hooli
Aarav Desai,loadtest220@loadtest.example.com,9000000220,ai-ml,Load Test 5K,Chennai,Umbrella
Priya Desai,loadtest221@loadtest.example.com,9000000221,,Load Test 5K,Delhi,Stark Industries
Rohan Desai,loadtest222@loadtest.example.com,9000000222,agentic-ai,Load Test 5K,Kolkata,Wayne Enterprises
Meera Desai,loadtest223@loadtest.example.com,9000000223,ai-ml,Load Test 5K,Ahmedabad,Soylent
Vikram Pillai,loadtest224@loadtest.example.com,9000000224,,Load Test 5K,Hyderabad,Acme Corp
Ananya Pillai,loadtest225@loadtest.example.com,9000000225,agentic-ai,Load Test 5K,Bengaluru,Globex
Karthik Pillai,loadtest226@loadtest.example.com,9000000226,ai-ml,Load Test 5K,Mumbai,Initech
Sneha Pillai,loadtest227@loadtest.example.com,9000000227,,Load Test 5K,Pune,Hooli
Arjun Pillai,loadtest228@loadtest.example.com,9000000228,agentic-ai,Load Test 5K,Chennai,Umbrella
Divya Pillai,loadtest229@loadtest.example.com,9000000229,ai-ml,Load Test 5K,Delhi,Stark Industries
Rahul Pillai,loadtest230@loadtest.example.com,9000000230,,Load Test 5K,Kolkata,Wayne Enterprises
Pooja Bose,loadtest231@loadtest.example.com,9000000231,agentic-ai,Load Test 5K,Ahmedabad,Soylent
Aditya Bose,loadtest232@loadtest.example.com,9000000232,ai-ml,Load Test 5K,Hyderabad,Acme Corp
Nisha Bose,loadtest233@loadtest.example.com,9000000233,,Load Test 5K,Bengaluru,Globex
Sanjay Bose,loadtest234@loadtest.example.com,9000000234,agentic-ai,Load Test 5K,Mumbai,Initech
Kavya Bose,loadtest235@loadtest.example.com,9000000235,ai-ml,Load Test 5K,Pune,Hooli
Manish Bose,loadtest236@loadtest.example.com,9000000236,,Load Test 5K,Chennai,Umbrella
Ritu Bose,loadtest237@loadtest.example.com,9000000237,agentic-ai,Load Test 5K,Delhi,Stark Industries
Vivek Menon,loadtest238@loadtest.example.com,9000000238,ai-ml,Load Test 5K,Kolkata,Wayne Enterprises
Shreya Menon,loadtest239@loadtest.example.com,9000000239,,Load Test 5K,Ahmedabad,Soylent
Aarav Menon,loadtest240@loadtest.example.com,9000000240,agentic-ai,Load Test 5K,Hyderabad,Acme Corp
Priya Menon,loadtest241@loadtest.example.com,9000000241,ai-ml,Load Test 5K,Bengaluru,Globex
Rohan Menon,loadtest242@loadtest.example.com,9000000242,,Load Test 5K,Mumbai,Initech
Meera Menon,loadtest243@loadtest.example.com,9000000243,agentic-ai,Load Test 5K,Pune,Hooli
Vikram Menon,loadtest244@loadtest.example.com,9000000244,ai-ml,Load Test 5K,Chennai,Umbrella
Ananya Chopra,loadtest245@loadtest.example.com,9000000245,,Load Test 5K,Delhi,Stark Industries
Karthik Chopra,loadtest246@loadtest.example.com,9000000246,agentic-ai,Load Test 5K,Kolkata,Wayne Enterprises
Sneha Chopra,loadtest247@loadtest.example.com,9000000247,ai-ml,Load Test 5K,Ahmedabad,Soylent
Arjun Chopra,loadtest248@loadtest.example.com,9000000248,,Load Test 5K,Hyderabad,Acme Corp
Divya Chopra,loadtest249@loadtest.example.com,9000000249,agentic-ai,Load Test 5K,Bengaluru,Globex
Rahul Chopra,loadtest250@loadtest.example.com,9000000250,ai-ml,Load Test 5K,Mumbai,Initech
Pooja Chopra,loadtest251@loadtest.example.com,9000000251,,Load Test 5K,Pune,Hooli
Aditya Verma,loadtest252@loadtest.example.com,9000000252,agentic-ai,Load Test 5K,Chennai,Umbrella
Nisha Verma,loadtest253@loadtest.example.com,9000000253,ai-ml,Load Test 5K,Delhi,Stark Industries
Sanjay Verma,loadtest254@loadtest.example.com,9000000254,,Load Test 5K,Kolkata,Wayne Enterprises
Kavya Verma,loadtest255@loadtest.example.com,9000000255,agentic-ai,Load Test 5K,Ahmedabad,Soylent
Manish Verma,loadtest256@loadtest.example.com,9000000256,ai-ml,Load Test 5K,Hyderabad,Acme Corp
Ritu Verma,loadtest257@loadtest.example.com,9000000257,,Load Test 5K,Bengaluru,Globex
Vivek Verma,loadtest258@loadtest.example.com,9000000258,agentic-ai,Load Test 5K,Mumbai,Initech
Shreya Shetty,loadtest259@loadtest.example.com,9000000259,ai-ml,Load Test 5K,Pune,Hooli
Aarav Shetty,loadtest260@loadtest.example.com,9000000260,,Load Test 5K,Chennai,Umbrella
Priya Shetty,loadtest261@loadtest.example.com,9000000261,agentic-ai,Load Test 5K,Delhi,Stark Industries
Rohan Shetty,loadtest262@loadtest.example.com,9000000262,ai-ml,Load Test 5K,Kolkata,Wayne Enterprises
Meera Shetty,loadtest263@loadtest.example.com,9000000263,,Load Test 5K,Ahmedabad,Soylent
Vikram Shetty,loadtest264@loadtest.example.com,9000000264,agentic-ai,Load Test 5K,Hyderabad,Acme Corp
Ananya Shetty,loadtest265@loadtest.example.com,9000000265,ai-ml,Load Test 5K,Bengaluru,Globex
Karthik Banerjee,loadtest266@loadtest.example.com,9000000266,,Load Test 5K,Mumbai,Initech
Sneha Banerjee,loadtest267@loadtest.example.com,9000000267,agentic-ai,Load Test 5K,Pune,Hooli
Arjun Banerjee,loadtest268@loadtest.example.com,9000000268,ai-ml,Load Test 5K,Chennai,Umbrella
Divya Banerjee,loadtest269@loadtest.example.com,9000000269,,Load Test 5K,Delhi,Stark Industries
Rahul Banerjee,loadtest270@loadtest.example.com,9000000270,agentic-ai,Load Test 5K,Kolkata,Wayne Enterprises
Pooja Banerjee,loadtest271@loadtest.example.com,9000000271,ai-ml,Load Test 5K,Ahmedabad,Soylent
Aditya Banerjee,loadtest272@loadtest.example.com,9000000272,,Load Test 5K,Hyderabad,Acme Corp
Nisha Kapoor,loadtest273@loadtest.example.com,9000000273,agentic-ai,Load Test 5K,Bengaluru,Globex
Sanjay Kapoor,loadtest274@loadtest.example.com,9000000274,ai-ml,Load Test 5K,Mumbai,Initech
Kavya Kapoor,loadtest275@loadtest.example.com,9000000275,,Load Test 5K,Pune,Hooli
Manish Kapoor,loadtest276@loadtest.example.com,9000000276,agentic-ai,Load Test 5K,Chennai,Umbrella
Ritu Kapoor,loadtest277@loadtest.example.com,9000000277,ai-ml,Load Test 5K,Delhi,Stark Industries
Vivek Kapoor,loadtest278@loadtest.example.com,9000000278,,Load Test 5K,Kolkata,Wayne Enterprises
Shreya Kapoor,loadtest279@loadtest.example.com,9000000279,agentic-ai,Load Test 5K,Ahmedabad,Soylent
Aarav Sharma,loadtest280@loadtest.example.com,9000000280,ai-ml,Load Test 5K,Hyderabad,Acme Corp
Priya Sharma,loadtest281@loadtest.example.com,9000000281,,Load Test 5K,Bengaluru,Globex
Rohan Sharma,loadtest282@loadtest.example.com,9000000282,agentic-ai,Load Test 5K,Mumbai,Initech
Meera Sharma,loadtest283@loadtest.example.com,9000000283,ai-ml,Load Test 5K,Pune,Hooli
Vikram Sharma,loadtest284@loadtest.example.com,9000000284,,Load Test 5K,Chennai,Umbrella
Ananya Sharma,loadtest285@loadtest.example.com,9000000285,agentic-ai,Load Test 5K,Delhi,Stark Industries
Karthik Sharma,loadtest286@loadtest.example.com,9000000286,ai-ml,Load Test 5K,Kolkata,Wayne Enterprises
Sneha Nair,loadtest287@loadtest.example.com,9000000287,,Load Test 5K,Ahmedabad,Soylent
Arjun Nair,loadtest288@loadtest.example.com,9000000288,agentic-ai,Load Test 5K,Hyderabad,Acme Corp
Divya Nair,loadtest289@loadtest.example.com,9000000289,ai-ml,Load Test 5K,Bengaluru,Globex
Rahul Nair,loadtest290@loadtest.example.com,9000000290,,Load Test 5K,Mumbai,Initech
Pooja Nair,loadtest291@loadtest.example.com,9000000291,agentic-ai,Load Test 5K,Pune,Hooli
Aditya Nair,loadtest292@loadtest.example.com,9000000292,ai-ml,Load Test 5K,Chennai,Umbrella
Nisha Nair,loadtest293@loadtest.example.com,9000000293,,Load Test 5K,Delhi,Stark Industries
Sanjay Mehta,loadtest294@loadtest.example.com,9000000294,agentic-ai,Load Test 5K,Kolkata,Wayne Enterprises
Kavya Mehta,loadtest295@loadtest.example.com,9000000295,ai-ml,Load Test 5K,Ahmedabad,Soylent
Manish Mehta,loadtest296@loadtest.example.com,9000000296,,Load Test 5K,Hyderabad,Acme Corp
Ritu Mehta,loadtest297@loadtest.example.com,9000000297,agentic-ai,Load Test 5K,Bengaluru,Globex
Vivek Mehta,loadtest298@loadtest.example.com,9000000298,ai-ml,Load Test 5K,Mumbai,Initech
Shreya Mehta,loadtest299@loadtest.example.com,9000000299,,Load Test 5K,Pune,Hooli
Aarav Mehta,loadtest300@loadtest.example.com,9000000300,agentic-ai,Load Test 5K,Chennai,Umbrella
Priya Iyer,loadtest301@loadtest.example.com,9000000301,ai-ml,Load Test 5K,Delhi,Stark Industries
Rohan Iyer,loadtest302@loadtest.example.com,9000000302,,Load Test 5K,Kolkata,Wayne Enterprises
Meera Iyer,loadtest303@loadtest.example.com,9000000303,agentic-ai,Load Test 5K,Ahmedabad,Soylent
Vikram Iyer,loadtest304@loadtest.example.com,9000000304,ai-ml,Load Test 5K,Hyderabad,Acme Corp
Ananya Iyer,loadtest305@loadtest.example.com,9000000305,,Load Test 5K,Bengaluru,Globex
Karthik Iyer,loadtest306@loadtest.example.com,9000000306,agentic-ai,Load Test 5K,Mumbai,Initech
Sneha Iyer,loadtest307@loadtest.example.com,9000000307,ai-ml,Load Test 5K,Pune,Hooli
Arjun Reddy,loadtest308@loadtest.example.com,9000000308,,Load Test 5K,Chennai,Umbrella
Divya Reddy,loadtest309@loadtest.example.com,9000000309,agentic-ai,Load Test 5K,Delhi,Stark Industries
Rahul Reddy,loadtest310@loadtest.example.com,9000000310,ai-ml,Load Test 5K,Kolkata,Wayne Enterprises
Pooja Reddy,loadtest311@loadtest.example.com,9000000311,,Load Test 5K,Ahmedabad,Soylent
Aditya Reddy,loadtest312@loadtest.example.com,9000000312,agentic-ai,Load Test 5K,Hyderabad,Acme Corp
Nisha Reddy,loadtest313@loadtest.example.com,9000000313,ai-ml,Load Test 5K,Bengaluru,Globex
Sanjay Reddy,loadtest314@loadtest.example.com,9000000314,,Load Test 5K,Mumbai,Initech
Kavya Gupta,loadtest315@loadtest.example.com,9000000315,agentic-ai,Load Test 5K,Pune,Hooli
Manish Gupta,loadtest316@loadtest.example.com,9000000316,ai-ml,Load Test 5K,Chennai,Umbrella
Ritu Gupta,loadtest317@loadtest.example.com,9000000317,,Load Test 5K,Delhi,Stark Industries
Vivek Gupta,loadtest318@loadtest.example.com,9000000318,agentic-ai,Load Test 5K,Kolkata,Wayne Enterprises
Shreya Gupta,loadtest319@loadtest.example.com,9000000319,ai-ml,Load Test 5K,Ahmedabad,Soylent
Aarav Gupta,loadtest320@loadtest.example.com,9000000320,,Load Test 5K,Hyderabad,Acme Corp
Priya Gupta,loadtest321@loadtest.example.com,9000000321,agentic-ai,Load Test 5K,Bengaluru,Globex
Rohan Patel,loadtest322@loadtest.example.com,9000000322,ai-ml,Load Test 5K,Mumbai,Initech
Meera Patel,loadtest323@loadtest.example.com,9000000323,,Load Test 5K,Pune,Hooli
Vikram Patel,loadtest324@loadtest.example.com,9000000324,agentic-ai,Load Test 5K,Chennai,Umbrella
Ananya Patel,loadtest325@loadtest.example.com,9000000325,ai-ml,Load Test 5K,Delhi,Stark Industries
Karthik Patel,loadtest326@loadtest.example.com,9000000326,,Load Test 5K,Kolkata,Wayne Enterprises
Sneha Patel,loadtest327@loadtest.example.com,9000000327,agentic-ai,Load Test 5K,Ahmedabad,Soylent
Arjun Patel,loadtest328@loadtest.example.com,9000000328,ai-ml,Load Test 5K,Hyderabad,Acme Corp
Divya Rao,loadtest329@loadtest.example.com,9000000329,,Load Test 5K,Bengaluru,Globex
Rahul Rao,loadtest330@loadtest.example.com,9000000330,agentic-ai,Load Test 5K,Mumbai,Initech
Pooja Rao,loadtest331@loadtest.example.com,9000000331,ai-ml,Load Test 5K,Pune,Hooli
Aditya Rao,loadtest332@loadtest.example.com,9000000332,,Load Test 5K,Chennai,Umbrella
Nisha Rao,loadtest333@loadtest.example.com,9000000333,agentic-ai,Load Test 5K,Delhi,Stark Industries
Sanjay Rao,loadtest334@loadtest.example.com,9000000334,ai-ml,Load Test 5K,Kolkata,Wayne Enterprises
Kavya Rao,loadtest335@loadtest.example.com,9000000335,,Load Test 5K,Ahmedabad,Soylent
Manish Singh,loadtest336@loadtest.example.com,9000000336,agentic-ai,Load Test 5K,Hyderabad,Acme Corp
Ritu Singh,loadtest337@loadtest.example.com,9000000337,ai-ml,Load Test 5K,Bengaluru,Globex
Vivek Singh,loadtest338@loadtest.example.com,9000000338,,Load Test 5K,Mumbai,Initech
Shreya Singh,loadtest339@loadtest.example.com,9000000339,agentic-ai,Load Test 5K,Pune,Hooli
Aarav Singh,loadtest340@loadtest.example.com,9000000340,ai-ml,Load Test 5K,Chennai,Umbrella
Priya Singh,loadtest341@loadtest.example.com,9000000341,,Load Test 5K,Delhi,Stark Industries
Rohan Singh,loadtest342@loadtest.example.com,9000000342,agentic-ai,Load Test 5K,Kolkata,Wayne Enterprises
Meera Joshi,loadtest343@loadtest.example.com,9000000343,ai-ml,Load Test 5K,Ahmedabad,Soylent
Vikram Joshi,loadtest344@loadtest.example.com,9000000344,,Load Test 5K,Hyderabad,Acme Corp
Ananya Joshi,loadtest345@loadtest.example.com,9000000345,agentic-ai,Load Test 5K,Bengaluru,Globex
Karthik Joshi,loadtest346@loadtest.example.com,9000000346,ai-ml,Load Test 5K,Mumbai,Initech
Sneha Joshi,loadtest347@loadtest.example.com,9000000347,,Load Test 5K,Pune,Hooli
Arjun Joshi,loadtest348@loadtest.example.com,9000000348,agentic-ai,Load Test 5K,Chennai,Umbrella
Divya Joshi,loadtest349@loadtest.example.com,9000000349,ai-ml,Load Test 5K,Delhi,Stark Industries
Rahul Kumar,loadtest350@loadtest.example.com,9000000350,,Load Test 5K,Kolkata,Wayne Enterprises
Pooja Kumar,loadtest351@loadtest.example.com,9000000351,agentic-ai,Load Test 5K,Ahmedabad,Soylent
Aditya Kumar,loadtest352@loadtest.example.com,9000000352,ai-ml,Load Test 5K,Hyderabad,Acme Corp
Nisha Kumar,loadtest353@loadtest.example.com,9000000353,,Load Test 5K,Bengaluru,Globex
Sanjay Kumar,loadtest354@loadtest.example.com,9000000354,agentic-ai,Load Test 5K,Mumbai,Initech
Kavya Kumar,loadtest355@loadtest.example.com,9000000355,ai-ml,Load Test 5K,Pune,Hooli
Manish Kumar,loadtest356@loadtest.example.com,9000000356,,Load Test 5K,Chennai,Umbrella
Ritu Desai,loadtest357@loadtest.example.com,9000000357,agentic-ai,Load Test 5K,Delhi,Stark Industries
Vivek Desai,loadtest358@loadtest.example.com,9000000358,ai-ml,Load Test 5K,Kolkata,Wayne Enterprises
Shreya Desai,loadtest359@loadtest.example.com,9000000359,,Load Test 5K,Ahmedabad,Soylent
Aarav Desai,loadtest360@loadtest.example.com,9000000360,agentic-ai,Load Test 5K,Hyderabad,Acme Corp
Priya Desai,loadtest361@loadtest.example.com,9000000361,ai-ml,Load Test 5K,Bengaluru,Globex
Rohan Desai,loadtest362@loadtest.example.com,9000000362,,Load Test 5K,Mumbai,Initech
Meera Desai,loadtest363@loadtest.example.com,9000000363,agentic-ai,Load Test 5K,Pune,Hooli
Vikram Pillai,loadtest364@loadtest.example.com,9000000364,ai-ml,Load Test 5K,Chennai,Umbrella
Ananya Pillai,loadtest365@loadtest.example.com,9000000365,,Load Test 5K,Delhi,Stark Industries
Karthik Pillai,loadtest366@loadtest.example.com,9000000366,agentic-ai,Load Test 5K,Kolkata,Wayne Enterprises
Sneha Pillai,loadtest367@loadtest.example.com,9000000367,ai-ml,Load Test 5K,Ahmedabad,Soylent
Arjun Pillai,loadtest368@loadtest.example.com,9000000368,,Load Test 5K,Hyderabad,Acme Corp
Divya Pillai,loadtest369@loadtest.example.com,9000000369,agentic-ai,Load Test 5K,Bengaluru,Globex
Rahul Pillai,loadtest370@loadtest.example.com,9000000370,ai-ml,Load Test 5K,Mumbai,Initech
Pooja Bose,loadtest371@loadtest.example.com,9000000371,,Load Test 5K,Pune,Hooli
Aditya Bose,loadtest372@loadtest.example.com,9000000372,agentic-ai,Load Test 5K,Chennai,Umbrella
Nisha Bose,loadtest373@loadtest.example.com,9000000373,ai-ml,Load Test 5K,Delhi,Stark Industries
Sanjay Bose,loadtest374@loadtest.example.com,9000000374,,Load Test 5K,Kolkata,Wayne Enterprises
Kavya Bose,loadtest375@loadtest.example.com,9000000375,agentic-ai,Load Test 5K,Ahmedabad,Soylent
Manish Bose,loadtest376@loadtest.example.com,9000000376,ai-ml,Load Test 5K,Hyderabad,Acme Corp
Ritu Bose,loadtest377@loadtest.example.com,9000000377,,Load Test 5K,Bengaluru,Globex
Vivek Menon,loadtest378@loadtest.example.com,9000000378,agentic-ai,Load Test 5K,Mumbai,Initech
Shreya Menon,loadtest379@loadtest.example.com,9000000379,ai-ml,Load Test 5K,Pune,Hooli
Aarav Menon,loadtest380@loadtest.example.com,9000000380,,Load Test 5K,Chennai,Umbrella
Priya Menon,loadtest381@loadtest.example.com,9000000381,agentic-ai,Load Test 5K,Delhi,Stark Industries
Rohan Menon,loadtest382@loadtest.example.com,9000000382,ai-ml,Load Test 5K,Kolkata,Wayne Enterprises
Meera Menon,loadtest383@loadtest.example.com,9000000383,,Load Test 5K,Ahmedabad,Soylent
Vikram Menon,loadtest384@loadtest.example.com,9000000384,agentic-ai,Load Test 5K,Hyderabad,Acme Corp
Ananya Chopra,loadtest385@loadtest.example.com,9000000385,ai-ml,Load Test 5K,Bengaluru,Globex
Karthik Chopra,loadtest386@loadtest.example.com,9000000386,,Load Test 5K,Mumbai,Initech
Sneha Chopra,loadtest387@loadtest.example.com,9000000387,agentic-ai,Load Test 5K,Pune,Hooli
Arjun Chopra,loadtest388@loadtest.example.com,9000000388,ai-ml,Load Test 5K,Chennai,Umbrella
Divya Chopra,loadtest389@loadtest.example.com,9000000389,,Load Test 5K,Delhi,Stark Industries
Rahul Chopra,loadtest390@loadtest.example.com,9000000390,agentic-ai,Load Test 5K,Kolkata,Wayne Enterprises
Pooja Chopra,loadtest391@loadtest.example.com,9000000391,ai-ml,Load Test 5K,Ahmedabad,Soylent
Aditya Verma,loadtest392@loadtest.example.com,9000000392,,Load Test 5K,Hyderabad,Acme Corp
Nisha Verma,loadtest393@loadtest.example.com,9000000393,agentic-ai,Load Test 5K,Bengaluru,Globex
Sanjay Verma,loadtest394@loadtest.example.com,9000000394,ai-ml,Load Test 5K,Mumbai,Initech
Kavya Verma,loadtest395@loadtest.example.com,9000000395,,Load Test 5K,Pune,Hooli
Manish Verma,loadtest396@loadtest.example.com,9000000396,agentic-ai,Load Test 5K,Chennai,Umbrella
Ritu Verma,loadtest397@loadtest.example.com,9000000397,ai-ml,Load Test 5K,Delhi,Stark Industries
Vivek Verma,loadtest398@loadtest.example.com,9000000398,,Load Test 5K,Kolkata,Wayne Enterprises
Shreya Shetty,loadtest399@loadtest.example.com,9000000399,agentic-ai,Load Test 5K,Ahmedabad,Soylent
Aarav Shetty,loadtest400@loadtest.example.com,9000000400,ai-ml,Load Test 5K,Hyderabad,Acme Corp
Priya Shetty,loadtest401@loadtest.example.com,9000000401,,Load Test 5K,Bengaluru,Globex
Rohan Shetty,loadtest402@loadtest.example.com,9000000402,agentic-ai,Load Test 5K,Mumbai,Initech
Meera Shetty,loadtest403@loadtest.example.com,9000000403,ai-ml,Load Test 5K,Pune,Hooli
Vikram Shetty,loadtest404@loadtest.example.com,9000000404,,Load Test 5K,Chennai,Umbrella
Ananya Shetty,loadtest405@loadtest.example.com,9000000405,agentic-ai,Load Test 5K,Delhi,Stark Industries
Karthik Banerjee,loadtest406@loadtest.example.com,9000000406,ai-ml,Load Test 5K,Kolkata,Wayne Enterprises
Sneha Banerjee,loadtest407@loadtest.example.com,9000000407,,Load Test 5K,Ahmedabad,Soylent
Arjun Banerjee,loadtest408@loadtest.example.com,9000000408,agentic-ai,Load Test 5K,Hyderabad,Acme Corp
Divya Banerjee,loadtest409@loadtest.example.com,9000000409,ai-ml,Load Test 5K,Bengaluru,Globex
Rahul Banerjee,loadtest410@loadtest.example.com,9000000410,,Load Test 5K,Mumbai,Initech
Pooja Banerjee,loadtest411@loadtest.example.com,9000000411,agentic-ai,Load Test 5K,Pune,Hooli
Aditya Banerjee,loadtest412@loadtest.example.com,9000000412,ai-ml,Load Test 5K,Chennai,Umbrella
Nisha Kapoor,loadtest413@loadtest.example.com,9000000413,,Load Test 5K,Delhi,Stark Industries
Sanjay Kapoor,loadtest414@loadtest.example.com,9000000414,agentic-ai,Load Test 5K,Kolkata,Wayne Enterprises
Kavya Kapoor,loadtest415@loadtest.example.com,9000000415,ai-ml,Load Test 5K,Ahmedabad,Soylent
Manish Kapoor,loadtest416@loadtest.example.com,9000000416,,Load Test 5K,Hyderabad,Acme Corp
Ritu Kapoor,loadtest417@loadtest.example.com,9000000417,agentic-ai,Load Test 5K,Bengaluru,Globex
Vivek Kapoor,loadtest418@loadtest.example.com,9000000418,ai-ml,Load Test 5K,Mumbai,Initech
Shreya Kapoor,loadtest419@loadtest.example.com,9000000419,,Load Test 5K,Pune,Hooli
Aarav Sharma,loadtest420@loadtest.example.com,9000000420,agentic-ai,Load Test 5K,Chennai,Umbrella
Priya Sharma,loadtest421@loadtest.example.com,9000000421,ai-ml,Load Test 5K,Delhi,Stark Industries
Rohan Sharma,loadtest422@loadtest.example.com,9000000422,,Load Test 5K,Kolkata,Wayne Enterprises
Meera Sharma,loadtest423@loadtest.example.com,9000000423,agentic-ai,Load Test 5K,Ahmedabad,Soylent
Vikram Sharma,loadtest424@loadtest.example.com,9000000424,ai-ml,Load Test 5K,Hyderabad,Acme Corp
Ananya Sharma,loadtest425@loadtest.example.com,9000000425,,Load Test 5K,Bengaluru,Globex
Karthik Sharma,loadtest426@loadtest.example.com,9000000426,agentic-ai,Load Test 5K,Mumbai,Initech
Sneha Nair,loadtest427@loadtest.example.com,9000000427,ai-ml,Load Test 5K,Pune,Hooli
Arjun Nair,loadtest428@loadtest.example.com,9000000428,,Load Test 5K,Chennai,Umbrella
Divya Nair,loadtest429@loadtest.example.com,9000000429,agentic-ai,Load Test 5K,Delhi,Stark Industries
Rahul Nair,loadtest430@loadtest.example.com,9000000430,ai-ml,Load Test 5K,Kolkata,Wayne Enterprises
Pooja Nair,loadtest431@loadtest.example.com,9000000431,,Load Test 5K,Ahmedabad,Soylent
Aditya Nair,loadtest432@loadtest.example.com,9000000432,agentic-ai,Load Test 5K,Hyderabad,Acme Corp
Nisha Nair,loadtest433@loadtest.example.com,9000000433,ai-ml,Load Test 5K,Bengaluru,Globex
Sanjay Mehta,loadtest434@loadtest.example.com,9000000434,,Load Test 5K,Mumbai,Initech
Kavya Mehta,loadtest435@loadtest.example.com,9000000435,agentic-ai,Load Test 5K,Pune,Hooli
Manish Mehta,loadtest436@loadtest.example.com,9000000436,ai-ml,Load Test 5K,Chennai,Umbrella
Ritu Mehta,loadtest437@loadtest.example.com,9000000437,,Load Test 5K,Delhi,Stark Industries
Vivek Mehta,loadtest438@loadtest.example.com,9000000438,agentic-ai,Load Test 5K,Kolkata,Wayne Enterprises
Shreya Mehta,loadtest439@loadtest.example.com,9000000439,ai-ml,Load Test 5K,Ahmedabad,Soylent
Aarav Mehta,loadtest440@loadtest.example.com,9000000440,,Load Test 5K,Hyderabad,Acme Corp
Priya Iyer,loadtest441@loadtest.example.com,9000000441,agentic-ai,Load Test 5K,Bengaluru,Globex
Rohan Iyer,loadtest442@loadtest.example.com,9000000442,ai-ml,Load Test 5K,Mumbai,Initech
Meera Iyer,loadtest443@loadtest.example.com,9000000443,,Load Test 5K,Pune,Hooli
Vikram Iyer,loadtest444@loadtest.example.com,9000000444,agentic-ai,Load Test 5K,Chennai,Umbrella
Ananya Iyer,loadtest445@loadtest.example.com,9000000445,ai-ml,Load Test 5K,Delhi,Stark Industries
Karthik Iyer,loadtest446@loadtest.example.com,9000000446,,Load Test 5K,Kolkata,Wayne Enterprises
Sneha Iyer,loadtest447@loadtest.example.com,9000000447,agentic-ai,Load Test 5K,Ahmedabad,Soylent
Arjun Reddy,loadtest448@loadtest.example.com,9000000448,ai-ml,Load Test 5K,Hyderabad,Acme Corp
Divya Reddy,loadtest449@loadtest.example.com,9000000449,,Load Test 5K,Bengaluru,Globex
Rahul Reddy,loadtest450@loadtest.example.com,9000000450,agentic-ai,Load Test 5K,Mumbai,Initech
Pooja Reddy,loadtest451@loadtest.example.com,9000000451,ai-ml,Load Test 5K,Pune,Hooli
Aditya Reddy,loadtest452@loadtest.example.com,9000000452,,Load Test 5K,Chennai,Umbrella
Nisha Reddy,loadtest453@loadtest.example.com,9000000453,agentic-ai,Load Test 5K,Delhi,Stark Industries
Sanjay Reddy,loadtest454@loadtest.example.com,9000000454,ai-ml,Load Test 5K,Kolkata,Wayne Enterprises
Kavya Gupta,loadtest455@loadtest.example.com,9000000455,,Load Test 5K,Ahmedabad,Soylent
Manish Gupta,loadtest456@loadtest.example.com,9000000456,agentic-ai,Load Test 5K,Hyderabad,Acme Corp
Ritu Gupta,loadtest457@loadtest.example.com,9000000457,ai-ml,Load Test 5K,Bengaluru,Globex
Vivek Gupta,loadtest458@loadtest.example.com,9000000458,,Load Test 5K,Mumbai,Initech
Shreya Gupta,loadtest459@loadtest.example.com,9000000459,agentic-ai,Load Test 5K,Pune,Hooli
Aarav Gupta,loadtest460@loadtest.example.com,9000000460,ai-ml,Load Test 5K,Chennai,Umbrella
Priya Gupta,loadtest461@loadtest.example.com,9000000461,,Load Test 5K,Delhi,Stark Industries
Rohan Patel,loadtest462@loadtest.example.com,9000000462,agentic-ai,Load Test 5K,Kolkata,Wayne Enterprises
Meera Patel,loadtest463@loadtest.example.com,9000000463,ai-ml,Load Test 5K,Ahmedabad,Soylent
Vikram Patel,loadtest464@loadtest.example.com,9000000464,,Load Test 5K,Hyderabad,Acme Corp
Ananya Patel,loadtest465@loadtest.example.com,9000000465,agentic-ai,Load Test 5K,Bengaluru,Globex
Karthik Patel,loadtest466@loadtest.example.com,9000000466,ai-ml,Load Test 5K,Mumbai,Initech
Sneha Patel,loadtest467@loadtest.example.com,9000000467,,Load Test 5K,Pune,Hooli
Arjun Patel,loadtest468@loadtest.example.com,9000000468,agentic-ai,Load Test 5K,Chennai,Umbrella
Divya Rao,loadtest469@loadtest.example.com,9000000469,ai-ml,Load Test 5K,Delhi,Stark Industries
Rahul Rao,loadtest470@loadtest.example.com,9000000470,,Load Test 5K,Kolkata,Wayne Enterprises
Pooja Rao,loadtest471@loadtest.example.com,9000000471,agentic-ai,Load Test 5K,Ahmedabad,Soylent
Aditya Rao,loadtest472@loadtest.example.com,9000000472,ai-ml,Load Test 5K,Hyderabad,Acme Corp
Nisha Rao,loadtest473@loadtest.example.com,9000000473,,Load Test 5K,Bengaluru,Globex
Sanjay Rao,loadtest474@loadtest.example.com,9000000474,agentic-ai,Load Test 5K,Mumbai,Initech
Kavya Rao,loadtest475@loadtest.example.com,9000000475,ai-ml,Load Test 5K,Pune,Hooli
Manish Singh,loadtest476@loadtest.example.com,9000000476,,Load Test 5K,Chennai,Umbrella
Ritu Singh,loadtest477@loadtest.example.com,9000000477,agentic-ai,Load Test 5K,Delhi,Stark Industries
Vivek Singh,loadtest478@loadtest.example.com,9000000478,ai-ml,Load Test 5K,Kolkata,Wayne Enterprises
Shreya Singh,loadtest479@loadtest.example.com,9000000479,,Load Test 5K,Ahmedabad,Soylent
Aarav Singh,loadtest480@loadtest.example.com,9000000480,agentic-ai,Load Test 5K,Hyderabad,Acme Corp
Priya Singh,loadtest481@loadtest.example.com,9000000481,ai-ml,Load Test 5K,Bengaluru,Globex
Rohan Singh,loadtest482@loadtest.example.com,9000000482,,Load Test 5K,Mumbai,Initech
Meera Joshi,loadtest483@loadtest.example.com,9000000483,agentic-ai,Load Test 5K,Pune,Hooli
Vikram Joshi,loadtest484@loadtest.example.com,9000000484,ai-ml,Load Test 5K,Chennai,Umbrella
Ananya Joshi,loadtest485@loadtest.example.com,9000000485,,Load Test 5K,Delhi,Stark Industries
Karthik Joshi,loadtest486@loadtest.example.com,9000000486,agentic-ai,Load Test 5K,Kolkata,Wayne Enterprises
Sneha Joshi,loadtest487@loadtest.example.com,9000000487,ai-ml,Load Test 5K,Ahmedabad,Soylent
Arjun Joshi,loadtest488@loadtest.example.com,9000000488,,Load Test 5K,Hyderabad,Acme Corp
Divya Joshi,loadtest489@loadtest.example.com,9000000489,agentic-ai,Load Test 5K,Bengaluru,Globex
Rahul Kumar,loadtest490@loadtest.example.com,9000000490,ai-ml,Load Test 5K,Mumbai,Initech
Pooja Kumar,loadtest491@loadtest.example.com,9000000491,,Load Test 5K,Pune,Hooli
Aditya Kumar,loadtest492@loadtest.example.com,9000000492,agentic-ai,Load Test 5K,Chennai,Umbrella
Nisha Kumar,loadtest493@loadtest.example.com,9000000493,ai-ml,Load Test 5K,Delhi,Stark Industries
Sanjay Kumar,loadtest494@loadtest.example.com,9000000494,,Load Test 5K,Kolkata,Wayne Enterprises
Kavya Kumar,loadtest495@loadtest.example.com,9000000495,agentic-ai,Load Test 5K,Ahmedabad,Soylent
Manish Kumar,loadtest496@loadtest.example.com,9000000496,ai-ml,Load Test 5K,Hyderabad,Acme Corp
Ritu Desai,loadtest497@loadtest.example.com,9000000497,,Load Test 5K,Bengaluru,Globex
Vivek Desai,loadtest498@loadtest.example.com,9000000498,agentic-ai,Load Test 5K,Mumbai,Initech
Shreya Desai,loadtest499@loadtest.example.com,9000000499,ai-ml,Load Test 5K,Pune,Hooli
Aarav Desai,loadtest500@loadtest.example.com,9000000500,,Load Test 5K,Chennai,Umbrella
Priya Desai,loadtest501@loadtest.example.com,9000000501,agentic-ai,Load Test 5K,Delhi,Stark Industries
Rohan Desai,loadtest502@loadtest.example.com,9000000502,ai-ml,Load Test 5K,Kolkata,Wayne Enterprises
Meera Desai,loadtest503@loadtest.example.com,9000000503,,Load Test 5K,Ahmedabad,Soylent
Vikram Pillai,loadtest504@loadtest.example.com,9000000504,agentic-ai,Load Test 5K,Hyderabad,Acme Corp
Ananya Pillai,loadtest505@loadtest.example.com,9000000505,ai-ml,Load Test 5K,Bengaluru,Globex
Karthik Pillai,loadtest506@loadtest.example.com,9000000506,,Load Test 5K,Mumbai,Initech
Sneha Pillai,loadtest507@loadtest.example.com,9000000507,agentic-ai,Load Test 5K,Pune,Hooli
Arjun Pillai,loadtest508@loadtest.example.com,9000000508,ai-ml,Load Test 5K,Chennai,Umbrella
Divya Pillai,loadtest509@loadtest.example.com,9000000509,,Load Test 5K,Delhi,Stark Industries
Rahul Pillai,loadtest510@loadtest.example.com,9000000510,agentic-ai,Load Test 5K,Kolkata,Wayne Enterprises
Pooja Bose,loadtest511@loadtest.example.com,9000000511,ai-ml,Load Test 5K,Ahmedabad,Soylent
Aditya Bose,loadtest512@loadtest.example.com,9000000512,,Load Test 5K,Hyderabad,Acme Corp
Nisha Bose,loadtest513@loadtest.example.com,9000000513,agentic-ai,Load Test 5K,Bengaluru,Globex
Sanjay Bose,loadtest514@loadtest.example.com,9000000514,ai-ml,Load Test 5K,Mumbai,Initech
Kavya Bose,loadtest515@loadtest.example.com,9000000515,,Load Test 5K,Pune,Hooli
Manish Bose,loadtest516@loadtest.example.com,9000000516,agentic-ai,Load Test 5K,Chennai,Umbrella
Ritu Bose,loadtest517@loadtest.example.com,9000000517,ai-ml,Load Test 5K,Delhi,Stark Industries
Vivek Menon,loadtest518@loadtest.example.com,9000000518,,Load Test 5K,Kolkata,Wayne Enterprises
Shreya Menon,loadtest519@loadtest.example.com,9000000519,agentic-ai,Load Test 5K,Ahmedabad,Soylent
Aarav Menon,loadtest520@loadtest.example.com,9000000520,ai-ml,Load Test 5K,Hyderabad,Acme Corp
Priya Menon,loadtest521@loadtest.example.com,9000000521,,Load Test 5K,Bengaluru,Globex
Rohan Menon,loadtest522@loadtest.example.com,9000000522,agentic-ai,Load Test 5K,Mumbai,Initech
Meera Menon,loadtest523@loadtest.example.com,9000000523,ai-ml,Load Test 5K,Pune,Hooli
Vikram Menon,loadtest524@loadtest.example.com,9000000524,,Load Test 5K,Chennai,Umbrella
Ananya Chopra,loadtest525@loadtest.example.com,9000000525,agentic-ai,Load Test 5K,Delhi,Stark Industries
Karthik Chopra,loadtest526@loadtest.example.com,9000000526,ai-ml,Load Test 5K,Kolkata,Wayne Enterprises
Sneha Chopra,loadtest527@loadtest.example.com,9000000527,,Load Test 5K,Ahmedabad,Soylent
Arjun Chopra,loadtest528@loadtest.example.com,9000000528,agentic-ai,Load Test 5K,Hyderabad,Acme Corp
Divya Chopra,loadtest529@loadtest.example.com,9000000529,ai-ml,Load Test 5K,Bengaluru,Globex
Rahul Chopra,loadtest530@loadtest.example.com,9000000530,,Load Test 5K,Mumbai,Initech
Pooja Chopra,loadtest531@loadtest.example.com,9000000531,agentic-ai,Load Test 5K,Pune,Hooli
Aditya Verma,loadtest532@loadtest.example.com,9000000532,ai-ml,Load Test 5K,Chennai,Umbrella
Nisha Verma,loadtest533@loadtest.example.com,9000000533,,Load Test 5K,Delhi,Stark Industries
Sanjay Verma,loadtest534@loadtest.example.com,9000000534,agentic-ai,Load Test 5K,Kolkata,Wayne Enterprises
Kavya Verma,loadtest535@loadtest.example.com,9000000535,ai-ml,Load Test 5K,Ahmedabad,Soylent
Manish Verma,loadtest536@loadtest.example.com,9000000536,,Load Test 5K,Hyderabad,Acme Corp
Ritu Verma,loadtest537@loadtest.example.com,9000000537,agentic-ai,Load Test 5K,Bengaluru,Globex
Vivek Verma,loadtest538@loadtest.example.com,9000000538,ai-ml,Load Test 5K,Mumbai,Initech
Shreya Shetty,loadtest539@loadtest.example.com,9000000539,,Load Test 5K,Pune,Hooli
Aarav Shetty,loadtest540@loadtest.example.com,9000000540,agentic-ai,Load Test 5K,Chennai,Umbrella
Priya Shetty,loadtest541@loadtest.example.com,9000000541,ai-ml,Load Test 5K,Delhi,Stark Industries
Rohan Shetty,loadtest542@loadtest.example.com,9000000542,,Load Test 5K,Kolkata,Wayne Enterprises
Meera Shetty,loadtest543@loadtest.example.com,9000000543,agentic-ai,Load Test 5K,Ahmedabad,Soylent
Vikram Shetty,loadtest544@loadtest.example.com,9000000544,ai-ml,Load Test 5K,Hyderabad,Acme Corp
Ananya Shetty,loadtest545@loadtest.example.com,9000000545,,Load Test 5K,Bengaluru,Globex
Karthik Banerjee,loadtest546@loadtest.example.com,9000000546,agentic-ai,Load Test 5K,Mumbai,Initech
Sneha Banerjee,loadtest547@loadtest.example.com,9000000547,ai-ml,Load Test 5K,Pune,Hooli
Arjun Banerjee,loadtest548@loadtest.example.com,9000000548,,Load Test 5K,Chennai,Umbrella
Divya Banerjee,loadtest549@loadtest.example.com,9000000549,agentic-ai,Load Test 5K,Delhi,Stark Industries
Rahul Banerjee,loadtest550@loadtest.example.com,9000000550,ai-ml,Load Test 5K,Kolkata,Wayne Enterprises
Pooja Banerjee,loadtest551@loadtest.example.com,9000000551,,Load Test 5K,Ahmedabad,Soylent
Aditya Banerjee,loadtest552@loadtest.example.com,9000000552,agentic-ai,Load Test 5K,Hyderabad,Acme Corp
Nisha Kapoor,loadtest553@loadtest.example.com,9000000553,ai-ml,Load Test 5K,Bengaluru,Globex
Sanjay Kapoor,loadtest554@loadtest.example.com,9000000554,,Load Test 5K,Mumbai,Initech
Kavya Kapoor,loadtest555@loadtest.example.com,9000000555,agentic-ai,Load Test 5K,Pune,Hooli
Manish Kapoor,loadtest556@loadtest.example.com,9000000556,ai-ml,Load Test 5K,Chennai,Umbrella
Ritu Kapoor,loadtest557@loadtest.example.com,9000000557,,Load Test 5K,Delhi,Stark Industries
Vivek Kapoor,loadtest558@loadtest.example.com,9000000558,agentic-ai,Load Test 5K,Kolkata,Wayne Enterprises
Shreya Kapoor,loadtest559@loadtest.example.com,9000000559,ai-ml,Load Test 5K,Ahmedabad,Soylent
Aarav Sharma,loadtest560@loadtest.example.com,9000000560,,Load Test 5K,Hyderabad,Acme Corp
Priya Sharma,loadtest561@loadtest.example.com,9000000561,agentic-ai,Load Test 5K,Bengaluru,Globex
Rohan Sharma,loadtest562@loadtest.example.com,9000000562,ai-ml,Load Test 5K,Mumbai,Initech
Meera Sharma,loadtest563@loadtest.example.com,9000000563,,Load Test 5K,Pune,Hooli
Vikram Sharma,loadtest564@loadtest.example.com,9000000564,agentic-ai,Load Test 5K,Chennai,Umbrella
Ananya Sharma,loadtest565@loadtest.example.com,9000000565,ai-ml,Load Test 5K,Delhi,Stark Industries
Karthik Sharma,loadtest566@loadtest.example.com,9000000566,,Load Test 5K,Kolkata,Wayne Enterprises
Sneha Nair,loadtest567@loadtest.example.com,9000000567,agentic-ai,Load Test 5K,Ahmedabad,Soylent
Arjun Nair,loadtest568@loadtest.example.com,9000000568,ai-ml,Load Test 5K,Hyderabad,Acme Corp
Divya Nair,loadtest569@loadtest.example.com,9000000569,,Load Test 5K,Bengaluru,Globex
Rahul Nair,loadtest570@loadtest.example.com,9000000570,agentic-ai,Load Test 5K,Mumbai,Initech
Pooja Nair,loadtest571@loadtest.example.com,9000000571,ai-ml,Load Test 5K,Pune,Hooli
Aditya Nair,loadtest572@loadtest.example.com,9000000572,,Load Test 5K,Chennai,Umbrella
Nisha Nair,loadtest573@loadtest.example.com,9000000573,agentic-ai,Load Test 5K,Delhi,Stark Industries
Sanjay Mehta,loadtest574@loadtest.example.com,9000000574,ai-ml,Load Test 5K,Kolkata,Wayne Enterprises
Kavya Mehta,loadtest575@loadtest.example.com,9000000575,,Load Test 5K,Ahmedabad,Soylent
Manish Mehta,loadtest576@loadtest.example.com,9000000576,agentic-ai,Load Test 5K,Hyderabad,Acme Corp
Ritu Mehta,loadtest577@loadtest.example.com,9000000577,ai-ml,Load Test 5K,Bengaluru,Globex
Vivek Mehta,loadtest578@loadtest.example.com,9000000578,,Load Test 5K,Mumbai,Initech
Shreya Mehta,loadtest579@loadtest.example.com,9000000579,agentic-ai,Load Test 5K,Pune,Hooli
Aarav Mehta,loadtest580@loadtest.example.com,9000000580,ai-ml,Load Test 5K,Chennai,Umbrella
Priya Iyer,loadtest581@loadtest.example.com,9000000581,,Load Test 5K,Delhi,Stark Industries
Rohan Iyer,loadtest582@loadtest.example.com,9000000582,agentic-ai,Load Test 5K,Kolkata,Wayne Enterprises
Meera Iyer,loadtest583@loadtest.example.com,9000000583,ai-ml,Load Test 5K,Ahmedabad,Soylent
Vikram Iyer,loadtest584@loadtest.example.com,9000000584,,Load Test 5K,Hyderabad,Acme Corp
Ananya Iyer,loadtest585@loadtest.example.com,9000000585,agentic-ai,Load Test 5K,Bengaluru,Globex
Karthik Iyer,loadtest586@loadtest.example.com,9000000586,ai-ml,Load Test 5K,Mumbai,Initech
Sneha Iyer,loadtest587@loadtest.example.com,9000000587,,Load Test 5K,Pune,Hooli
Arjun Reddy,loadtest588@loadtest.example.com,9000000588,agentic-ai,Load Test 5K,Chennai,Umbrella
Divya Reddy,loadtest589@loadtest.example.com,9000000589,ai-ml,Load Test 5K,Delhi,Stark Industries
Rahul Reddy,loadtest590@loadtest.example.com,9000000590,,Load Test 5K,Kolkata,Wayne Enterprises
Pooja Reddy,loadtest591@loadtest.example.com,9000000591,agentic-ai,Load Test 5K,Ahmedabad,Soylent
Aditya Reddy,loadtest592@loadtest.example.com,9000000592,ai-ml,Load Test 5K,Hyderabad,Acme Corp
Nisha Reddy,loadtest593@loadtest.example.com,9000000593,,Load Test 5K,Bengaluru,Globex
Sanjay Reddy,loadtest594@loadtest.example.com,9000000594,agentic-ai,Load Test 5K,Mumbai,Initech
Kavya Gupta,loadtest595@loadtest.example.com,9000000595,ai-ml,Load Test 5K,Pune,Hooli
Manish Gupta,loadtest596@loadtest.example.com,9000000596,,Load Test 5K,Chennai,Umbrella
Ritu Gupta,loadtest597@loadtest.example.com,9000000597,agentic-ai,Load Test 5K,Delhi,Stark Industries
Vivek Gupta,loadtest598@loadtest.example.com,9000000598,ai-ml,Load Test 5K,Kolkata,Wayne Enterprises
Shreya Gupta,loadtest599@loadtest.example.com,9000000599,,Load Test 5K,Ahmedabad,Soylent
Aarav Gupta,loadtest600@loadtest.example.com,9000000600,agentic-ai,Load Test 5K,Hyderabad,Acme Corp
Priya Gupta,loadtest601@loadtest.example.com,9000000601,ai-ml,Load Test 5K,Bengaluru,Globex
Rohan Patel,loadtest602@loadtest.example.com,9000000602,,Load Test 5K,Mumbai,Initech
Meera Patel,loadtest603@loadtest.example.com,9000000603,agentic-ai,Load Test 5K,Pune,Hooli
Vikram Patel,loadtest604@loadtest.example.com,9000000604,ai-ml,Load Test 5K,Chennai,Umbrella
Ananya Patel,loadtest605@loadtest.example.com,9000000605,,Load Test 5K,Delhi,Stark Industries
Karthik Patel,loadtest606@loadtest.example.com,9000000606,agentic-ai,Load Test 5K,Kolkata,Wayne Enterprises
Sneha Patel,loadtest607@loadtest.example.com,9000000607,ai-ml,Load Test 5K,Ahmedabad,Soylent
Arjun Patel,loadtest608@loadtest.example.com,9000000608,,Load Test 5K,Hyderabad,Acme Corp
Divya Rao,loadtest609@loadtest.example.com,9000000609,agentic-ai,Load Test 5K,Bengaluru,Globex
Rahul Rao,loadtest610@loadtest.example.com,9000000610,ai-ml,Load Test 5K,Mumbai,Initech
Pooja Rao,loadtest611@loadtest.example.com,9000000611,,Load Test 5K,Pune,Hooli
Aditya Rao,loadtest612@loadtest.example.com,9000000612,agentic-ai,Load Test 5K,Chennai,Umbrella
Nisha Rao,loadtest613@loadtest.example.com,9000000613,ai-ml,Load Test 5K,Delhi,Stark Industries
Sanjay Rao,loadtest614@loadtest.example.com,9000000614,,Load Test 5K,Kolkata,Wayne Enterprises
Kavya Rao,loadtest615@loadtest.example.com,9000000615,agentic-ai,Load Test 5K,Ahmedabad,Soylent
Manish Singh,loadtest616@loadtest.example.com,9000000616,ai-ml,Load Test 5K,Hyderabad,Acme Corp
Ritu Singh,loadtest617@loadtest.example.com,9000000617,,Load Test 5K,Bengaluru,Globex
Vivek Singh,loadtest618@loadtest.example.com,9000000618,agentic-ai,Load Test 5K,Mumbai,Initech
Shreya Singh,loadtest619@loadtest.example.com,9000000619,ai-ml,Load Test 5K,Pune,Hooli
Aarav Singh,loadtest620@loadtest.example.com,9000000620,,Load Test 5K,Chennai,Umbrella
Priya Singh,loadtest621@loadtest.example.com,9000000621,agentic-ai,Load Test 5K,Delhi,Stark Industries
Rohan Singh,loadtest622@loadtest.example.com,9000000622,ai-ml,Load Test 5K,Kolkata,Wayne Enterprises
Meera Joshi,loadtest623@loadtest.example.com,9000000623,,Load Test 5K,Ahmedabad,Soylent
Vikram Joshi,loadtest624@loadtest.example.com,9000000624,agentic-ai,Load Test 5K,Hyderabad,Acme Corp
Ananya Joshi,loadtest625@loadtest.example.com,9000000625,ai-ml,Load Test 5K,Bengaluru,Globex
Karthik Joshi,loadtest626@loadtest.example.com,9000000626,,Load Test 5K,Mumbai,Initech
Sneha Joshi,loadtest627@loadtest.example.com,9000000627,agentic-ai,Load Test 5K,Pune,Hooli
Arjun Joshi,loadtest628@loadtest.example.com,9000000628,ai-ml,Load Test 5K,Chennai,Umbrella
Divya Joshi,loadtest629@loadtest.example.com,9000000629,,Load Test 5K,Delhi,Stark Industries
Rahul Kumar,loadtest630@loadtest.example.com,9000000630,agentic-ai,Load Test 5K,Kolkata,Wayne Enterprises
Pooja Kumar,loadtest631@loadtest.example.com,9000000631,ai-ml,Load Test 5K,Ahmedabad,Soylent
Aditya Kumar,loadtest632@loadtest.example.com,9000000632,,Load Test 5K,Hyderabad,Acme Corp
Nisha Kumar,loadtest633@loadtest.example.com,9000000633,agentic-ai,Load Test 5K,Bengaluru,Globex
Sanjay Kumar,loadtest634@loadtest.example.com,9000000634,ai-ml,Load Test 5K,Mumbai,Initech
Kavya Kumar,loadtest635@loadtest.example.com,9000000635,,Load Test 5K,Pune,Hooli
Manish Kumar,loadtest636@loadtest.example.com,9000000636,agentic-ai,Load Test 5K,Chennai,Umbrella
Ritu Desai,loadtest637@loadtest.example.com,9000000637,ai-ml,Load Test 5K,Delhi,Stark Industries
Vivek Desai,loadtest638@loadtest.example.com,9000000638,,Load Test 5K,Kolkata,Wayne Enterprises
Shreya Desai,loadtest639@loadtest.example.com,9000000639,agentic-ai,Load Test 5K,Ahmedabad,Soylent
Aarav Desai,loadtest640@loadtest.example.com,9000000640,ai-ml,Load Test 5K,Hyderabad,Acme Corp
Priya Desai,loadtest641@loadtest.example.com,9000000641,,Load Test 5K,Bengaluru,Globex
Rohan Desai,loadtest642@loadtest.example.com,9000000642,agentic-ai,Load Test 5K,Mumbai,Initech
Meera Desai,loadtest643@loadtest.example.com,9000000643,ai-ml,Load Test 5K,Pune,Hooli
Vikram Pillai,loadtest644@loadtest.example.com,9000000644,,Load Test 5K,Chennai,Umbrella
Ananya Pillai,loadtest645@loadtest.example.com,9000000645,agentic-ai,Load Test 5K,Delhi,Stark Industries
Karthik Pillai,loadtest646@loadtest.example.com,9000000646,ai-ml,Load Test 5K,Kolkata,Wayne Enterprises
Sneha Pillai,loadtest647@loadtest.example.com,9000000647,,Load Test 5K,Ahmedabad,Soylent
Arjun Pillai,loadtest648@loadtest.example.com,9000000648,agentic-ai,Load Test 5K,Hyderabad,Acme Corp
Divya Pillai,loadtest649@loadtest.example.com,9000000649,ai-ml,Load Test 5K,Bengaluru,Globex
Rahul Pillai,loadtest650@loadtest.example.com,9000000650,,Load Test 5K,Mumbai,Initech
Pooja Bose,loadtest651@loadtest.example.com,9000000651,agentic-ai,Load Test 5K,Pune,Hooli
Aditya Bose,loadtest652@loadtest.example.com,9000000652,ai-ml,Load Test 5K,Chennai,Umbrella
Nisha Bose,loadtest653@loadtest.example.com,9000000653,,Load Test 5K,Delhi,Stark Industries
Sanjay Bose,loadtest654@loadtest.example.com,9000000654,agentic-ai,Load Test 5K,Kolkata,Wayne Enterprises
Kavya Bose,loadtest655@loadtest.example.com,9000000655,ai-ml,Load Test 5K,Ahmedabad,Soylent
Manish Bose,loadtest656@loadtest.example.com,9000000656,,Load Test 5K,Hyderabad,Acme Corp
Ritu Bose,loadtest657@loadtest.example.com,9000000657,agentic-ai,Load Test 5K,Bengaluru,Globex
Vivek Menon,loadtest658@loadtest.example.com,9000000658,ai-ml,Load Test 5K,Mumbai,Initech
Shreya Menon,loadtest659@loadtest.example.com,9000000659,,Load Test 5K,Pune,Hooli
Aarav Menon,loadtest660@loadtest.example.com,9000000660,agentic-ai,Load Test 5K,Chennai,Umbrella
Priya Menon,loadtest661@loadtest.example.com,9000000661,ai-ml,Load Test 5K,Delhi,Stark Industries
Rohan Menon,loadtest662@loadtest.example.com,9000000662,,Load Test 5K,Kolkata,Wayne Enterprises
Meera Menon,loadtest663@loadtest.example.com,9000000663,agentic-ai,Load Test 5K,Ahmedabad,Soylent
Vikram Menon,loadtest664@loadtest.example.com,9000000664,ai-ml,Load Test 5K,Hyderabad,Acme Corp
Ananya Chopra,loadtest665@loadtest.example.com,9000000665,,Load Test 5K,Bengaluru,Globex
Karthik Chopra,loadtest666@loadtest.example.com,9000000666,agentic-ai,Load Test 5K,Mumbai,Initech
Sneha Chopra,loadtest667@loadtest.example.com,9000000667,ai-ml,Load Test 5K,Pune,Hooli
Arjun Chopra,loadtest668@loadtest.example.com,9000000668,,Load Test 5K,Chennai,Umbrella
Divya Chopra,loadtest669@loadtest.example.com,9000000669,agentic-ai,Load Test 5K,Delhi,Stark Industries
Rahul Chopra,loadtest670@loadtest.example.com,9000000670,ai-ml,Load Test 5K,Kolkata,Wayne Enterprises
Pooja Chopra,loadtest671@loadtest.example.com,9000000671,,Load Test 5K,Ahmedabad,Soylent
Aditya Verma,loadtest672@loadtest.example.com,9000000672,agentic-ai,Load Test 5K,Hyderabad,Acme Corp
Nisha Verma,loadtest673@loadtest.example.com,9000000673,ai-ml,Load Test 5K,Bengaluru,Globex
Sanjay Verma,loadtest674@loadtest.example.com,9000000674,,Load Test 5K,Mumbai,Initech
Kavya Verma,loadtest675@loadtest.example.com,9000000675,agentic-ai,Load Test 5K,Pune,Hooli
Manish Verma,loadtest676@loadtest.example.com,9000000676,ai-ml,Load Test 5K,Chennai,Umbrella
Ritu Verma,loadtest677@loadtest.example.com,9000000677,,Load Test 5K,Delhi,Stark Industries
Vivek Verma,loadtest678@loadtest.example.com,9000000678,agentic-ai,Load Test 5K,Kolkata,Wayne Enterprises
Shreya Shetty,loadtest679@loadtest.example.com,9000000679,ai-ml,Load Test 5K,Ahmedabad,Soylent
Aarav Shetty,loadtest680@loadtest.example.com,9000000680,,Load Test 5K,Hyderabad,Acme Corp
Priya Shetty,loadtest681@loadtest.example.com,9000000681,agentic-ai,Load Test 5K,Bengaluru,Globex
Rohan Shetty,loadtest682@loadtest.example.com,9000000682,ai-ml,Load Test 5K,Mumbai,Initech
Meera Shetty,loadtest683@loadtest.example.com,9000000683,,Load Test 5K,Pune,Hooli
Vikram Shetty,loadtest684@loadtest.example.com,9000000684,agentic-ai,Load Test 5K,Chennai,Umbrella
Ananya Shetty,loadtest685@loadtest.example.com,9000000685,ai-ml,Load Test 5K,Delhi,Stark Industries
Karthik Banerjee,loadtest686@loadtest.example.com,9000000686,,Load Test 5K,Kolkata,Wayne Enterprises
Sneha Banerjee,loadtest687@loadtest.example.com,9000000687,agentic-ai,Load Test 5K,Ahmedabad,Soylent
Arjun Banerjee,loadtest688@loadtest.example.com,9000000688,ai-ml,Load Test 5K,Hyderabad,Acme Corp
Divya Banerjee,loadtest689@loadtest.example.com,9000000689,,Load Test 5K,Bengaluru,Globex
Rahul Banerjee,loadtest690@loadtest.example.com,9000000690,agentic-ai,Load Test 5K,Mumbai,Initech
Pooja Banerjee,loadtest691@loadtest.example.com,9000000691,ai-ml,Load Test 5K,Pune,Hooli
Aditya Banerjee,loadtest692@loadtest.example.com,9000000692,,Load Test 5K,Chennai,Umbrella
Nisha Kapoor,loadtest693@loadtest.example.com,9000000693,agentic-ai,Load Test 5K,Delhi,Stark Industries
Sanjay Kapoor,loadtest694@loadtest.example.com,9000000694,ai-ml,Load Test 5K,Kolkata,Wayne Enterprises
Kavya Kapoor,loadtest695@loadtest.example.com,9000000695,,Load Test 5K,Ahmedabad,Soylent
Manish Kapoor,loadtest696@loadtest.example.com,9000000696,agentic-ai,Load Test 5K,Hyderabad,Acme Corp
Ritu Kapoor,loadtest697@loadtest.example.com,9000000697,ai-ml,Load Test 5K,Bengaluru,Globex
Vivek Kapoor,loadtest698@loadtest.example.com,9000000698,,Load Test 5K,Mumbai,Initech
Shreya Kapoor,loadtest699@loadtest.example.com,9000000699,agentic-ai,Load Test 5K,Pune,Hooli
Aarav Sharma,loadtest700@loadtest.example.com,9000000700,ai-ml,Load Test 5K,Chennai,Umbrella
Priya Sharma,loadtest701@loadtest.example.com,9000000701,,Load Test 5K,Delhi,Stark Industries
Rohan Sharma,loadtest702@loadtest.example.com,9000000702,agentic-ai,Load Test 5K,Kolkata,Wayne Enterprises
Meera Sharma,loadtest703@loadtest.example.com,9000000703,ai-ml,Load Test 5K,Ahmedabad,Soylent
Vikram Sharma,loadtest704@loadtest.example.com,9000000704,,Load Test 5K,Hyderabad,Acme Corp
Ananya Sharma,loadtest705@loadtest.example.com,9000000705,agentic-ai,Load Test 5K,Bengaluru,Globex
Karthik Sharma,loadtest706@loadtest.example.com,9000000706,ai-ml,Load Test 5K,Mumbai,Initech
Sneha Nair,loadtest707@loadtest.example.com,9000000707,,Load Test 5K,Pune,Hooli
Arjun Nair,loadtest708@loadtest.example.com,9000000708,agentic-ai,Load Test 5K,Chennai,Umbrella
Divya Nair,loadtest709@loadtest.example.com,9000000709,ai-ml,Load Test 5K,Delhi,Stark Industries
Rahul Nair,loadtest710@loadtest.example.com,9000000710,,Load Test 5K,Kolkata,Wayne Enterprises
Pooja Nair,loadtest711@loadtest.example.com,9000000711,agentic-ai,Load Test 5K,Ahmedabad,Soylent
Aditya Nair,loadtest712@loadtest.example.com,9000000712,ai-ml,Load Test 5K,Hyderabad,Acme Corp
Nisha Nair,loadtest713@loadtest.example.com,9000000713,,Load Test 5K,Bengaluru,Globex
Sanjay Mehta,loadtest714@loadtest.example.com,9000000714,agentic-ai,Load Test 5K,Mumbai,Initech
Kavya Mehta,loadtest715@loadtest.example.com,9000000715,ai-ml,Load Test 5K,Pune,Hooli
Manish Mehta,loadtest716@loadtest.example.com,9000000716,,Load Test 5K,Chennai,Umbrella
Ritu Mehta,loadtest717@loadtest.example.com,9000000717,agentic-ai,Load Test 5K,Delhi,Stark Industries
Vivek Mehta,loadtest718@loadtest.example.com,9000000718,ai-ml,Load Test 5K,Kolkata,Wayne Enterprises
Shreya Mehta,loadtest719@loadtest.example.com,9000000719,,Load Test 5K,Ahmedabad,Soylent
Aarav Mehta,loadtest720@loadtest.example.com,9000000720,agentic-ai,Load Test 5K,Hyderabad,Acme Corp
Priya Iyer,loadtest721@loadtest.example.com,9000000721,ai-ml,Load Test 5K,Bengaluru,Globex
Rohan Iyer,loadtest722@loadtest.example.com,9000000722,,Load Test 5K,Mumbai,Initech
Meera Iyer,loadtest723@loadtest.example.com,9000000723,agentic-ai,Load Test 5K,Pune,Hooli
Vikram Iyer,loadtest724@loadtest.example.com,9000000724,ai-ml,Load Test 5K,Chennai,Umbrella
Ananya Iyer,loadtest725@loadtest.example.com,9000000725,,Load Test 5K,Delhi,Stark Industries
Karthik Iyer,loadtest726@loadtest.example.com,9000000726,agentic-ai,Load Test 5K,Kolkata,Wayne Enterprises
Sneha Iyer,loadtest727@loadtest.example.com,9000000727,ai-ml,Load Test 5K,Ahmedabad,Soylent
Arjun Reddy,loadtest728@loadtest.example.com,9000000728,,Load Test 5K,Hyderabad,Acme Corp
Divya Reddy,loadtest729@loadtest.example.com,9000000729,agentic-ai,Load Test 5K,Bengaluru,Globex
Rahul Reddy,loadtest730@loadtest.example.com,9000000730,ai-ml,Load Test 5K,Mumbai,Initech
Pooja Reddy,loadtest731@loadtest.example.com,9000000731,,Load Test 5K,Pune,Hooli
Aditya Reddy,loadtest732@loadtest.example.com,9000000732,agentic-ai,Load Test 5K,Chennai,Umbrella
Nisha Reddy,loadtest733@loadtest.example.com,9000000733,ai-ml,Load Test 5K,Delhi,Stark Industries
Sanjay Reddy,loadtest734@loadtest.example.com,9000000734,,Load Test 5K,Kolkata,Wayne Enterprises
Kavya Gupta,loadtest735@loadtest.example.com,9000000735,agentic-ai,Load Test 5K,Ahmedabad,Soylent
Manish Gupta,loadtest736@loadtest.example.com,9000000736,ai-ml,Load Test 5K,Hyderabad,Acme Corp
Ritu Gupta,loadtest737@loadtest.example.com,9000000737,,Load Test 5K,Bengaluru,Globex
Vivek Gupta,loadtest738@loadtest.example.com,9000000738,agentic-ai,Load Test 5K,Mumbai,Initech
Shreya Gupta,loadtest739@loadtest.example.com,9000000739,ai-ml,Load Test 5K,Pune,Hooli
Aarav Gupta,loadtest740@loadtest.example.com,9000000740,,Load Test 5K,Chennai,Umbrella
Priya Gupta,loadtest741@loadtest.example.com,9000000741,agentic-ai,Load Test 5K,Delhi,Stark Industries
Rohan Patel,loadtest742@loadtest.example.com,9000000742,ai-ml,Load Test 5K,Kolkata,Wayne Enterprises
Meera Patel,loadtest743@loadtest.example.com,9000000743,,Load Test 5K,Ahmedabad,Soylent
Vikram Patel,loadtest744@loadtest.example.com,9000000744,agentic-ai,Load Test 5K,Hyderabad,Acme Corp
Ananya Patel,loadtest745@loadtest.example.com,9000000745,ai-ml,Load Test 5K,Bengaluru,Globex
Karthik Patel,loadtest746@loadtest.example.com,9000000746,,Load Test 5K,Mumbai,Initech
Sneha Patel,loadtest747@loadtest.example.com,9000000747,agentic-ai,Load Test 5K,Pune,Hooli
Arjun Patel,loadtest748@loadtest.example.com,9000000748,ai-ml,Load Test 5K,Chennai,Umbrella
Divya Rao,loadtest749@loadtest.example.com,9000000749,,Load Test 5K,Delhi,Stark Industries
Rahul Rao,loadtest750@loadtest.example.com,9000000750,agentic-ai,Load Test 5K,Kolkata,Wayne Enterprises
Pooja Rao,loadtest751@loadtest.example.com,9000000751,ai-ml,Load Test 5K,Ahmedabad,Soylent
Aditya Rao,loadtest752@loadtest.example.com,9000000752,,Load Test 5K,Hyderabad,Acme Corp
Nisha Rao,loadtest753@loadtest.example.com,9000000753,agentic-ai,Load Test 5K,Bengaluru,Globex
Sanjay Rao,loadtest754@loadtest.example.com,9000000754,ai-ml,Load Test 5K,Mumbai,Initech
Kavya Rao,loadtest755@loadtest.example.com,9000000755,,Load Test 5K,Pune,Hooli
Manish Singh,loadtest756@loadtest.example.com,9000000756,agentic-ai,Load Test 5K,Chennai,Umbrella
Ritu Singh,loadtest757@loadtest.example.com,9000000757,ai-ml,Load Test 5K,Delhi,Stark Industries
Vivek Singh,loadtest758@loadtest.example.com,9000000758,,Load Test 5K,Kolkata,Wayne Enterprises
Shreya Singh,loadtest759@loadtest.example.com,9000000759,agentic-ai,Load Test 5K,Ahmedabad,Soylent
Aarav Singh,loadtest760@loadtest.example.com,9000000760,ai-ml,Load Test 5K,Hyderabad,Acme Corp
Priya Singh,loadtest761@loadtest.example.com,9000000761,,Load Test 5K,Bengaluru,Globex
Rohan Singh,loadtest762@loadtest.example.com,9000000762,agentic-ai,Load Test 5K,Mumbai,Initech
Meera Joshi,loadtest763@loadtest.example.com,9000000763,ai-ml,Load Test 5K,Pune,Hooli
Vikram Joshi,loadtest764@loadtest.example.com,9000000764,,Load Test 5K,Chennai,Umbrella
Ananya Joshi,loadtest765@loadtest.example.com,9000000765,agentic-ai,Load Test 5K,Delhi,Stark Industries
Karthik Joshi,loadtest766@loadtest.example.com,9000000766,ai-ml,Load Test 5K,Kolkata,Wayne Enterprises
Sneha Joshi,loadtest767@loadtest.example.com,9000000767,,Load Test 5K,Ahmedabad,Soylent
Arjun Joshi,loadtest768@loadtest.example.com,9000000768,agentic-ai,Load Test 5K,Hyderabad,Acme Corp
Divya Joshi,loadtest769@loadtest.example.com,9000000769,ai-ml,Load Test 5K,Bengaluru,Globex
Rahul Kumar,loadtest770@loadtest.example.com,9000000770,,Load Test 5K,Mumbai,Initech
Pooja Kumar,loadtest771@loadtest.example.com,9000000771,agentic-ai,Load Test 5K,Pune,Hooli
Aditya Kumar,loadtest772@loadtest.example.com,9000000772,ai-ml,Load Test 5K,Chennai,Umbrella
Nisha Kumar,loadtest773@loadtest.example.com,9000000773,,Load Test 5K,Delhi,Stark Industries
Sanjay Kumar,loadtest774@loadtest.example.com,9000000774,agentic-ai,Load Test 5K,Kolkata,Wayne Enterprises
Kavya Kumar,loadtest775@loadtest.example.com,9000000775,ai-ml,Load Test 5K,Ahmedabad,Soylent
Manish Kumar,loadtest776@loadtest.example.com,9000000776,,Load Test 5K,Hyderabad,Acme Corp
Ritu Desai,loadtest777@loadtest.example.com,9000000777,agentic-ai,Load Test 5K,Bengaluru,Globex
Vivek Desai,loadtest778@loadtest.example.com,9000000778,ai-ml,Load Test 5K,Mumbai,Initech
Shreya Desai,loadtest779@loadtest.example.com,9000000779,,Load Test 5K,Pune,Hooli
Aarav Desai,loadtest780@loadtest.example.com,9000000780,agentic-ai,Load Test 5K,Chennai,Umbrella
Priya Desai,loadtest781@loadtest.example.com,9000000781,ai-ml,Load Test 5K,Delhi,Stark Industries
Rohan Desai,loadtest782@loadtest.example.com,9000000782,,Load Test 5K,Kolkata,Wayne Enterprises
Meera Desai,loadtest783@loadtest.example.com,9000000783,agentic-ai,Load Test 5K,Ahmedabad,Soylent
Vikram Pillai,loadtest784@loadtest.example.com,9000000784,ai-ml,Load Test 5K,Hyderabad,Acme Corp
Ananya Pillai,loadtest785@loadtest.example.com,9000000785,,Load Test 5K,Bengaluru,Globex
Karthik Pillai,loadtest786@loadtest.example.com,9000000786,agentic-ai,Load Test 5K,Mumbai,Initech
Sneha Pillai,loadtest787@loadtest.example.com,9000000787,ai-ml,Load Test 5K,Pune,Hooli
Arjun Pillai,loadtest788@loadtest.example.com,9000000788,,Load Test 5K,Chennai,Umbrella
Divya Pillai,loadtest789@loadtest.example.com,9000000789,agentic-ai,Load Test 5K,Delhi,Stark Industries
Rahul Pillai,loadtest790@loadtest.example.com,9000000790,ai-ml,Load Test 5K,Kolkata,Wayne Enterprises
Pooja Bose,loadtest791@loadtest.example.com,9000000791,,Load Test 5K,Ahmedabad,Soylent
Aditya Bose,loadtest792@loadtest.example.com,9000000792,agentic-ai,Load Test 5K,Hyderabad,Acme Corp
Nisha Bose,loadtest793@loadtest.example.com,9000000793,ai-ml,Load Test 5K,Bengaluru,Globex
Sanjay Bose,loadtest794@loadtest.example.com,9000000794,,Load Test 5K,Mumbai,Initech
Kavya Bose,loadtest795@loadtest.example.com,9000000795,agentic-ai,Load Test 5K,Pune,Hooli
Manish Bose,loadtest796@loadtest.example.com,9000000796,ai-ml,Load Test 5K,Chennai,Umbrella
Ritu Bose,loadtest797@loadtest.example.com,9000000797,,Load Test 5K,Delhi,Stark Industries
Vivek Menon,loadtest798@loadtest.example.com,9000000798,agentic-ai,Load Test 5K,Kolkata,Wayne Enterprises
Shreya Menon,loadtest799@loadtest.example.com,9000000799,ai-ml,Load Test 5K,Ahmedabad,Soylent
Aarav Menon,loadtest800@loadtest.example.com,9000000800,,Load Test 5K,Hyderabad,Acme Corp
Priya Menon,loadtest801@loadtest.example.com,9000000801,agentic-ai,Load Test 5K,Bengaluru,Globex
Rohan Menon,loadtest802@loadtest.example.com,9000000802,ai-ml,Load Test 5K,Mumbai,Initech
Meera Menon,loadtest803@loadtest.example.com,9000000803,,Load Test 5K,Pune,Hooli
Vikram Menon,loadtest804@loadtest.example.com,9000000804,agentic-ai,Load Test 5K,Chennai,Umbrella
Ananya Chopra,loadtest805@loadtest.example.com,9000000805,ai-ml,Load Test 5K,Delhi,Stark Industries
Karthik Chopra,loadtest806@loadtest.example.com,9000000806,,Load Test 5K,Kolkata,Wayne Enterprises
Sneha Chopra,loadtest807@loadtest.example.com,9000000807,agentic-ai,Load Test 5K,Ahmedabad,Soylent
Arjun Chopra,loadtest808@loadtest.example.com,9000000808,ai-ml,Load Test 5K,Hyderabad,Acme Corp
Divya Chopra,loadtest809@loadtest.example.com,9000000809,,Load Test 5K,Bengaluru,Globex
Rahul Chopra,loadtest810@loadtest.example.com,9000000810,agentic-ai,Load Test 5K,Mumbai,Initech
Pooja Chopra,loadtest811@loadtest.example.com,9000000811,ai-ml,Load Test 5K,Pune,Hooli
Aditya Verma,loadtest812@loadtest.example.com,9000000812,,Load Test 5K,Chennai,Umbrella
Nisha Verma,loadtest813@loadtest.example.com,9000000813,agentic-ai,Load Test 5K,Delhi,Stark Industries
Sanjay Verma,loadtest814@loadtest.example.com,9000000814,ai-ml,Load Test 5K,Kolkata,Wayne Enterprises
Kavya Verma,loadtest815@loadtest.example.com,9000000815,,Load Test 5K,Ahmedabad,Soylent
Manish Verma,loadtest816@loadtest.example.com,9000000816,agentic-ai,Load Test 5K,Hyderabad,Acme Corp
Ritu Verma,loadtest817@loadtest.example.com,9000000817,ai-ml,Load Test 5K,Bengaluru,Globex
Vivek Verma,loadtest818@loadtest.example.com,9000000818,,Load Test 5K,Mumbai,Initech
Shreya Shetty,loadtest819@loadtest.example.com,9000000819,agentic-ai,Load Test 5K,Pune,Hooli
Aarav Shetty,loadtest820@loadtest.example.com,9000000820,ai-ml,Load Test 5K,Chennai,Umbrella
Priya Shetty,loadtest821@loadtest.example.com,9000000821,,Load Test 5K,Delhi,Stark Industries
Rohan Shetty,loadtest822@loadtest.example.com,9000000822,agentic-ai,Load Test 5K,Kolkata,Wayne Enterprises
Meera Shetty,loadtest823@loadtest.example.com,9000000823,ai-ml,Load Test 5K,Ahmedabad,Soylent
Vikram Shetty,loadtest824@loadtest.example.com,9000000824,,Load Test 5K,Hyderabad,Acme Corp
Ananya Shetty,loadtest825@loadtest.example.com,9000000825,agentic-ai,Load Test 5K,Bengaluru,Globex
Karthik Banerjee,loadtest826@loadtest.example.com,9000000826,ai-ml,Load Test 5K,Mumbai,Initech
Sneha Banerjee,loadtest827@loadtest.example.com,9000000827,,Load Test 5K,Pune,Hooli
Arjun Banerjee,loadtest828@loadtest.example.com,9000000828,agentic-ai,Load Test 5K,Chennai,Umbrella
Divya Banerjee,loadtest829@loadtest.example.com,9000000829,ai-ml,Load Test 5K,Delhi,Stark Industries
Rahul Banerjee,loadtest830@loadtest.example.com,9000000830,,Load Test 5K,Kolkata,Wayne Enterprises
Pooja Banerjee,loadtest831@loadtest.example.com,9000000831,agentic-ai,Load Test 5K,Ahmedabad,Soylent
Aditya Banerjee,loadtest832@loadtest.example.com,9000000832,ai-ml,Load Test 5K,Hyderabad,Acme Corp
Nisha Kapoor,loadtest833@loadtest.example.com,9000000833,,Load Test 5K,Bengaluru,Globex
Sanjay Kapoor,loadtest834@loadtest.example.com,9000000834,agentic-ai,Load Test 5K,Mumbai,Initech
Kavya Kapoor,loadtest835@loadtest.example.com,9000000835,ai-ml,Load Test 5K,Pune,Hooli
Manish Kapoor,loadtest836@loadtest.example.com,9000000836,,Load Test 5K,Chennai,Umbrella
Ritu Kapoor,loadtest837@loadtest.example.com,9000000837,agentic-ai,Load Test 5K,Delhi,Stark Industries
Vivek Kapoor,loadtest838@loadtest.example.com,9000000838,ai-ml,Load Test 5K,Kolkata,Wayne Enterprises
Shreya Kapoor,loadtest839@loadtest.example.com,9000000839,,Load Test 5K,Ahmedabad,Soylent
Aarav Sharma,loadtest840@loadtest.example.com,9000000840,agentic-ai,Load Test 5K,Hyderabad,Acme Corp
Priya Sharma,loadtest841@loadtest.example.com,9000000841,ai-ml,Load Test 5K,Bengaluru,Globex
Rohan Sharma,loadtest842@loadtest.example.com,9000000842,,Load Test 5K,Mumbai,Initech
Meera Sharma,loadtest843@loadtest.example.com,9000000843,agentic-ai,Load Test 5K,Pune,Hooli
Vikram Sharma,loadtest844@loadtest.example.com,9000000844,ai-ml,Load Test 5K,Chennai,Umbrella
Ananya Sharma,loadtest845@loadtest.example.com,9000000845,,Load Test 5K,Delhi,Stark Industries
Karthik Sharma,loadtest846@loadtest.example.com,9000000846,agentic-ai,Load Test 5K,Kolkata,Wayne Enterprises
Sneha Nair,loadtest847@loadtest.example.com,9000000847,ai-ml,Load Test 5K,Ahmedabad,Soylent
Arjun Nair,loadtest848@loadtest.example.com,9000000848,,Load Test 5K,Hyderabad,Acme Corp
Divya Nair,loadtest849@loadtest.example.com,9000000849,agentic-ai,Load Test 5K,Bengaluru,Globex
Rahul Nair,loadtest850@loadtest.example.com,9000000850,ai-ml,Load Test 5K,Mumbai,Initech
Pooja Nair,loadtest851@loadtest.example.com,9000000851,,Load Test 5K,Pune,Hooli
Aditya Nair,loadtest852@loadtest.example.com,9000000852,agentic-ai,Load Test 5K,Chennai,Umbrella
Nisha Nair,loadtest853@loadtest.example.com,9000000853,ai-ml,Load Test 5K,Delhi,Stark Industries
Sanjay Mehta,loadtest854@loadtest.example.com,9000000854,,Load Test 5K,Kolkata,Wayne Enterprises
Kavya Mehta,loadtest855@loadtest.example.com,9000000855,agentic-ai,Load Test 5K,Ahmedabad,Soylent
Manish Mehta,loadtest856@loadtest.example.com,9000000856,ai-ml,Load Test 5K,Hyderabad,Acme Corp
Ritu Mehta,loadtest857@loadtest.example.com,9000000857,,Load Test 5K,Bengaluru,Globex
Vivek Mehta,loadtest858@loadtest.example.com,9000000858,agentic-ai,Load Test 5K,Mumbai,Initech
Shreya Mehta,loadtest859@loadtest.example.com,9000000859,ai-ml,Load Test 5K,Pune,Hooli
Aarav Mehta,loadtest860@loadtest.example.com,9000000860,,Load Test 5K,Chennai,Umbrella
Priya Iyer,loadtest861@loadtest.example.com,9000000861,agentic-ai,Load Test 5K,Delhi,Stark Industries
Rohan Iyer,loadtest862@loadtest.example.com,9000000862,ai-ml,Load Test 5K,Kolkata,Wayne Enterprises
Meera Iyer,loadtest863@loadtest.example.com,9000000863,,Load Test 5K,Ahmedabad,Soylent
Vikram Iyer,loadtest864@loadtest.example.com,9000000864,agentic-ai,Load Test 5K,Hyderabad,Acme Corp
Ananya Iyer,loadtest865@loadtest.example.com,9000000865,ai-ml,Load Test 5K,Bengaluru,Globex
Karthik Iyer,loadtest866@loadtest.example.com,9000000866,,Load Test 5K,Mumbai,Initech
Sneha Iyer,loadtest867@loadtest.example.com,9000000867,agentic-ai,Load Test 5K,Pune,Hooli
Arjun Reddy,loadtest868@loadtest.example.com,9000000868,ai-ml,Load Test 5K,Chennai,Umbrella
Divya Reddy,loadtest869@loadtest.example.com,9000000869,,Load Test 5K,Delhi,Stark Industries
Rahul Reddy,loadtest870@loadtest.example.com,9000000870,agentic-ai,Load Test 5K,Kolkata,Wayne Enterprises
Pooja Reddy,loadtest871@loadtest.example.com,9000000871,ai-ml,Load Test 5K,Ahmedabad,Soylent
Aditya Reddy,loadtest872@loadtest.example.com,9000000872,,Load Test 5K,Hyderabad,Acme Corp
Nisha Reddy,loadtest873@loadtest.example.com,9000000873,agentic-ai,Load Test 5K,Bengaluru,Globex
Sanjay Reddy,loadtest874@loadtest.example.com,9000000874,ai-ml,Load Test 5K,Mumbai,Initech
Kavya Gupta,loadtest875@loadtest.example.com,9000000875,,Load Test 5K,Pune,Hooli
Manish Gupta,loadtest876@loadtest.example.com,9000000876,agentic-ai,Load Test 5K,Chennai,Umbrella
Ritu Gupta,loadtest877@loadtest.example.com,9000000877,ai-ml,Load Test 5K,Delhi,Stark Industries
Vivek Gupta,loadtest878@loadtest.example.com,9000000878,,Load Test 5K,Kolkata,Wayne Enterprises
Shreya Gupta,loadtest879@loadtest.example.com,9000000879,agentic-ai,Load Test 5K,Ahmedabad,Soylent
Aarav Gupta,loadtest880@loadtest.example.com,9000000880,ai-ml,Load Test 5K,Hyderabad,Acme Corp
Priya Gupta,loadtest881@loadtest.example.com,9000000881,,Load Test 5K,Bengaluru,Globex
Rohan Patel,loadtest882@loadtest.example.com,9000000882,agentic-ai,Load Test 5K,Mumbai,Initech
Meera Patel,loadtest883@loadtest.example.com,9000000883,ai-ml,Load Test 5K,Pune,Hooli
Vikram Patel,loadtest884@loadtest.example.com,9000000884,,Load Test 5K,Chennai,Umbrella
Ananya Patel,loadtest885@loadtest.example.com,9000000885,agentic-ai,Load Test 5K,Delhi,Stark Industries
Karthik Patel,loadtest886@loadtest.example.com,9000000886,ai-ml,Load Test 5K,Kolkata,Wayne Enterprises
Sneha Patel,loadtest887@loadtest.example.com,9000000887,,Load Test 5K,Ahmedabad,Soylent
Arjun Patel,loadtest888@loadtest.example.com,9000000888,agentic-ai,Load Test 5K,Hyderabad,Acme Corp
Divya Rao,loadtest889@loadtest.example.com,9000000889,ai-ml,Load Test 5K,Bengaluru,Globex
Rahul Rao,loadtest890@loadtest.example.com,9000000890,,Load Test 5K,Mumbai,Initech
Pooja Rao,loadtest891@loadtest.example.com,9000000891,agentic-ai,Load Test 5K,Pune,Hooli
Aditya Rao,loadtest892@loadtest.example.com,9000000892,ai-ml,Load Test 5K,Chennai,Umbrella
Nisha Rao,loadtest893@loadtest.example.com,9000000893,,Load Test 5K,Delhi,Stark Industries
Sanjay Rao,loadtest894@loadtest.example.com,9000000894,agentic-ai,Load Test 5K,Kolkata,Wayne Enterprises
Kavya Rao,loadtest895@loadtest.example.com,9000000895,ai-ml,Load Test 5K,Ahmedabad,Soylent
Manish Singh,loadtest896@loadtest.example.com,9000000896,,Load Test 5K,Hyderabad,Acme Corp
Ritu Singh,loadtest897@loadtest.example.com,9000000897,agentic-ai,Load Test 5K,Bengaluru,Globex
Vivek Singh,loadtest898@loadtest.example.com,9000000898,ai-ml,Load Test 5K,Mumbai,Initech
Shreya Singh,loadtest899@loadtest.example.com,9000000899,,Load Test 5K,Pune,Hooli
Aarav Singh,loadtest900@loadtest.example.com,9000000900,agentic-ai,Load Test 5K,Chennai,Umbrella
Priya Singh,loadtest901@loadtest.example.com,9000000901,ai-ml,Load Test 5K,Delhi,Stark Industries
Rohan Singh,loadtest902@loadtest.example.com,9000000902,,Load Test 5K,Kolkata,Wayne Enterprises
Meera Joshi,loadtest903@loadtest.example.com,9000000903,agentic-ai,Load Test 5K,Ahmedabad,Soylent
Vikram Joshi,loadtest904@loadtest.example.com,9000000904,ai-ml,Load Test 5K,Hyderabad,Acme Corp
Ananya Joshi,loadtest905@loadtest.example.com,9000000905,,Load Test 5K,Bengaluru,Globex
Karthik Joshi,loadtest906@loadtest.example.com,9000000906,agentic-ai,Load Test 5K,Mumbai,Initech
Sneha Joshi,loadtest907@loadtest.example.com,9000000907,ai-ml,Load Test 5K,Pune,Hooli
Arjun Joshi,loadtest908@loadtest.example.com,9000000908,,Load Test 5K,Chennai,Umbrella
Divya Joshi,loadtest909@loadtest.example.com,9000000909,agentic-ai,Load Test 5K,Delhi,Stark Industries
Rahul Kumar,loadtest910@loadtest.example.com,9000000910,ai-ml,Load Test 5K,Kolkata,Wayne Enterprises
Pooja Kumar,loadtest911@loadtest.example.com,9000000911,,Load Test 5K,Ahmedabad,Soylent
Aditya Kumar,loadtest912@loadtest.example.com,9000000912,agentic-ai,Load Test 5K,Hyderabad,Acme Corp
Nisha Kumar,loadtest913@loadtest.example.com,9000000913,ai-ml,Load Test 5K,Bengaluru,Globex
Sanjay Kumar,loadtest914@loadtest.example.com,9000000914,,Load Test 5K,Mumbai,Initech
Kavya Kumar,loadtest915@loadtest.example.com,9000000915,agentic-ai,Load Test 5K,Pune,Hooli
Manish Kumar,loadtest916@loadtest.example.com,9000000916,ai-ml,Load Test 5K,Chennai,Umbrella
Ritu Desai,loadtest917@loadtest.example.com,9000000917,,Load Test 5K,Delhi,Stark Industries
Vivek Desai,loadtest918@loadtest.example.com,9000000918,agentic-ai,Load Test 5K,Kolkata,Wayne Enterprises
Shreya Desai,loadtest919@loadtest.example.com,9000000919,ai-ml,Load Test 5K,Ahmedabad,Soylent
Aarav Desai,loadtest920@loadtest.example.com,9000000920,,Load Test 5K,Hyderabad,Acme Corp
Priya Desai,loadtest921@loadtest.example.com,9000000921,agentic-ai,Load Test 5K,Bengaluru,Globex
Rohan Desai,loadtest922@loadtest.example.com,9000000922,ai-ml,Load Test 5K,Mumbai,Initech
Meera Desai,loadtest923@loadtest.example.com,9000000923,,Load Test 5K,Pune,Hooli
Vikram Pillai,loadtest924@loadtest.example.com,9000000924,agentic-ai,Load Test 5K,Chennai,Umbrella
Ananya Pillai,loadtest925@loadtest.example.com,9000000925,ai-ml,Load Test 5K,Delhi,Stark Industries
Karthik Pillai,loadtest926@loadtest.example.com,9000000926,,Load Test 5K,Kolkata,Wayne Enterprises
Sneha Pillai,loadtest927@loadtest.example.com,9000000927,agentic-ai,Load Test 5K,Ahmedabad,Soylent
Arjun Pillai,loadtest928@loadtest.example.com,9000000928,ai-ml,Load Test 5K,Hyderabad,Acme Corp
Divya Pillai,loadtest929@loadtest.example.com,9000000929,,Load Test 5K,Bengaluru,Globex
Rahul Pillai,loadtest930@loadtest.example.com,9000000930,agentic-ai,Load Test 5K,Mumbai,Initech
Pooja Bose,loadtest931@loadtest.example.com,9000000931,ai-ml,Load Test 5K,Pune,Hooli
Aditya Bose,loadtest932@loadtest.example.com,9000000932,,Load Test 5K,Chennai,Umbrella
Nisha Bose,loadtest933@loadtest.example.com,9000000933,agentic-ai,Load Test 5K,Delhi,Stark Industries
Sanjay Bose,loadtest934@loadtest.example.com,9000000934,ai-ml,Load Test 5K,Kolkata,Wayne Enterprises
Kavya Bose,loadtest935@loadtest.example.com,9000000935,,Load Test 5K,Ahmedabad,Soylent
Manish Bose,loadtest936@loadtest.example.com,9000000936,agentic-ai,Load Test 5K,Hyderabad,Acme Corp
Ritu Bose,loadtest937@loadtest.example.com,9000000937,ai-ml,Load Test 5K,Bengaluru,Globex
Vivek Menon,loadtest938@loadtest.example.com,9000000938,,Load Test 5K,Mumbai,Initech
Shreya Menon,loadtest939@loadtest.example.com,9000000939,agentic-ai,Load Test 5K,Pune,Hooli
Aarav Menon,loadtest940@loadtest.example.com,9000000940,ai-ml,Load Test 5K,Chennai,Umbrella
Priya Menon,loadtest941@loadtest.example.com,9000000941,,Load Test 5K,Delhi,Stark Industries
Rohan Menon,loadtest942@loadtest.example.com,9000000942,agentic-ai,Load Test 5K,Kolkata,Wayne Enterprises
Meera Menon,loadtest943@loadtest.example.com,9000000943,ai-ml,Load Test 5K,Ahmedabad,Soylent
Vikram Menon,loadtest944@loadtest.example.com,9000000944,,Load Test 5K,Hyderabad,Acme Corp
Ananya Chopra,loadtest945@loadtest.example.com,9000000945,agentic-ai,Load Test 5K,Bengaluru,Globex
Karthik Chopra,loadtest946@loadtest.example.com,9000000946,ai-ml,Load Test 5K,Mumbai,Initech
Sneha Chopra,loadtest947@loadtest.example.com,9000000947,,Load Test 5K,Pune,Hooli
Arjun Chopra,loadtest948@loadtest.example.com,9000000948,agentic-ai,Load Test 5K,Chennai,Umbrella
Divya Chopra,loadtest949@loadtest.example.com,9000000949,ai-ml,Load Test 5K,Delhi,Stark Industries
Rahul Chopra,loadtest950@loadtest.example.com,9000000950,,Load Test 5K,Kolkata,Wayne Enterprises
Pooja Chopra,loadtest951@loadtest.example.com,9000000951,agentic-ai,Load Test 5K,Ahmedabad,Soylent
Aditya Verma,loadtest952@loadtest.example.com,9000000952,ai-ml,Load Test 5K,Hyderabad,Acme Corp
Nisha Verma,loadtest953@loadtest.example.com,9000000953,,Load Test 5K,Bengaluru,Globex
Sanjay Verma,loadtest954@loadtest.example.com,9000000954,agentic-ai,Load Test 5K,Mumbai,Initech
Kavya Verma,loadtest955@loadtest.example.com,9000000955,ai-ml,Load Test 5K,Pune,Hooli
Manish Verma,loadtest956@loadtest.example.com,9000000956,,Load Test 5K,Chennai,Umbrella
Ritu Verma,loadtest957@loadtest.example.com,9000000957,agentic-ai,Load Test 5K,Delhi,Stark Industries
Vivek Verma,loadtest958@loadtest.example.com,9000000958,ai-ml,Load Test 5K,Kolkata,Wayne Enterprises
Shreya Shetty,loadtest959@loadtest.example.com,9000000959,,Load Test 5K,Ahmedabad,Soylent
Aarav Shetty,loadtest960@loadtest.example.com,9000000960,agentic-ai,Load Test 5K,Hyderabad,Acme Corp
Priya Shetty,loadtest961@loadtest.example.com,9000000961,ai-ml,Load Test 5K,Bengaluru,Globex
Rohan Shetty,loadtest962@loadtest.example.com,9000000962,,Load Test 5K,Mumbai,Initech
Meera Shetty,loadtest963@loadtest.example.com,9000000963,agentic-ai,Load Test 5K,Pune,Hooli
Vikram Shetty,loadtest964@loadtest.example.com,9000000964,ai-ml,Load Test 5K,Chennai,Umbrella
Ananya Shetty,loadtest965@loadtest.example.com,9000000965,,Load Test 5K,Delhi,Stark Industries
Karthik Banerjee,loadtest966@loadtest.example.com,9000000966,agentic-ai,Load Test 5K,Kolkata,Wayne Enterprises
Sneha Banerjee,loadtest967@loadtest.example.com,9000000967,ai-ml,Load Test 5K,Ahmedabad,Soylent
Arjun Banerjee,loadtest968@loadtest.example.com,9000000968,,Load Test 5K,Hyderabad,Acme Corp
Divya Banerjee,loadtest969@loadtest.example.com,9000000969,agentic-ai,Load Test 5K,Bengaluru,Globex
Rahul Banerjee,loadtest970@loadtest.example.com,9000000970,ai-ml,Load Test 5K,Mumbai,Initech
Pooja Banerjee,loadtest971@loadtest.example.com,9000000971,,Load Test 5K,Pune,Hooli
Aditya Banerjee,loadtest972@loadtest.example.com,9000000972,agentic-ai,Load Test 5K,Chennai,Umbrella
Nisha Kapoor,loadtest973@loadtest.example.com,9000000973,ai-ml,Load Test 5K,Delhi,Stark Industries
Sanjay Kapoor,loadtest974@loadtest.example.com,9000000974,,Load Test 5K,Kolkata,Wayne Enterprises
Kavya Kapoor,loadtest975@loadtest.example.com,9000000975,agentic-ai,Load Test 5K,Ahmedabad,Soylent
Manish Kapoor,loadtest976@loadtest.example.com,9000000976,ai-ml,Load Test 5K,Hyderabad,Acme Corp
Ritu Kapoor,loadtest977@loadtest.example.com,9000000977,,Load Test 5K,Bengaluru,Globex
Vivek Kapoor,loadtest978@loadtest.example.com,9000000978,agentic-ai,Load Test 5K,Mumbai,Initech
Shreya Kapoor,loadtest979@loadtest.example.com,9000000979,ai-ml,Load Test 5K,Pune,Hooli
Aarav Sharma,loadtest980@loadtest.example.com,9000000980,,Load Test 5K,Chennai,Umbrella
Priya Sharma,loadtest981@loadtest.example.com,9000000981,agentic-ai,Load Test 5K,Delhi,Stark Industries
Rohan Sharma,loadtest982@loadtest.example.com,9000000982,ai-ml,Load Test 5K,Kolkata,Wayne Enterprises
Meera Sharma,loadtest983@loadtest.example.com,9000000983,,Load Test 5K,Ahmedabad,Soylent
Vikram Sharma,loadtest984@loadtest.example.com,9000000984,agentic-ai,Load Test 5K,Hyderabad,Acme Corp
Ananya Sharma,loadtest985@loadtest.example.com,9000000985,ai-ml,Load Test 5K,Bengaluru,Globex
Karthik Sharma,loadtest986@loadtest.example.com,9000000986,,Load Test 5K,Mumbai,Initech
Sneha Nair,loadtest987@loadtest.example.com,9000000987,agentic-ai,Load Test 5K,Pune,Hooli
Arjun Nair,loadtest988@loadtest.example.com,9000000988,ai-ml,Load Test 5K,Chennai,Umbrella
Divya Nair,loadtest989@loadtest.example.com,9000000989,,Load Test 5K,Delhi,Stark Industries
Rahul Nair,loadtest990@loadtest.example.com,9000000990,agentic-ai,Load Test 5K,Kolkata,Wayne Enterprises
Pooja Nair,loadtest991@loadtest.example.com,9000000991,ai-ml,Load Test 5K,Ahmedabad,Soylent
Aditya Nair,loadtest992@loadtest.example.com,9000000992,,Load Test 5K,Hyderabad,Acme Corp
Nisha Nair,loadtest993@loadtest.example.com,9000000993,agentic-ai,Load Test 5K,Bengaluru,Globex
Sanjay Mehta,loadtest994@loadtest.example.com,9000000994,ai-ml,Load Test 5K,Mumbai,Initech
Kavya Mehta,loadtest995@loadtest.example.com,9000000995,,Load Test 5K,Pune,Hooli
Manish Mehta,loadtest996@loadtest.example.com,9000000996,agentic-ai,Load Test 5K,Chennai,Umbrella
Ritu Mehta,loadtest997@loadtest.example.com,9000000997,ai-ml,Load Test 5K,Delhi,Stark Industries
Vivek Mehta,loadtest998@loadtest.example.com,9000000998,,Load Test 5K,Kolkata,Wayne Enterprises
Shreya Mehta,loadtest999@loadtest.example.com,9000000999,agentic-ai,Load Test 5K,Ahmedabad,Soylent
Aarav Mehta,loadtest1000@loadtest.example.com,9000001000,ai-ml,Load Test 5K,Hyderabad,Acme Corp
Priya Iyer,loadtest1001@loadtest.example.com,9000001001,,Load Test 5K,Bengaluru,Globex
Rohan Iyer,loadtest1002@loadtest.example.com,9000001002,agentic-ai,Load Test 5K,Mumbai,Initech
Meera Iyer,loadtest1003@loadtest.example.com,9000001003,ai-ml,Load Test 5K,Pune,Hooli
Vikram Iyer,loadtest1004@loadtest.example.com,9000001004,,Load Test 5K,Chennai,Umbrella
Ananya Iyer,loadtest1005@loadtest.example.com,9000001005,agentic-ai,Load Test 5K,Delhi,Stark Industries
Karthik Iyer,loadtest1006@loadtest.example.com,9000001006,ai-ml,Load Test 5K,Kolkata,Wayne Enterprises
Sneha Iyer,loadtest1007@loadtest.example.com,9000001007,,Load Test 5K,Ahmedabad,Soylent
Arjun Reddy,loadtest1008@loadtest.example.com,9000001008,agentic-ai,Load Test 5K,Hyderabad,Acme Corp
Divya Reddy,loadtest1009@loadtest.example.com,9000001009,ai-ml,Load Test 5K,Bengaluru,Globex
Rahul Reddy,loadtest1010@loadtest.example.com,9000001010,,Load Test 5K,Mumbai,Initech
Pooja Reddy,loadtest1011@loadtest.example.com,9000001011,agentic-ai,Load Test 5K,Pune,Hooli
Aditya Reddy,loadtest1012@loadtest.example.com,9000001012,ai-ml,Load Test 5K,Chennai,Umbrella
Nisha Reddy,loadtest1013@loadtest.example.com,9000001013,,Load Test 5K,Delhi,Stark Industries
Sanjay Reddy,loadtest1014@loadtest.example.com,9000001014,agentic-ai,Load Test 5K,Kolkata,Wayne Enterprises
Kavya Gupta,loadtest1015@loadtest.example.com,9000001015,ai-ml,Load Test 5K,Ahmedabad,Soylent
Manish Gupta,loadtest1016@loadtest.example.com,9000001016,,Load Test 5K,Hyderabad,Acme Corp
Ritu Gupta,loadtest1017@loadtest.example.com,9000001017,agentic-ai,Load Test 5K,Bengaluru,Globex
Vivek Gupta,loadtest1018@loadtest.example.com,9000001018,ai-ml,Load Test 5K,Mumbai,Initech
Shreya Gupta,loadtest1019@loadtest.example.com,9000001019,,Load Test 5K,Pune,Hooli
Aarav Gupta,loadtest1020@loadtest.example.com,9000001020,agentic-ai,Load Test 5K,Chennai,Umbrella
Priya Gupta,loadtest1021@loadtest.example.com,9000001021,ai-ml,Load Test 5K,Delhi,Stark Industries
Rohan Patel,loadtest1022@loadtest.example.com,9000001022,,Load Test 5K,Kolkata,Wayne Enterprises
Meera Patel,loadtest1023@loadtest.example.com,9000001023,agentic-ai,Load Test 5K,Ahmedabad,Soylent
Vikram Patel,loadtest1024@loadtest.example.com,9000001024,ai-ml,Load Test 5K,Hyderabad,Acme Corp
Ananya Patel,loadtest1025@loadtest.example.com,9000001025,,Load Test 5K,Bengaluru,Globex
Karthik Patel,loadtest1026@loadtest.example.com,9000001026,agentic-ai,Load Test 5K,Mumbai,Initech
Sneha Patel,loadtest1027@loadtest.example.com,9000001027,ai-ml,Load Test 5K,Pune,Hooli
Arjun Patel,loadtest1028@loadtest.example.com,9000001028,,Load Test 5K,Chennai,Umbrella
Divya Rao,loadtest1029@loadtest.example.com,9000001029,agentic-ai,Load Test 5K,Delhi,Stark Industries
Rahul Rao,loadtest1030@loadtest.example.com,9000001030,ai-ml,Load Test 5K,Kolkata,Wayne Enterprises
Pooja Rao,loadtest1031@loadtest.example.com,9000001031,,Load Test 5K,Ahmedabad,Soylent
Aditya Rao,loadtest1032@loadtest.example.com,9000001032,agentic-ai,Load Test 5K,Hyderabad,Acme Corp
Nisha Rao,loadtest1033@loadtest.example.com,9000001033,ai-ml,Load Test 5K,Bengaluru,Globex
Sanjay Rao,loadtest1034@loadtest.example.com,9000001034,,Load Test 5K,Mumbai,Initech
Kavya Rao,loadtest1035@loadtest.example.com,9000001035,agentic-ai,Load Test 5K,Pune,Hooli
Manish Singh,loadtest1036@loadtest.example.com,9000001036,ai-ml,Load Test 5K,Chennai,Umbrella
Ritu Singh,loadtest1037@loadtest.example.com,9000001037,,Load Test 5K,Delhi,Stark Industries
Vivek Singh,loadtest1038@loadtest.example.com,9000001038,agentic-ai,Load Test 5K,Kolkata,Wayne Enterprises
Shreya Singh,loadtest1039@loadtest.example.com,9000001039,ai-ml,Load Test 5K,Ahmedabad,Soylent
Aarav Singh,loadtest1040@loadtest.example.com,9000001040,,Load Test 5K,Hyderabad,Acme Corp
Priya Singh,loadtest1041@loadtest.example.com,9000001041,agentic-ai,Load Test 5K,Bengaluru,Globex
Rohan Singh,loadtest1042@loadtest.example.com,9000001042,ai-ml,Load Test 5K,Mumbai,Initech
Meera Joshi,loadtest1043@loadtest.example.com,9000001043,,Load Test 5K,Pune,Hooli
Vikram Joshi,loadtest1044@loadtest.example.com,9000001044,agentic-ai,Load Test 5K,Chennai,Umbrella
Ananya Joshi,loadtest1045@loadtest.example.com,9000001045,ai-ml,Load Test 5K,Delhi,Stark Industries
Karthik Joshi,loadtest1046@loadtest.example.com,9000001046,,Load Test 5K,Kolkata,Wayne Enterprises
Sneha Joshi,loadtest1047@loadtest.example.com,9000001047,agentic-ai,Load Test 5K,Ahmedabad,Soylent
Arjun Joshi,loadtest1048@loadtest.example.com,9000001048,ai-ml,Load Test 5K,Hyderabad,Acme Corp
Divya Joshi,loadtest1049@loadtest.example.com,9000001049,,Load Test 5K,Bengaluru,Globex
Rahul Kumar,loadtest1050@loadtest.example.com,9000001050,agentic-ai,Load Test 5K,Mumbai,Initech
Pooja Kumar,loadtest1051@loadtest.example.com,9000001051,ai-ml,Load Test 5K,Pune,Hooli
Aditya Kumar,loadtest1052@loadtest.example.com,9000001052,,Load Test 5K,Chennai,Umbrella
Nisha Kumar,loadtest1053@loadtest.example.com,9000001053,agentic-ai,Load Test 5K,Delhi,Stark Industries
Sanjay Kumar,loadtest1054@loadtest.example.com,9000001054,ai-ml,Load Test 5K,Kolkata,Wayne Enterprises
Kavya Kumar,loadtest1055@loadtest.example.com,9000001055,,Load Test 5K,Ahmedabad,Soylent
Manish Kumar,loadtest1056@loadtest.example.com,9000001056,agentic-ai,Load Test 5K,Hyderabad,Acme Corp
Ritu Desai,loadtest1057@loadtest.example.com,9000001057,ai-ml,Load Test 5K,Bengaluru,Globex
Vivek Desai,loadtest1058@loadtest.example.com,9000001058,,Load Test 5K,Mumbai,Initech
Shreya Desai,loadtest1059@loadtest.example.com,9000001059,agentic-ai,Load Test 5K,Pune,Hooli
Aarav Desai,loadtest1060@loadtest.example.com,9000001060,ai-ml,Load Test 5K,Chennai,Umbrella
Priya Desai,loadtest1061@loadtest.example.com,9000001061,,Load Test 5K,Delhi,Stark Industries
Rohan Desai,loadtest1062@loadtest.example.com,9000001062,agentic-ai,Load Test 5K,Kolkata,Wayne Enterprises
Meera Desai,loadtest1063@loadtest.example.com,9000001063,ai-ml,Load Test 5K,Ahmedabad,Soylent
Vikram Pillai,loadtest1064@loadtest.example.com,9000001064,,Load Test 5K,Hyderabad,Acme Corp
Ananya Pillai,loadtest1065@loadtest.example.com,9000001065,agentic-ai,Load Test 5K,Bengaluru,Globex
Karthik Pillai,loadtest1066@loadtest.example.com,9000001066,ai-ml,Load Test 5K,Mumbai,Initech
Sneha Pillai,loadtest1067@loadtest.example.com,9000001067,,Load Test 5K,Pune,Hooli
Arjun Pillai,loadtest1068@loadtest.example.com,9000001068,agentic-ai,Load Test 5K,Chennai,Umbrella
Divya Pillai,loadtest1069@loadtest.example.com,9000001069,ai-ml,Load Test 5K,Delhi,Stark Industries
Rahul Pillai,loadtest1070@loadtest.example.com,9000001070,,Load Test 5K,Kolkata,Wayne Enterprises
Pooja Bose,loadtest1071@loadtest.example.com,9000001071,agentic-ai,Load Test 5K,Ahmedabad,Soylent
Aditya Bose,loadtest1072@loadtest.example.com,9000001072,ai-ml,Load Test 5K,Hyderabad,Acme Corp
Nisha Bose,loadtest1073@loadtest.example.com,9000001073,,Load Test 5K,Bengaluru,Globex
Sanjay Bose,loadtest1074@loadtest.example.com,9000001074,agentic-ai,Load Test 5K,Mumbai,Initech
Kavya Bose,loadtest1075@loadtest.example.com,9000001075,ai-ml,Load Test 5K,Pune,Hooli
Manish Bose,loadtest1076@loadtest.example.com,9000001076,,Load Test 5K,Chennai,Umbrella
Ritu Bose,loadtest1077@loadtest.example.com,9000001077,agentic-ai,Load Test 5K,Delhi,Stark Industries
Vivek Menon,loadtest1078@loadtest.example.com,9000001078,ai-ml,Load Test 5K,Kolkata,Wayne Enterprises
Shreya Menon,loadtest1079@loadtest.example.com,9000001079,,Load Test 5K,Ahmedabad,Soylent
Aarav Menon,loadtest1080@loadtest.example.com,9000001080,agentic-ai,Load Test 5K,Hyderabad,Acme Corp
Priya Menon,loadtest1081@loadtest.example.com,9000001081,ai-ml,Load Test 5K,Bengaluru,Globex
Rohan Menon,loadtest1082@loadtest.example.com,9000001082,,Load Test 5K,Mumbai,Initech
Meera Menon,loadtest1083@loadtest.example.com,9000001083,agentic-ai,Load Test 5K,Pune,Hooli
Vikram Menon,loadtest1084@loadtest.example.com,9000001084,ai-ml,Load Test 5K,Chennai,Umbrella
Ananya Chopra,loadtest1085@loadtest.example.com,9000001085,,Load Test 5K,Delhi,Stark Industries
Karthik Chopra,loadtest1086@loadtest.example.com,9000001086,agentic-ai,Load Test 5K,Kolkata,Wayne Enterprises
Sneha Chopra,loadtest1087@loadtest.example.com,9000001087,ai-ml,Load Test 5K,Ahmedabad,Soylent
Arjun Chopra,loadtest1088@loadtest.example.com,9000001088,,Load Test 5K,Hyderabad,Acme Corp
Divya Chopra,loadtest1089@loadtest.example.com,9000001089,agentic-ai,Load Test 5K,Bengaluru,Globex
Rahul Chopra,loadtest1090@loadtest.example.com,9000001090,ai-ml,Load Test 5K,Mumbai,Initech
Pooja Chopra,loadtest1091@loadtest.example.com,9000001091,,Load Test 5K,Pune,Hooli
Aditya Verma,loadtest1092@loadtest.example.com,9000001092,agentic-ai,Load Test 5K,Chennai,Umbrella
Nisha Verma,loadtest1093@loadtest.example.com,9000001093,ai-ml,Load Test 5K,Delhi,Stark Industries
Sanjay Verma,loadtest1094@loadtest.example.com,9000001094,,Load Test 5K,Kolkata,Wayne Enterprises
Kavya Verma,loadtest1095@loadtest.example.com,9000001095,agentic-ai,Load Test 5K,Ahmedabad,Soylent
Manish Verma,loadtest1096@loadtest.example.com,9000001096,ai-ml,Load Test 5K,Hyderabad,Acme Corp
Ritu Verma,loadtest1097@loadtest.example.com,9000001097,,Load Test 5K,Bengaluru,Globex
Vivek Verma,loadtest1098@loadtest.example.com,9000001098,agentic-ai,Load Test 5K,Mumbai,Initech
Shreya Shetty,loadtest1099@loadtest.example.com,9000001099,ai-ml,Load Test 5K,Pune,Hooli
Aarav Shetty,loadtest1100@loadtest.example.com,9000001100,,Load Test 5K,Chennai,Umbrella
Priya Shetty,loadtest1101@loadtest.example.com,9000001101,agentic-ai,Load Test 5K,Delhi,Stark Industries
Rohan Shetty,loadtest1102@loadtest.example.com,9000001102,ai-ml,Load Test 5K,Kolkata,Wayne Enterprises
Meera Shetty,loadtest1103@loadtest.example.com,9000001103,,Load Test 5K,Ahmedabad,Soylent
Vikram Shetty,loadtest1104@loadtest.example.com,9000001104,agentic-ai,Load Test 5K,Hyderabad,Acme Corp
Ananya Shetty,loadtest1105@loadtest.example.com,9000001105,ai-ml,Load Test 5K,Bengaluru,Globex
Karthik Banerjee,loadtest1106@loadtest.example.com,9000001106,,Load Test 5K,Mumbai,Initech
Sneha Banerjee,loadtest1107@loadtest.example.com,9000001107,agentic-ai,Load Test 5K,Pune,Hooli
Arjun Banerjee,loadtest1108@loadtest.example.com,9000001108,ai-ml,Load Test 5K,Chennai,Umbrella
Divya Banerjee,loadtest1109@loadtest.example.com,9000001109,,Load Test 5K,Delhi,Stark Industries
Rahul Banerjee,loadtest1110@loadtest.example.com,9000001110,agentic-ai,Load Test 5K,Kolkata,Wayne Enterprises
Pooja Banerjee,loadtest1111@loadtest.example.com,9000001111,ai-ml,Load Test 5K,Ahmedabad,Soylent
Aditya Banerjee,loadtest1112@loadtest.example.com,9000001112,,Load Test 5K,Hyderabad,Acme Corp
Nisha Kapoor,loadtest1113@loadtest.example.com,9000001113,agentic-ai,Load Test 5K,Bengaluru,Globex
Sanjay Kapoor,loadtest1114@loadtest.example.com,9000001114,ai-ml,Load Test 5K,Mumbai,Initech
Kavya Kapoor,loadtest1115@loadtest.example.com,9000001115,,Load Test 5K,Pune,Hooli
Manish Kapoor,loadtest1116@loadtest.example.com,9000001116,agentic-ai,Load Test 5K,Chennai,Umbrella
Ritu Kapoor,loadtest1117@loadtest.example.com,9000001117,ai-ml,Load Test 5K,Delhi,Stark Industries
Vivek Kapoor,loadtest1118@loadtest.example.com,9000001118,,Load Test 5K,Kolkata,Wayne Enterprises
Shreya Kapoor,loadtest1119@loadtest.example.com,9000001119,agentic-ai,Load Test 5K,Ahmedabad,Soylent
Aarav Sharma,loadtest1120@loadtest.example.com,9000001120,ai-ml,Load Test 5K,Hyderabad,Acme Corp
Priya Sharma,loadtest1121@loadtest.example.com,9000001121,,Load Test 5K,Bengaluru,Globex
Rohan Sharma,loadtest1122@loadtest.example.com,9000001122,agentic-ai,Load Test 5K,Mumbai,Initech
Meera Sharma,loadtest1123@loadtest.example.com,9000001123,ai-ml,Load Test 5K,Pune,Hooli
Vikram Sharma,loadtest1124@loadtest.example.com,9000001124,,Load Test 5K,Chennai,Umbrella
Ananya Sharma,loadtest1125@loadtest.example.com,9000001125,agentic-ai,Load Test 5K,Delhi,Stark Industries
Karthik Sharma,loadtest1126@loadtest.example.com,9000001126,ai-ml,Load Test 5K,Kolkata,Wayne Enterprises
Sneha Nair,loadtest1127@loadtest.example.com,9000001127,,Load Test 5K,Ahmedabad,Soylent
Arjun Nair,loadtest1128@loadtest.example.com,9000001128,agentic-ai,Load Test 5K,Hyderabad,Acme Corp
Divya Nair,loadtest1129@loadtest.example.com,9000001129,ai-ml,Load Test 5K,Bengaluru,Globex
Rahul Nair,loadtest1130@loadtest.example.com,9000001130,,Load Test 5K,Mumbai,Initech
Pooja Nair,loadtest1131@loadtest.example.com,9000001131,agentic-ai,Load Test 5K,Pune,Hooli
Aditya Nair,loadtest1132@loadtest.example.com,9000001132,ai-ml,Load Test 5K,Chennai,Umbrella
Nisha Nair,loadtest1133@loadtest.example.com,9000001133,,Load Test 5K,Delhi,Stark Industries
Sanjay Mehta,loadtest1134@loadtest.example.com,9000001134,agentic-ai,Load Test 5K,Kolkata,Wayne Enterprises
Kavya Mehta,loadtest1135@loadtest.example.com,9000001135,ai-ml,Load Test 5K,Ahmedabad,Soylent
Manish Mehta,loadtest1136@loadtest.example.com,9000001136,,Load Test 5K,Hyderabad,Acme Corp
Ritu Mehta,loadtest1137@loadtest.example.com,9000001137,agentic-ai,Load Test 5K,Bengaluru,Globex
Vivek Mehta,loadtest1138@loadtest.example.com,9000001138,ai-ml,Load Test 5K,Mumbai,Initech
Shreya Mehta,loadtest1139@loadtest.example.com,9000001139,,Load Test 5K,Pune,Hooli
Aarav Mehta,loadtest1140@loadtest.example.com,9000001140,agentic-ai,Load Test 5K,Chennai,Umbrella
Priya Iyer,loadtest1141@loadtest.example.com,9000001141,ai-ml,Load Test 5K,Delhi,Stark Industries
Rohan Iyer,loadtest1142@loadtest.example.com,9000001142,,Load Test 5K,Kolkata,Wayne Enterprises
Meera Iyer,loadtest1143@loadtest.example.com,9000001143,agentic-ai,Load Test 5K,Ahmedabad,Soylent
Vikram Iyer,loadtest1144@loadtest.example.com,9000001144,ai-ml,Load Test 5K,Hyderabad,Acme Corp
Ananya Iyer,loadtest1145@loadtest.example.com,9000001145,,Load Test 5K,Bengaluru,Globex
Karthik Iyer,loadtest1146@loadtest.example.com,9000001146,agentic-ai,Load Test 5K,Mumbai,Initech
Sneha Iyer,loadtest1147@loadtest.example.com,9000001147,ai-ml,Load Test 5K,Pune,Hooli
Arjun Reddy,loadtest1148@loadtest.example.com,9000001148,,Load Test 5K,Chennai,Umbrella
Divya Reddy,loadtest1149@loadtest.example.com,9000001149,agentic-ai,Load Test 5K,Delhi,Stark Industries
Rahul Reddy,loadtest1150@loadtest.example.com,9000001150,ai-ml,Load Test 5K,Kolkata,Wayne Enterprises
Pooja Reddy,loadtest1151@loadtest.example.com,9000001151,,Load Test 5K,Ahmedabad,Soylent
Aditya Reddy,loadtest1152@loadtest.example.com,9000001152,agentic-ai,Load Test 5K,Hyderabad,Acme Corp
Nisha Reddy,loadtest1153@loadtest.example.com,9000001153,ai-ml,Load Test 5K,Bengaluru,Globex
Sanjay Reddy,loadtest1154@loadtest.example.com,9000001154,,Load Test 5K,Mumbai,Initech
Kavya Gupta,loadtest1155@loadtest.example.com,9000001155,agentic-ai,Load Test 5K,Pune,Hooli
Manish Gupta,loadtest1156@loadtest.example.com,9000001156,ai-ml,Load Test 5K,Chennai,Umbrella
Ritu Gupta,loadtest1157@loadtest.example.com,9000001157,,Load Test 5K,Delhi,Stark Industries
Vivek Gupta,loadtest1158@loadtest.example.com,9000001158,agentic-ai,Load Test 5K,Kolkata,Wayne Enterprises
Shreya Gupta,loadtest1159@loadtest.example.com,9000001159,ai-ml,Load Test 5K,Ahmedabad,Soylent
Aarav Gupta,loadtest1160@loadtest.example.com,9000001160,,Load Test 5K,Hyderabad,Acme Corp
Priya Gupta,loadtest1161@loadtest.example.com,9000001161,agentic-ai,Load Test 5K,Bengaluru,Globex
Rohan Patel,loadtest1162@loadtest.example.com,9000001162,ai-ml,Load Test 5K,Mumbai,Initech
Meera Patel,loadtest1163@loadtest.example.com,9000001163,,Load Test 5K,Pune,Hooli
Vikram Patel,loadtest1164@loadtest.example.com,9000001164,agentic-ai,Load Test 5K,Chennai,Umbrella
Ananya Patel,loadtest1165@loadtest.example.com,9000001165,ai-ml,Load Test 5K,Delhi,Stark Industries
Karthik Patel,loadtest1166@loadtest.example.com,9000001166,,Load Test 5K,Kolkata,Wayne Enterprises
Sneha Patel,loadtest1167@loadtest.example.com,9000001167,agentic-ai,Load Test 5K,Ahmedabad,Soylent
Arjun Patel,loadtest1168@loadtest.example.com,9000001168,ai-ml,Load Test 5K,Hyderabad,Acme Corp
Divya Rao,loadtest1169@loadtest.example.com,9000001169,,Load Test 5K,Bengaluru,Globex
Rahul Rao,loadtest1170@loadtest.example.com,9000001170,agentic-ai,Load Test 5K,Mumbai,Initech
Pooja Rao,loadtest1171@loadtest.example.com,9000001171,ai-ml,Load Test 5K,Pune,Hooli
Aditya Rao,loadtest1172@loadtest.example.com,9000001172,,Load Test 5K,Chennai,Umbrella
Nisha Rao,loadtest1173@loadtest.example.com,9000001173,agentic-ai,Load Test 5K,Delhi,Stark Industries
Sanjay Rao,loadtest1174@loadtest.example.com,9000001174,ai-ml,Load Test 5K,Kolkata,Wayne Enterprises
Kavya Rao,loadtest1175@loadtest.example.com,9000001175,,Load Test 5K,Ahmedabad,Soylent
Manish Singh,loadtest1176@loadtest.example.com,9000001176,agentic-ai,Load Test 5K,Hyderabad,Acme Corp
Ritu Singh,loadtest1177@loadtest.example.com,9000001177,ai-ml,Load Test 5K,Bengaluru,Globex
Vivek Singh,loadtest1178@loadtest.example.com,9000001178,,Load Test 5K,Mumbai,Initech
Shreya Singh,loadtest1179@loadtest.example.com,9000001179,agentic-ai,Load Test 5K,Pune,Hooli
Aarav Singh,loadtest1180@loadtest.example.com,9000001180,ai-ml,Load Test 5K,Chennai,Umbrella
Priya Singh,loadtest1181@loadtest.example.com,9000001181,,Load Test 5K,Delhi,Stark Industries
Rohan Singh,loadtest1182@loadtest.example.com,9000001182,agentic-ai,Load Test 5K,Kolkata,Wayne Enterprises
Meera Joshi,loadtest1183@loadtest.example.com,9000001183,ai-ml,Load Test 5K,Ahmedabad,Soylent
Vikram Joshi,loadtest1184@loadtest.example.com,9000001184,,Load Test 5K,Hyderabad,Acme Corp
Ananya Joshi,loadtest1185@loadtest.example.com,9000001185,agentic-ai,Load Test 5K,Bengaluru,Globex
Karthik Joshi,loadtest1186@loadtest.example.com,9000001186,ai-ml,Load Test 5K,Mumbai,Initech
Sneha Joshi,loadtest1187@loadtest.example.com,9000001187,,Load Test 5K,Pune,Hooli
Arjun Joshi,loadtest1188@loadtest.example.com,9000001188,agentic-ai,Load Test 5K,Chennai,Umbrella
Divya Joshi,loadtest1189@loadtest.example.com,9000001189,ai-ml,Load Test 5K,Delhi,Stark Industries
Rahul Kumar,loadtest1190@loadtest.example.com,9000001190,,Load Test 5K,Kolkata,Wayne Enterprises
Pooja Kumar,loadtest1191@loadtest.example.com,9000001191,agentic-ai,Load Test 5K,Ahmedabad,Soylent
Aditya Kumar,loadtest1192@loadtest.example.com,9000001192,ai-ml,Load Test 5K,Hyderabad,Acme Corp
Nisha Kumar,loadtest1193@loadtest.example.com,9000001193,,Load Test 5K,Bengaluru,Globex
Sanjay Kumar,loadtest1194@loadtest.example.com,9000001194,agentic-ai,Load Test 5K,Mumbai,Initech
Kavya Kumar,loadtest1195@loadtest.example.com,9000001195,ai-ml,Load Test 5K,Pune,Hooli
Manish Kumar,loadtest1196@loadtest.example.com,9000001196,,Load Test 5K,Chennai,Umbrella
Ritu Desai,loadtest1197@loadtest.example.com,9000001197,agentic-ai,Load Test 5K,Delhi,Stark Industries
Vivek Desai,loadtest1198@loadtest.example.com,9000001198,ai-ml,Load Test 5K,Kolkata,Wayne Enterprises
Shreya Desai,loadtest1199@loadtest.example.com,9000001199,,Load Test 5K,Ahmedabad,Soylent
Aarav Desai,loadtest1200@loadtest.example.com,9000001200,agentic-ai,Load Test 5K,Hyderabad,Acme Corp
Priya Desai,loadtest1201@loadtest.example.com,9000001201,ai-ml,Load Test 5K,Bengaluru,Globex
Rohan Desai,loadtest1202@loadtest.example.com,9000001202,,Load Test 5K,Mumbai,Initech
Meera Desai,loadtest1203@loadtest.example.com,9000001203,agentic-ai,Load Test 5K,Pune,Hooli
Vikram Pillai,loadtest1204@loadtest.example.com,9000001204,ai-ml,Load Test 5K,Chennai,Umbrella
Ananya Pillai,loadtest1205@loadtest.example.com,9000001205,,Load Test 5K,Delhi,Stark Industries
Karthik Pillai,loadtest1206@loadtest.example.com,9000001206,agentic-ai,Load Test 5K,Kolkata,Wayne Enterprises
Sneha Pillai,loadtest1207@loadtest.example.com,9000001207,ai-ml,Load Test 5K,Ahmedabad,Soylent
Arjun Pillai,loadtest1208@loadtest.example.com,9000001208,,Load Test 5K,Hyderabad,Acme Corp
Divya Pillai,loadtest1209@loadtest.example.com,9000001209,agentic-ai,Load Test 5K,Bengaluru,Globex
Rahul Pillai,loadtest1210@loadtest.example.com,9000001210,ai-ml,Load Test 5K,Mumbai,Initech
Pooja Bose,loadtest1211@loadtest.example.com,9000001211,,Load Test 5K,Pune,Hooli
Aditya Bose,loadtest1212@loadtest.example.com,9000001212,agentic-ai,Load Test 5K,Chennai,Umbrella
Nisha Bose,loadtest1213@loadtest.example.com,9000001213,ai-ml,Load Test 5K,Delhi,Stark Industries
Sanjay Bose,loadtest1214@loadtest.example.com,9000001214,,Load Test 5K,Kolkata,Wayne Enterprises
Kavya Bose,loadtest1215@loadtest.example.com,9000001215,agentic-ai,Load Test 5K,Ahmedabad,Soylent
Manish Bose,loadtest1216@loadtest.example.com,9000001216,ai-ml,Load Test 5K,Hyderabad,Acme Corp
Ritu Bose,loadtest1217@loadtest.example.com,9000001217,,Load Test 5K,Bengaluru,Globex
Vivek Menon,loadtest1218@loadtest.example.com,9000001218,agentic-ai,Load Test 5K,Mumbai,Initech
Shreya Menon,loadtest1219@loadtest.example.com,9000001219,ai-ml,Load Test 5K,Pune,Hooli
Aarav Menon,loadtest1220@loadtest.example.com,9000001220,,Load Test 5K,Chennai,Umbrella
Priya Menon,loadtest1221@loadtest.example.com,9000001221,agentic-ai,Load Test 5K,Delhi,Stark Industries
Rohan Menon,loadtest1222@loadtest.example.com,9000001222,ai-ml,Load Test 5K,Kolkata,Wayne Enterprises
Meera Menon,loadtest1223@loadtest.example.com,9000001223,,Load Test 5K,Ahmedabad,Soylent
Vikram Menon,loadtest1224@loadtest.example.com,9000001224,agentic-ai,Load Test 5K,Hyderabad,Acme Corp
Ananya Chopra,loadtest1225@loadtest.example.com,9000001225,ai-ml,Load Test 5K,Bengaluru,Globex
Karthik Chopra,loadtest1226@loadtest.example.com,9000001226,,Load Test 5K,Mumbai,Initech
Sneha Chopra,loadtest1227@loadtest.example.com,9000001227,agentic-ai,Load Test 5K,Pune,Hooli
Arjun Chopra,loadtest1228@loadtest.example.com,9000001228,ai-ml,Load Test 5K,Chennai,Umbrella
Divya Chopra,loadtest1229@loadtest.example.com,9000001229,,Load Test 5K,Delhi,Stark Industries
Rahul Chopra,loadtest1230@loadtest.example.com,9000001230,agentic-ai,Load Test 5K,Kolkata,Wayne Enterprises
Pooja Chopra,loadtest1231@loadtest.example.com,9000001231,ai-ml,Load Test 5K,Ahmedabad,Soylent
Aditya Verma,loadtest1232@loadtest.example.com,9000001232,,Load Test 5K,Hyderabad,Acme Corp
Nisha Verma,loadtest1233@loadtest.example.com,9000001233,agentic-ai,Load Test 5K,Bengaluru,Globex
Sanjay Verma,loadtest1234@loadtest.example.com,9000001234,ai-ml,Load Test 5K,Mumbai,Initech
Kavya Verma,loadtest1235@loadtest.example.com,9000001235,,Load Test 5K,Pune,Hooli
Manish Verma,loadtest1236@loadtest.example.com,9000001236,agentic-ai,Load Test 5K,Chennai,Umbrella
Ritu Verma,loadtest1237@loadtest.example.com,9000001237,ai-ml,Load Test 5K,Delhi,Stark Industries
Vivek Verma,loadtest1238@loadtest.example.com,9000001238,,Load Test 5K,Kolkata,Wayne Enterprises
Shreya Shetty,loadtest1239@loadtest.example.com,9000001239,agentic-ai,Load Test 5K,Ahmedabad,Soylent
Aarav Shetty,loadtest1240@loadtest.example.com,9000001240,ai-ml,Load Test 5K,Hyderabad,Acme Corp
Priya Shetty,loadtest1241@loadtest.example.com,9000001241,,Load Test 5K,Bengaluru,Globex
Rohan Shetty,loadtest1242@loadtest.example.com,9000001242,agentic-ai,Load Test 5K,Mumbai,Initech
Meera Shetty,loadtest1243@loadtest.example.com,9000001243,ai-ml,Load Test 5K,Pune,Hooli
Vikram Shetty,loadtest1244@loadtest.example.com,9000001244,,Load Test 5K,Chennai,Umbrella
Ananya Shetty,loadtest1245@loadtest.example.com,9000001245,agentic-ai,Load Test 5K,Delhi,Stark Industries
Karthik Banerjee,loadtest1246@loadtest.example.com,9000001246,ai-ml,Load Test 5K,Kolkata,Wayne Enterprises
Sneha Banerjee,loadtest1247@loadtest.example.com,9000001247,,Load Test 5K,Ahmedabad,Soylent
Arjun Banerjee,loadtest1248@loadtest.example.com,9000001248,agentic-ai,Load Test 5K,Hyderabad,Acme Corp
Divya Banerjee,loadtest1249@loadtest.example.com,9000001249,ai-ml,Load Test 5K,Bengaluru,Globex
Rahul Banerjee,loadtest1250@loadtest.example.com,9000001250,,Load Test 5K,Mumbai,Initech
Pooja Banerjee,loadtest1251@loadtest.example.com,9000001251,agentic-ai,Load Test 5K,Pune,Hooli
Aditya Banerjee,loadtest1252@loadtest.example.com,9000001252,ai-ml,Load Test 5K,Chennai,Umbrella
Nisha Kapoor,loadtest1253@loadtest.example.com,9000001253,,Load Test 5K,Delhi,Stark Industries
Sanjay Kapoor,loadtest1254@loadtest.example.com,9000001254,agentic-ai,Load Test 5K,Kolkata,Wayne Enterprises
Kavya Kapoor,loadtest1255@loadtest.example.com,9000001255,ai-ml,Load Test 5K,Ahmedabad,Soylent
Manish Kapoor,loadtest1256@loadtest.example.com,9000001256,,Load Test 5K,Hyderabad,Acme Corp
Ritu Kapoor,loadtest1257@loadtest.example.com,9000001257,agentic-ai,Load Test 5K,Bengaluru,Globex
Vivek Kapoor,loadtest1258@loadtest.example.com,9000001258,ai-ml,Load Test 5K,Mumbai,Initech
Shreya Kapoor,loadtest1259@loadtest.example.com,9000001259,,Load Test 5K,Pune,Hooli
Aarav Sharma,loadtest1260@loadtest.example.com,9000001260,agentic-ai,Load Test 5K,Chennai,Umbrella
Priya Sharma,loadtest1261@loadtest.example.com,9000001261,ai-ml,Load Test 5K,Delhi,Stark Industries
Rohan Sharma,loadtest1262@loadtest.example.com,9000001262,,Load Test 5K,Kolkata,Wayne Enterprises
Meera Sharma,loadtest1263@loadtest.example.com,9000001263,agentic-ai,Load Test 5K,Ahmedabad,Soylent
Vikram Sharma,loadtest1264@loadtest.example.com,9000001264,ai-ml,Load Test 5K,Hyderabad,Acme Corp
Ananya Sharma,loadtest1265@loadtest.example.com,9000001265,,Load Test 5K,Bengaluru,Globex
Karthik Sharma,loadtest1266@loadtest.example.com,9000001266,agentic-ai,Load Test 5K,Mumbai,Initech
Sneha Nair,loadtest1267@loadtest.example.com,9000001267,ai-ml,Load Test 5K,Pune,Hooli
Arjun Nair,loadtest1268@loadtest.example.com,9000001268,,Load Test 5K,Chennai,Umbrella
Divya Nair,loadtest1269@loadtest.example.com,9000001269,agentic-ai,Load Test 5K,Delhi,Stark Industries
Rahul Nair,loadtest1270@loadtest.example.com,9000001270,ai-ml,Load Test 5K,Kolkata,Wayne Enterprises
Pooja Nair,loadtest1271@loadtest.example.com,9000001271,,Load Test 5K,Ahmedabad,Soylent
Aditya Nair,loadtest1272@loadtest.example.com,9000001272,agentic-ai,Load Test 5K,Hyderabad,Acme Corp
Nisha Nair,loadtest1273@loadtest.example.com,9000001273,ai-ml,Load Test 5K,Bengaluru,Globex
Sanjay Mehta,loadtest1274@loadtest.example.com,9000001274,,Load Test 5K,Mumbai,Initech
Kavya Mehta,loadtest1275@loadtest.example.com,9000001275,agentic-ai,Load Test 5K,Pune,Hooli
Manish Mehta,loadtest1276@loadtest.example.com,9000001276,ai-ml,Load Test 5K,Chennai,Umbrella
Ritu Mehta,loadtest1277@loadtest.example.com,9000001277,,Load Test 5K,Delhi,Stark Industries
Vivek Mehta,loadtest1278@loadtest.example.com,9000001278,agentic-ai,Load Test 5K,Kolkata,Wayne Enterprises
Shreya Mehta,loadtest1279@loadtest.example.com,9000001279,ai-ml,Load Test 5K,Ahmedabad,Soylent
Aarav Mehta,loadtest1280@loadtest.example.com,9000001280,,Load Test 5K,Hyderabad,Acme Corp
Priya Iyer,loadtest1281@loadtest.example.com,9000001281,agentic-ai,Load Test 5K,Bengaluru,Globex
Rohan Iyer,loadtest1282@loadtest.example.com,9000001282,ai-ml,Load Test 5K,Mumbai,Initech
Meera Iyer,loadtest1283@loadtest.example.com,9000001283,,Load Test 5K,Pune,Hooli
Vikram Iyer,loadtest1284@loadtest.example.com,9000001284,agentic-ai,Load Test 5K,Chennai,Umbrella
Ananya Iyer,loadtest1285@loadtest.example.com,9000001285,ai-ml,Load Test 5K,Delhi,Stark Industries
Karthik Iyer,loadtest1286@loadtest.example.com,9000001286,,Load Test 5K,Kolkata,Wayne Enterprises
Sneha Iyer,loadtest1287@loadtest.example.com,9000001287,agentic-ai,Load Test 5K,Ahmedabad,Soylent
Arjun Reddy,loadtest1288@loadtest.example.com,9000001288,ai-ml,Load Test 5K,Hyderabad,Acme Corp
Divya Reddy,loadtest1289@loadtest.example.com,9000001289,,Load Test 5K,Bengaluru,Globex
Rahul Reddy,loadtest1290@loadtest.example.com,9000001290,agentic-ai,Load Test 5K,Mumbai,Initech
Pooja Reddy,loadtest1291@loadtest.example.com,9000001291,ai-ml,Load Test 5K,Pune,Hooli
Aditya Reddy,loadtest1292@loadtest.example.com,9000001292,,Load Test 5K,Chennai,Umbrella
Nisha Reddy,loadtest1293@loadtest.example.com,9000001293,agentic-ai,Load Test 5K,Delhi,Stark Industries
Sanjay Reddy,loadtest1294@loadtest.example.com,9000001294,ai-ml,Load Test 5K,Kolkata,Wayne Enterprises
Kavya Gupta,loadtest1295@loadtest.example.com,9000001295,,Load Test 5K,Ahmedabad,Soylent
Manish Gupta,loadtest1296@loadtest.example.com,9000001296,agentic-ai,Load Test 5K,Hyderabad,Acme Corp
Ritu Gupta,loadtest1297@loadtest.example.com,9000001297,ai-ml,Load Test 5K,Bengaluru,Globex
Vivek Gupta,loadtest1298@loadtest.example.com,9000001298,,Load Test 5K,Mumbai,Initech
Shreya Gupta,loadtest1299@loadtest.example.com,9000001299,agentic-ai,Load Test 5K,Pune,Hooli
Aarav Gupta,loadtest1300@loadtest.example.com,9000001300,ai-ml,Load Test 5K,Chennai,Umbrella
Priya Gupta,loadtest1301@loadtest.example.com,9000001301,,Load Test 5K,Delhi,Stark Industries
Rohan Patel,loadtest1302@loadtest.example.com,9000001302,agentic-ai,Load Test 5K,Kolkata,Wayne Enterprises
Meera Patel,loadtest1303@loadtest.example.com,9000001303,ai-ml,Load Test 5K,Ahmedabad,Soylent
Vikram Patel,loadtest1304@loadtest.example.com,9000001304,,Load Test 5K,Hyderabad,Acme Corp
Ananya Patel,loadtest1305@loadtest.example.com,9000001305,agentic-ai,Load Test 5K,Bengaluru,Globex
Karthik Patel,loadtest1306@loadtest.example.com,9000001306,ai-ml,Load Test 5K,Mumbai,Initech
Sneha Patel,loadtest1307@loadtest.example.com,9000001307,,Load Test 5K,Pune,Hooli
Arjun Patel,loadtest1308@loadtest.example.com,9000001308,agentic-ai,Load Test 5K,Chennai,Umbrella
Divya Rao,loadtest1309@loadtest.example.com,9000001309,ai-ml,Load Test 5K,Delhi,Stark Industries
Rahul Rao,loadtest1310@loadtest.example.com,9000001310,,Load Test 5K,Kolkata,Wayne Enterprises
Pooja Rao,loadtest1311@loadtest.example.com,9000001311,agentic-ai,Load Test 5K,Ahmedabad,Soylent
Aditya Rao,loadtest1312@loadtest.example.com,9000001312,ai-ml,Load Test 5K,Hyderabad,Acme Corp
Nisha Rao,loadtest1313@loadtest.example.com,9000001313,,Load Test 5K,Bengaluru,Globex
Sanjay Rao,loadtest1314@loadtest.example.com,9000001314,agentic-ai,Load Test 5K,Mumbai,Initech
Kavya Rao,loadtest1315@loadtest.example.com,9000001315,ai-ml,Load Test 5K,Pune,Hooli
Manish Singh,loadtest1316@loadtest.example.com,9000001316,,Load Test 5K,Chennai,Umbrella
Ritu Singh,loadtest1317@loadtest.example.com,9000001317,agentic-ai,Load Test 5K,Delhi,Stark Industries
Vivek Singh,loadtest1318@loadtest.example.com,9000001318,ai-ml,Load Test 5K,Kolkata,Wayne Enterprises
Shreya Singh,loadtest1319@loadtest.example.com,9000001319,,Load Test 5K,Ahmedabad,Soylent
Aarav Singh,loadtest1320@loadtest.example.com,9000001320,agentic-ai,Load Test 5K,Hyderabad,Acme Corp
Priya Singh,loadtest1321@loadtest.example.com,9000001321,ai-ml,Load Test 5K,Bengaluru,Globex
Rohan Singh,loadtest1322@loadtest.example.com,9000001322,,Load Test 5K,Mumbai,Initech
Meera Joshi,loadtest1323@loadtest.example.com,9000001323,agentic-ai,Load Test 5K,Pune,Hooli
Vikram Joshi,loadtest1324@loadtest.example.com,9000001324,ai-ml,Load Test 5K,Chennai,Umbrella
Ananya Joshi,loadtest1325@loadtest.example.com,9000001325,,Load Test 5K,Delhi,Stark Industries
Karthik Joshi,loadtest1326@loadtest.example.com,9000001326,agentic-ai,Load Test 5K,Kolkata,Wayne Enterprises
Sneha Joshi,loadtest1327@loadtest.example.com,9000001327,ai-ml,Load Test 5K,Ahmedabad,Soylent
Arjun Joshi,loadtest1328@loadtest.example.com,9000001328,,Load Test 5K,Hyderabad,Acme Corp
Divya Joshi,loadtest1329@loadtest.example.com,9000001329,agentic-ai,Load Test 5K,Bengaluru,Globex
Rahul Kumar,loadtest1330@loadtest.example.com,9000001330,ai-ml,Load Test 5K,Mumbai,Initech
Pooja Kumar,loadtest1331@loadtest.example.com,9000001331,,Load Test 5K,Pune,Hooli
Aditya Kumar,loadtest1332@loadtest.example.com,9000001332,agentic-ai,Load Test 5K,Chennai,Umbrella
Nisha Kumar,loadtest1333@loadtest.example.com,9000001333,ai-ml,Load Test 5K,Delhi,Stark Industries
Sanjay Kumar,loadtest1334@loadtest.example.com,9000001334,,Load Test 5K,Kolkata,Wayne Enterprises
Kavya Kumar,loadtest1335@loadtest.example.com,9000001335,agentic-ai,Load Test 5K,Ahmedabad,Soylent
Manish Kumar,loadtest1336@loadtest.example.com,9000001336,ai-ml,Load Test 5K,Hyderabad,Acme Corp
Ritu Desai,loadtest1337@loadtest.example.com,9000001337,,Load Test 5K,Bengaluru,Globex
Vivek Desai,loadtest1338@loadtest.example.com,9000001338,agentic-ai,Load Test 5K,Mumbai,Initech
Shreya Desai,loadtest1339@loadtest.example.com,9000001339,ai-ml,Load Test 5K,Pune,Hooli
Aarav Desai,loadtest1340@loadtest.example.com,9000001340,,Load Test 5K,Chennai,Umbrella
Priya Desai,loadtest1341@loadtest.example.com,9000001341,agentic-ai,Load Test 5K,Delhi,Stark Industries
Rohan Desai,loadtest1342@loadtest.example.com,9000001342,ai-ml,Load Test 5K,Kolkata,Wayne Enterprises
Meera Desai,loadtest1343@loadtest.example.com,9000001343,,Load Test 5K,Ahmedabad,Soylent
Vikram Pillai,loadtest1344@loadtest.example.com,9000001344,agentic-ai,Load Test 5K,Hyderabad,Acme Corp
Ananya Pillai,loadtest1345@loadtest.example.com,9000001345,ai-ml,Load Test 5K,Bengaluru,Globex
Karthik Pillai,loadtest1346@loadtest.example.com,9000001346,,Load Test 5K,Mumbai,Initech
Sneha Pillai,loadtest1347@loadtest.example.com,9000001347,agentic-ai,Load Test 5K,Pune,Hooli
Arjun Pillai,loadtest1348@loadtest.example.com,9000001348,ai-ml,Load Test 5K,Chennai,Umbrella
Divya Pillai,loadtest1349@loadtest.example.com,9000001349,,Load Test 5K,Delhi,Stark Industries
Rahul Pillai,loadtest1350@loadtest.example.com,9000001350,agentic-ai,Load Test 5K,Kolkata,Wayne Enterprises
Pooja Bose,loadtest1351@loadtest.example.com,9000001351,ai-ml,Load Test 5K,Ahmedabad,Soylent
Aditya Bose,loadtest1352@loadtest.example.com,9000001352,,Load Test 5K,Hyderabad,Acme Corp
Nisha Bose,loadtest1353@loadtest.example.com,9000001353,agentic-ai,Load Test 5K,Bengaluru,Globex
Sanjay Bose,loadtest1354@loadtest.example.com,9000001354,ai-ml,Load Test 5K,Mumbai,Initech
Kavya Bose,loadtest1355@loadtest.example.com,9000001355,,Load Test 5K,Pune,Hooli
Manish Bose,loadtest1356@loadtest.example.com,9000001356,agentic-ai,Load Test 5K,Chennai,Umbrella
Ritu Bose,loadtest1357@loadtest.example.com,9000001357,ai-ml,Load Test 5K,Delhi,Stark Industries
Vivek Menon,loadtest1358@loadtest.example.com,9000001358,,Load Test 5K,Kolkata,Wayne Enterprises
Shreya Menon,loadtest1359@loadtest.example.com,9000001359,agentic-ai,Load Test 5K,Ahmedabad,Soylent
Aarav Menon,loadtest1360@loadtest.example.com,9000001360,ai-ml,Load Test 5K,Hyderabad,Acme Corp
Priya Menon,loadtest1361@loadtest.example.com,9000001361,,Load Test 5K,Bengaluru,Globex
Rohan Menon,loadtest1362@loadtest.example.com,9000001362,agentic-ai,Load Test 5K,Mumbai,Initech
Meera Menon,loadtest1363@loadtest.example.com,9000001363,ai-ml,Load Test 5K,Pune,Hooli
Vikram Menon,loadtest1364@loadtest.example.com,9000001364,,Load Test 5K,Chennai,Umbrella
Ananya Chopra,loadtest1365@loadtest.example.com,9000001365,agentic-ai,Load Test 5K,Delhi,Stark Industries
Karthik Chopra,loadtest1366@loadtest.example.com,9000001366,ai-ml,Load Test 5K,Kolkata,Wayne Enterprises
Sneha Chopra,loadtest1367@loadtest.example.com,9000001367,,Load Test 5K,Ahmedabad,Soylent
Arjun Chopra,loadtest1368@loadtest.example.com,9000001368,agentic-ai,Load Test 5K,Hyderabad,Acme Corp
Divya Chopra,loadtest1369@loadtest.example.com,9000001369,ai-ml,Load Test 5K,Bengaluru,Globex
Rahul Chopra,loadtest1370@loadtest.example.com,9000001370,,Load Test 5K,Mumbai,Initech
Pooja Chopra,loadtest1371@loadtest.example.com,9000001371,agentic-ai,Load Test 5K,Pune,Hooli
Aditya Verma,loadtest1372@loadtest.example.com,9000001372,ai-ml,Load Test 5K,Chennai,Umbrella
Nisha Verma,loadtest1373@loadtest.example.com,9000001373,,Load Test 5K,Delhi,Stark Industries
Sanjay Verma,loadtest1374@loadtest.example.com,9000001374,agentic-ai,Load Test 5K,Kolkata,Wayne Enterprises
Kavya Verma,loadtest1375@loadtest.example.com,9000001375,ai-ml,Load Test 5K,Ahmedabad,Soylent
Manish Verma,loadtest1376@loadtest.example.com,9000001376,,Load Test 5K,Hyderabad,Acme Corp
Ritu Verma,loadtest1377@loadtest.example.com,9000001377,agentic-ai,Load Test 5K,Bengaluru,Globex
Vivek Verma,loadtest1378@loadtest.example.com,9000001378,ai-ml,Load Test 5K,Mumbai,Initech
Shreya Shetty,loadtest1379@loadtest.example.com,9000001379,,Load Test 5K,Pune,Hooli
Aarav Shetty,loadtest1380@loadtest.example.com,9000001380,agentic-ai,Load Test 5K,Chennai,Umbrella
Priya Shetty,loadtest1381@loadtest.example.com,9000001381,ai-ml,Load Test 5K,Delhi,Stark Industries
Rohan Shetty,loadtest1382@loadtest.example.com,9000001382,,Load Test 5K,Kolkata,Wayne Enterprises
Meera Shetty,loadtest1383@loadtest.example.com,9000001383,agentic-ai,Load Test 5K,Ahmedabad,Soylent
Vikram Shetty,loadtest1384@loadtest.example.com,9000001384,ai-ml,Load Test 5K,Hyderabad,Acme Corp
Ananya Shetty,loadtest1385@loadtest.example.com,9000001385,,Load Test 5K,Bengaluru,Globex
Karthik Banerjee,loadtest1386@loadtest.example.com,9000001386,agentic-ai,Load Test 5K,Mumbai,Initech
Sneha Banerjee,loadtest1387@loadtest.example.com,9000001387,ai-ml,Load Test 5K,Pune,Hooli
Arjun Banerjee,loadtest1388@loadtest.example.com,9000001388,,Load Test 5K,Chennai,Umbrella
Divya Banerjee,loadtest1389@loadtest.example.com,9000001389,agentic-ai,Load Test 5K,Delhi,Stark Industries
Rahul Banerjee,loadtest1390@loadtest.example.com,9000001390,ai-ml,Load Test 5K,Kolkata,Wayne Enterprises
Pooja Banerjee,loadtest1391@loadtest.example.com,9000001391,,Load Test 5K,Ahmedabad,Soylent
Aditya Banerjee,loadtest1392@loadtest.example.com,9000001392,agentic-ai,Load Test 5K,Hyderabad,Acme Corp
Nisha Kapoor,loadtest1393@loadtest.example.com,9000001393,ai-ml,Load Test 5K,Bengaluru,Globex
Sanjay Kapoor,loadtest1394@loadtest.example.com,9000001394,,Load Test 5K,Mumbai,Initech
Kavya Kapoor,loadtest1395@loadtest.example.com,9000001395,agentic-ai,Load Test 5K,Pune,Hooli
Manish Kapoor,loadtest1396@loadtest.example.com,9000001396,ai-ml,Load Test 5K,Chennai,Umbrella
Ritu Kapoor,loadtest1397@loadtest.example.com,9000001397,,Load Test 5K,Delhi,Stark Industries
Vivek Kapoor,loadtest1398@loadtest.example.com,9000001398,agentic-ai,Load Test 5K,Kolkata,Wayne Enterprises
Shreya Kapoor,loadtest1399@loadtest.example.com,9000001399,ai-ml,Load Test 5K,Ahmedabad,Soylent
Aarav Sharma,loadtest1400@loadtest.example.com,9000001400,,Load Test 5K,Hyderabad,Acme Corp
Priya Sharma,loadtest1401@loadtest.example.com,9000001401,agentic-ai,Load Test 5K,Bengaluru,Globex
Rohan Sharma,loadtest1402@loadtest.example.com,9000001402,ai-ml,Load Test 5K,Mumbai,Initech
Meera Sharma,loadtest1403@loadtest.example.com,9000001403,,Load Test 5K,Pune,Hooli
Vikram Sharma,loadtest1404@loadtest.example.com,9000001404,agentic-ai,Load Test 5K,Chennai,Umbrella
Ananya Sharma,loadtest1405@loadtest.example.com,9000001405,ai-ml,Load Test 5K,Delhi,Stark Industries
Karthik Sharma,loadtest1406@loadtest.example.com,9000001406,,Load Test 5K,Kolkata,Wayne Enterprises
Sneha Nair,loadtest1407@loadtest.example.com,9000001407,agentic-ai,Load Test 5K,Ahmedabad,Soylent
Arjun Nair,loadtest1408@loadtest.example.com,9000001408,ai-ml,Load Test 5K,Hyderabad,Acme Corp
Divya Nair,loadtest1409@loadtest.example.com,9000001409,,Load Test 5K,Bengaluru,Globex
Rahul Nair,loadtest1410@loadtest.example.com,9000001410,agentic-ai,Load Test 5K,Mumbai,Initech
Pooja Nair,loadtest1411@loadtest.example.com,9000001411,ai-ml,Load Test 5K,Pune,Hooli
Aditya Nair,loadtest1412@loadtest.example.com,9000001412,,Load Test 5K,Chennai,Umbrella
Nisha Nair,loadtest1413@loadtest.example.com,9000001413,agentic-ai,Load Test 5K,Delhi,Stark Industries
Sanjay Mehta,loadtest1414@loadtest.example.com,9000001414,ai-ml,Load Test 5K,Kolkata,Wayne Enterprises
Kavya Mehta,loadtest1415@loadtest.example.com,9000001415,,Load Test 5K,Ahmedabad,Soylent
Manish Mehta,loadtest1416@loadtest.example.com,9000001416,agentic-ai,Load Test 5K,Hyderabad,Acme Corp
Ritu Mehta,loadtest1417@loadtest.example.com,9000001417,ai-ml,Load Test 5K,Bengaluru,Globex
Vivek Mehta,loadtest1418@loadtest.example.com,9000001418,,Load Test 5K,Mumbai,Initech
Shreya Mehta,loadtest1419@loadtest.example.com,9000001419,agentic-ai,Load Test 5K,Pune,Hooli
Aarav Mehta,loadtest1420@loadtest.example.com,9000001420,ai-ml,Load Test 5K,Chennai,Umbrella
Priya Iyer,loadtest1421@loadtest.example.com,9000001421,,Load Test 5K,Delhi,Stark Industries
Rohan Iyer,loadtest1422@loadtest.example.com,9000001422,agentic-ai,Load Test 5K,Kolkata,Wayne Enterprises
Meera Iyer,loadtest1423@loadtest.example.com,9000001423,ai-ml,Load Test 5K,Ahmedabad,Soylent
Vikram Iyer,loadtest1424@loadtest.example.com,9000001424,,Load Test 5K,Hyderabad,Acme Corp
Ananya Iyer,loadtest1425@loadtest.example.com,9000001425,agentic-ai,Load Test 5K,Bengaluru,Globex
Karthik Iyer,loadtest1426@loadtest.example.com,9000001426,ai-ml,Load Test 5K,Mumbai,Initech
Sneha Iyer,loadtest1427@loadtest.example.com,9000001427,,Load Test 5K,Pune,Hooli
Arjun Reddy,loadtest1428@loadtest.example.com,9000001428,agentic-ai,Load Test 5K,Chennai,Umbrella
Divya Reddy,loadtest1429@loadtest.example.com,9000001429,ai-ml,Load Test 5K,Delhi,Stark Industries
Rahul Reddy,loadtest1430@loadtest.example.com,9000001430,,Load Test 5K,Kolkata,Wayne Enterprises
Pooja Reddy,loadtest1431@loadtest.example.com,9000001431,agentic-ai,Load Test 5K,Ahmedabad,Soylent
Aditya Reddy,loadtest1432@loadtest.example.com,9000001432,ai-ml,Load Test 5K,Hyderabad,Acme Corp
Nisha Reddy,loadtest1433@loadtest.example.com,9000001433,,Load Test 5K,Bengaluru,Globex
Sanjay Reddy,loadtest1434@loadtest.example.com,9000001434,agentic-ai,Load Test 5K,Mumbai,Initech
Kavya Gupta,loadtest1435@loadtest.example.com,9000001435,ai-ml,Load Test 5K,Pune,Hooli
Manish Gupta,loadtest1436@loadtest.example.com,9000001436,,Load Test 5K,Chennai,Umbrella
Ritu Gupta,loadtest1437@loadtest.example.com,9000001437,agentic-ai,Load Test 5K,Delhi,Stark Industries
Vivek Gupta,loadtest1438@loadtest.example.com,9000001438,ai-ml,Load Test 5K,Kolkata,Wayne Enterprises
Shreya Gupta,loadtest1439@loadtest.example.com,9000001439,,Load Test 5K,Ahmedabad,Soylent
Aarav Gupta,loadtest1440@loadtest.example.com,9000001440,agentic-ai,Load Test 5K,Hyderabad,Acme Corp
Priya Gupta,loadtest1441@loadtest.example.com,9000001441,ai-ml,Load Test 5K,Bengaluru,Globex
Rohan Patel,loadtest1442@loadtest.example.com,9000001442,,Load Test 5K,Mumbai,Initech
Meera Patel,loadtest1443@loadtest.example.com,9000001443,agentic-ai,Load Test 5K,Pune,Hooli
Vikram Patel,loadtest1444@loadtest.example.com,9000001444,ai-ml,Load Test 5K,Chennai,Umbrella
Ananya Patel,loadtest1445@loadtest.example.com,9000001445,,Load Test 5K,Delhi,Stark Industries
Karthik Patel,loadtest1446@loadtest.example.com,9000001446,agentic-ai,Load Test 5K,Kolkata,Wayne Enterprises
Sneha Patel,loadtest1447@loadtest.example.com,9000001447,ai-ml,Load Test 5K,Ahmedabad,Soylent
Arjun Patel,loadtest1448@loadtest.example.com,9000001448,,Load Test 5K,Hyderabad,Acme Corp
Divya Rao,loadtest1449@loadtest.example.com,9000001449,agentic-ai,Load Test 5K,Bengaluru,Globex
Rahul Rao,loadtest1450@loadtest.example.com,9000001450,ai-ml,Load Test 5K,Mumbai,Initech
Pooja Rao,loadtest1451@loadtest.example.com,9000001451,,Load Test 5K,Pune,Hooli
Aditya Rao,loadtest1452@loadtest.example.com,9000001452,agentic-ai,Load Test 5K,Chennai,Umbrella
Nisha Rao,loadtest1453@loadtest.example.com,9000001453,ai-ml,Load Test 5K,Delhi,Stark Industries
Sanjay Rao,loadtest1454@loadtest.example.com,9000001454,,Load Test 5K,Kolkata,Wayne Enterprises
Kavya Rao,loadtest1455@loadtest.example.com,9000001455,agentic-ai,Load Test 5K,Ahmedabad,Soylent
Manish Singh,loadtest1456@loadtest.example.com,9000001456,ai-ml,Load Test 5K,Hyderabad,Acme Corp
Ritu Singh,loadtest1457@loadtest.example.com,9000001457,,Load Test 5K,Bengaluru,Globex
Vivek Singh,loadtest1458@loadtest.example.com,9000001458,agentic-ai,Load Test 5K,Mumbai,Initech
Shreya Singh,loadtest1459@loadtest.example.com,9000001459,ai-ml,Load Test 5K,Pune,Hooli
Aarav Singh,loadtest1460@loadtest.example.com,9000001460,,Load Test 5K,Chennai,Umbrella
Priya Singh,loadtest1461@loadtest.example.com,9000001461,agentic-ai,Load Test 5K,Delhi,Stark Industries
Rohan Singh,loadtest1462@loadtest.example.com,9000001462,ai-ml,Load Test 5K,Kolkata,Wayne Enterprises
Meera Joshi,loadtest1463@loadtest.example.com,9000001463,,Load Test 5K,Ahmedabad,Soylent
Vikram Joshi,loadtest1464@loadtest.example.com,9000001464,agentic-ai,Load Test 5K,Hyderabad,Acme Corp
Ananya Joshi,loadtest1465@loadtest.example.com,9000001465,ai-ml,Load Test 5K,Bengaluru,Globex
Karthik Joshi,loadtest1466@loadtest.example.com,9000001466,,Load Test 5K,Mumbai,Initech
Sneha Joshi,loadtest1467@loadtest.example.com,9000001467,agentic-ai,Load Test 5K,Pune,Hooli
Arjun Joshi,loadtest1468@loadtest.example.com,9000001468,ai-ml,Load Test 5K,Chennai,Umbrella
Divya Joshi,loadtest1469@loadtest.example.com,9000001469,,Load Test 5K,Delhi,Stark Industries
Rahul Kumar,loadtest1470@loadtest.example.com,9000001470,agentic-ai,Load Test 5K,Kolkata,Wayne Enterprises
Pooja Kumar,loadtest1471@loadtest.example.com,9000001471,ai-ml,Load Test 5K,Ahmedabad,Soylent
Aditya Kumar,loadtest1472@loadtest.example.com,9000001472,,Load Test 5K,Hyderabad,Acme Corp
Nisha Kumar,loadtest1473@loadtest.example.com,9000001473,agentic-ai,Load Test 5K,Bengaluru,Globex
Sanjay Kumar,loadtest1474@loadtest.example.com,9000001474,ai-ml,Load Test 5K,Mumbai,Initech
Kavya Kumar,loadtest1475@loadtest.example.com,9000001475,,Load Test 5K,Pune,Hooli
Manish Kumar,loadtest1476@loadtest.example.com,9000001476,agentic-ai,Load Test 5K,Chennai,Umbrella
Ritu Desai,loadtest1477@loadtest.example.com,9000001477,ai-ml,Load Test 5K,Delhi,Stark Industries
Vivek Desai,loadtest1478@loadtest.example.com,9000001478,,Load Test 5K,Kolkata,Wayne Enterprises
Shreya Desai,loadtest1479@loadtest.example.com,9000001479,agentic-ai,Load Test 5K,Ahmedabad,Soylent
Aarav Desai,loadtest1480@loadtest.example.com,9000001480,ai-ml,Load Test 5K,Hyderabad,Acme Corp
Priya Desai,loadtest1481@loadtest.example.com,9000001481,,Load Test 5K,Bengaluru,Globex
Rohan Desai,loadtest1482@loadtest.example.com,9000001482,agentic-ai,Load Test 5K,Mumbai,Initech
Meera Desai,loadtest1483@loadtest.example.com,9000001483,ai-ml,Load Test 5K,Pune,Hooli
Vikram Pillai,loadtest1484@loadtest.example.com,9000001484,,Load Test 5K,Chennai,Umbrella
Ananya Pillai,loadtest1485@loadtest.example.com,9000001485,agentic-ai,Load Test 5K,Delhi,Stark Industries
Karthik Pillai,loadtest1486@loadtest.example.com,9000001486,ai-ml,Load Test 5K,Kolkata,Wayne Enterprises
Sneha Pillai,loadtest1487@loadtest.example.com,9000001487,,Load Test 5K,Ahmedabad,Soylent
Arjun Pillai,loadtest1488@loadtest.example.com,9000001488,agentic-ai,Load Test 5K,Hyderabad,Acme Corp
Divya Pillai,loadtest1489@loadtest.example.com,9000001489,ai-ml,Load Test 5K,Bengaluru,Globex
Rahul Pillai,loadtest1490@loadtest.example.com,9000001490,,Load Test 5K,Mumbai,Initech
Pooja Bose,loadtest1491@loadtest.example.com,9000001491,agentic-ai,Load Test 5K,Pune,Hooli
Aditya Bose,loadtest1492@loadtest.example.com,9000001492,ai-ml,Load Test 5K,Chennai,Umbrella
Nisha Bose,loadtest1493@loadtest.example.com,9000001493,,Load Test 5K,Delhi,Stark Industries
Sanjay Bose,loadtest1494@loadtest.example.com,9000001494,agentic-ai,Load Test 5K,Kolkata,Wayne Enterprises
Kavya Bose,loadtest1495@loadtest.example.com,9000001495,ai-ml,Load Test 5K,Ahmedabad,Soylent
Manish Bose,loadtest1496@loadtest.example.com,9000001496,,Load Test 5K,Hyderabad,Acme Corp
Ritu Bose,loadtest1497@loadtest.example.com,9000001497,agentic-ai,Load Test 5K,Bengaluru,Globex
Vivek Menon,loadtest1498@loadtest.example.com,9000001498,ai-ml,Load Test 5K,Mumbai,Initech
Shreya Menon,loadtest1499@loadtest.example.com,9000001499,,Load Test 5K,Pune,Hooli
Aarav Menon,loadtest1500@loadtest.example.com,9000001500,agentic-ai,Load Test 5K,Chennai,Umbrella
Priya Menon,loadtest1501@loadtest.example.com,9000001501,ai-ml,Load Test 5K,Delhi,Stark Industries
Rohan Menon,loadtest1502@loadtest.example.com,9000001502,,Load Test 5K,Kolkata,Wayne Enterprises
Meera Menon,loadtest1503@loadtest.example.com,9000001503,agentic-ai,Load Test 5K,Ahmedabad,Soylent
Vikram Menon,loadtest1504@loadtest.example.com,9000001504,ai-ml,Load Test 5K,Hyderabad,Acme Corp
Ananya Chopra,loadtest1505@loadtest.example.com,9000001505,,Load Test 5K,Bengaluru,Globex
Karthik Chopra,loadtest1506@loadtest.example.com,9000001506,agentic-ai,Load Test 5K,Mumbai,Initech
Sneha Chopra,loadtest1507@loadtest.example.com,9000001507,ai-ml,Load Test 5K,Pune,Hooli
Arjun Chopra,loadtest1508@loadtest.example.com,9000001508,,Load Test 5K,Chennai,Umbrella
Divya Chopra,loadtest1509@loadtest.example.com,9000001509,agentic-ai,Load Test 5K,Delhi,Stark Industries
Rahul Chopra,loadtest1510@loadtest.example.com,9000001510,ai-ml,Load Test 5K,Kolkata,Wayne Enterprises
Pooja Chopra,loadtest1511@loadtest.example.com,9000001511,,Load Test 5K,Ahmedabad,Soylent
Aditya Verma,loadtest1512@loadtest.example.com,9000001512,agentic-ai,Load Test 5K,Hyderabad,Acme Corp
Nisha Verma,loadtest1513@loadtest.example.com,9000001513,ai-ml,Load Test 5K,Bengaluru,Globex
Sanjay Verma,loadtest1514@loadtest.example.com,9000001514,,Load Test 5K,Mumbai,Initech
Kavya Verma,loadtest1515@loadtest.example.com,9000001515,agentic-ai,Load Test 5K,Pune,Hooli
Manish Verma,loadtest1516@loadtest.example.com,9000001516,ai-ml,Load Test 5K,Chennai,Umbrella
Ritu Verma,loadtest1517@loadtest.example.com,9000001517,,Load Test 5K,Delhi,Stark Industries
Vivek Verma,loadtest1518@loadtest.example.com,9000001518,agentic-ai,Load Test 5K,Kolkata,Wayne Enterprises
Shreya Shetty,loadtest1519@loadtest.example.com,9000001519,ai-ml,Load Test 5K,Ahmedabad,Soylent
Aarav Shetty,loadtest1520@loadtest.example.com,9000001520,,Load Test 5K,Hyderabad,Acme Corp
Priya Shetty,loadtest1521@loadtest.example.com,9000001521,agentic-ai,Load Test 5K,Bengaluru,Globex
Rohan Shetty,loadtest1522@loadtest.example.com,9000001522,ai-ml,Load Test 5K,Mumbai,Initech
Meera Shetty,loadtest1523@loadtest.example.com,9000001523,,Load Test 5K,Pune,Hooli
Vikram Shetty,loadtest1524@loadtest.example.com,9000001524,agentic-ai,Load Test 5K,Chennai,Umbrella
Ananya Shetty,loadtest1525@loadtest.example.com,9000001525,ai-ml,Load Test 5K,Delhi,Stark Industries
Karthik Banerjee,loadtest1526@loadtest.example.com,9000001526,,Load Test 5K,Kolkata,Wayne Enterprises
Sneha Banerjee,loadtest1527@loadtest.example.com,9000001527,agentic-ai,Load Test 5K,Ahmedabad,Soylent
Arjun Banerjee,loadtest1528@loadtest.example.com,9000001528,ai-ml,Load Test 5K,Hyderabad,Acme Corp
Divya Banerjee,loadtest1529@loadtest.example.com,9000001529,,Load Test 5K,Bengaluru,Globex
Rahul Banerjee,loadtest1530@loadtest.example.com,9000001530,agentic-ai,Load Test 5K,Mumbai,Initech
Pooja Banerjee,loadtest1531@loadtest.example.com,9000001531,ai-ml,Load Test 5K,Pune,Hooli
Aditya Banerjee,loadtest1532@loadtest.example.com,9000001532,,Load Test 5K,Chennai,Umbrella
Nisha Kapoor,loadtest1533@loadtest.example.com,9000001533,agentic-ai,Load Test 5K,Delhi,Stark Industries
Sanjay Kapoor,loadtest1534@loadtest.example.com,9000001534,ai-ml,Load Test 5K,Kolkata,Wayne Enterprises
Kavya Kapoor,loadtest1535@loadtest.example.com,9000001535,,Load Test 5K,Ahmedabad,Soylent
Manish Kapoor,loadtest1536@loadtest.example.com,9000001536,agentic-ai,Load Test 5K,Hyderabad,Acme Corp
Ritu Kapoor,loadtest1537@loadtest.example.com,9000001537,ai-ml,Load Test 5K,Bengaluru,Globex
Vivek Kapoor,loadtest1538@loadtest.example.com,9000001538,,Load Test 5K,Mumbai,Initech
Shreya Kapoor,loadtest1539@loadtest.example.com,9000001539,agentic-ai,Load Test 5K,Pune,Hooli
Aarav Sharma,loadtest1540@loadtest.example.com,9000001540,ai-ml,Load Test 5K,Chennai,Umbrella
Priya Sharma,loadtest1541@loadtest.example.com,9000001541,,Load Test 5K,Delhi,Stark Industries
Rohan Sharma,loadtest1542@loadtest.example.com,9000001542,agentic-ai,Load Test 5K,Kolkata,Wayne Enterprises
Meera Sharma,loadtest1543@loadtest.example.com,9000001543,ai-ml,Load Test 5K,Ahmedabad,Soylent
Vikram Sharma,loadtest1544@loadtest.example.com,9000001544,,Load Test 5K,Hyderabad,Acme Corp
Ananya Sharma,loadtest1545@loadtest.example.com,9000001545,agentic-ai,Load Test 5K,Bengaluru,Globex
Karthik Sharma,loadtest1546@loadtest.example.com,9000001546,ai-ml,Load Test 5K,Mumbai,Initech
Sneha Nair,loadtest1547@loadtest.example.com,9000001547,,Load Test 5K,Pune,Hooli
Arjun Nair,loadtest1548@loadtest.example.com,9000001548,agentic-ai,Load Test 5K,Chennai,Umbrella
Divya Nair,loadtest1549@loadtest.example.com,9000001549,ai-ml,Load Test 5K,Delhi,Stark Industries
Rahul Nair,loadtest1550@loadtest.example.com,9000001550,,Load Test 5K,Kolkata,Wayne Enterprises
Pooja Nair,loadtest1551@loadtest.example.com,9000001551,agentic-ai,Load Test 5K,Ahmedabad,Soylent
Aditya Nair,loadtest1552@loadtest.example.com,9000001552,ai-ml,Load Test 5K,Hyderabad,Acme Corp
Nisha Nair,loadtest1553@loadtest.example.com,9000001553,,Load Test 5K,Bengaluru,Globex
Sanjay Mehta,loadtest1554@loadtest.example.com,9000001554,agentic-ai,Load Test 5K,Mumbai,Initech
Kavya Mehta,loadtest1555@loadtest.example.com,9000001555,ai-ml,Load Test 5K,Pune,Hooli
Manish Mehta,loadtest1556@loadtest.example.com,9000001556,,Load Test 5K,Chennai,Umbrella
Ritu Mehta,loadtest1557@loadtest.example.com,9000001557,agentic-ai,Load Test 5K,Delhi,Stark Industries
Vivek Mehta,loadtest1558@loadtest.example.com,9000001558,ai-ml,Load Test 5K,Kolkata,Wayne Enterprises
Shreya Mehta,loadtest1559@loadtest.example.com,9000001559,,Load Test 5K,Ahmedabad,Soylent
Aarav Mehta,loadtest1560@loadtest.example.com,9000001560,agentic-ai,Load Test 5K,Hyderabad,Acme Corp
Priya Iyer,loadtest1561@loadtest.example.com,9000001561,ai-ml,Load Test 5K,Bengaluru,Globex
Rohan Iyer,loadtest1562@loadtest.example.com,9000001562,,Load Test 5K,Mumbai,Initech
Meera Iyer,loadtest1563@loadtest.example.com,9000001563,agentic-ai,Load Test 5K,Pune,Hooli
Vikram Iyer,loadtest1564@loadtest.example.com,9000001564,ai-ml,Load Test 5K,Chennai,Umbrella
Ananya Iyer,loadtest1565@loadtest.example.com,9000001565,,Load Test 5K,Delhi,Stark Industries
Karthik Iyer,loadtest1566@loadtest.example.com,9000001566,agentic-ai,Load Test 5K,Kolkata,Wayne Enterprises
Sneha Iyer,loadtest1567@loadtest.example.com,9000001567,ai-ml,Load Test 5K,Ahmedabad,Soylent
Arjun Reddy,loadtest1568@loadtest.example.com,9000001568,,Load Test 5K,Hyderabad,Acme Corp
Divya Reddy,loadtest1569@loadtest.example.com,9000001569,agentic-ai,Load Test 5K,Bengaluru,Globex
Rahul Reddy,loadtest1570@loadtest.example.com,9000001570,ai-ml,Load Test 5K,Mumbai,Initech
Pooja Reddy,loadtest1571@loadtest.example.com,9000001571,,Load Test 5K,Pune,Hooli
Aditya Reddy,loadtest1572@loadtest.example.com,9000001572,agentic-ai,Load Test 5K,Chennai,Umbrella
Nisha Reddy,loadtest1573@loadtest.example.com,9000001573,ai-ml,Load Test 5K,Delhi,Stark Industries
Sanjay Reddy,loadtest1574@loadtest.example.com,9000001574,,Load Test 5K,Kolkata,Wayne Enterprises
Kavya Gupta,loadtest1575@loadtest.example.com,9000001575,agentic-ai,Load Test 5K,Ahmedabad,Soylent
Manish Gupta,loadtest1576@loadtest.example.com,9000001576,ai-ml,Load Test 5K,Hyderabad,Acme Corp
Ritu Gupta,loadtest1577@loadtest.example.com,9000001577,,Load Test 5K,Bengaluru,Globex
Vivek Gupta,loadtest1578@loadtest.example.com,9000001578,agentic-ai,Load Test 5K,Mumbai,Initech
Shreya Gupta,loadtest1579@loadtest.example.com,9000001579,ai-ml,Load Test 5K,Pune,Hooli
Aarav Gupta,loadtest1580@loadtest.example.com,9000001580,,Load Test 5K,Chennai,Umbrella
Priya Gupta,loadtest1581@loadtest.example.com,9000001581,agentic-ai,Load Test 5K,Delhi,Stark Industries
Rohan Patel,loadtest1582@loadtest.example.com,9000001582,ai-ml,Load Test 5K,Kolkata,Wayne Enterprises
Meera Patel,loadtest1583@loadtest.example.com,9000001583,,Load Test 5K,Ahmedabad,Soylent
Vikram Patel,loadtest1584@loadtest.example.com,9000001584,agentic-ai,Load Test 5K,Hyderabad,Acme Corp
Ananya Patel,loadtest1585@loadtest.example.com,9000001585,ai-ml,Load Test 5K,Bengaluru,Globex
Karthik Patel,loadtest1586@loadtest.example.com,9000001586,,Load Test 5K,Mumbai,Initech
Sneha Patel,loadtest1587@loadtest.example.com,9000001587,agentic-ai,Load Test 5K,Pune,Hooli
Arjun Patel,loadtest1588@loadtest.example.com,9000001588,ai-ml,Load Test 5K,Chennai,Umbrella
Divya Rao,loadtest1589@loadtest.example.com,9000001589,,Load Test 5K,Delhi,Stark Industries
Rahul Rao,loadtest1590@loadtest.example.com,9000001590,agentic-ai,Load Test 5K,Kolkata,Wayne Enterprises
Pooja Rao,loadtest1591@loadtest.example.com,9000001591,ai-ml,Load Test 5K,Ahmedabad,Soylent
Aditya Rao,loadtest1592@loadtest.example.com,9000001592,,Load Test 5K,Hyderabad,Acme Corp
Nisha Rao,loadtest1593@loadtest.example.com,9000001593,agentic-ai,Load Test 5K,Bengaluru,Globex
Sanjay Rao,loadtest1594@loadtest.example.com,9000001594,ai-ml,Load Test 5K,Mumbai,Initech
Kavya Rao,loadtest1595@loadtest.example.com,9000001595,,Load Test 5K,Pune,Hooli
Manish Singh,loadtest1596@loadtest.example.com,9000001596,agentic-ai,Load Test 5K,Chennai,Umbrella
Ritu Singh,loadtest1597@loadtest.example.com,9000001597,ai-ml,Load Test 5K,Delhi,Stark Industries
Vivek Singh,loadtest1598@loadtest.example.com,9000001598,,Load Test 5K,Kolkata,Wayne Enterprises
Shreya Singh,loadtest1599@loadtest.example.com,9000001599,agentic-ai,Load Test 5K,Ahmedabad,Soylent
Aarav Singh,loadtest1600@loadtest.example.com,9000001600,ai-ml,Load Test 5K,Hyderabad,Acme Corp
Priya Singh,loadtest1601@loadtest.example.com,9000001601,,Load Test 5K,Bengaluru,Globex
Rohan Singh,loadtest1602@loadtest.example.com,9000001602,agentic-ai,Load Test 5K,Mumbai,Initech
Meera Joshi,loadtest1603@loadtest.example.com,9000001603,ai-ml,Load Test 5K,Pune,Hooli
Vikram Joshi,loadtest1604@loadtest.example.com,9000001604,,Load Test 5K,Chennai,Umbrella
Ananya Joshi,loadtest1605@loadtest.example.com,9000001605,agentic-ai,Load Test 5K,Delhi,Stark Industries
Karthik Joshi,loadtest1606@loadtest.example.com,9000001606,ai-ml,Load Test 5K,Kolkata,Wayne Enterprises
Sneha Joshi,loadtest1607@loadtest.example.com,9000001607,,Load Test 5K,Ahmedabad,Soylent
Arjun Joshi,loadtest1608@loadtest.example.com,9000001608,agentic-ai,Load Test 5K,Hyderabad,Acme Corp
Divya Joshi,loadtest1609@loadtest.example.com,9000001609,ai-ml,Load Test 5K,Bengaluru,Globex
Rahul Kumar,loadtest1610@loadtest.example.com,9000001610,,Load Test 5K,Mumbai,Initech
Pooja Kumar,loadtest1611@loadtest.example.com,9000001611,agentic-ai,Load Test 5K,Pune,Hooli
Aditya Kumar,loadtest1612@loadtest.example.com,9000001612,ai-ml,Load Test 5K,Chennai,Umbrella
Nisha Kumar,loadtest1613@loadtest.example.com,9000001613,,Load Test 5K,Delhi,Stark Industries
Sanjay Kumar,loadtest1614@loadtest.example.com,9000001614,agentic-ai,Load Test 5K,Kolkata,Wayne Enterprises
Kavya Kumar,loadtest1615@loadtest.example.com,9000001615,ai-ml,Load Test 5K,Ahmedabad,Soylent
Manish Kumar,loadtest1616@loadtest.example.com,9000001616,,Load Test 5K,Hyderabad,Acme Corp
Ritu Desai,loadtest1617@loadtest.example.com,9000001617,agentic-ai,Load Test 5K,Bengaluru,Globex
Vivek Desai,loadtest1618@loadtest.example.com,9000001618,ai-ml,Load Test 5K,Mumbai,Initech
Shreya Desai,loadtest1619@loadtest.example.com,9000001619,,Load Test 5K,Pune,Hooli
Aarav Desai,loadtest1620@loadtest.example.com,9000001620,agentic-ai,Load Test 5K,Chennai,Umbrella
Priya Desai,loadtest1621@loadtest.example.com,9000001621,ai-ml,Load Test 5K,Delhi,Stark Industries
Rohan Desai,loadtest1622@loadtest.example.com,9000001622,,Load Test 5K,Kolkata,Wayne Enterprises
Meera Desai,loadtest1623@loadtest.example.com,9000001623,agentic-ai,Load Test 5K,Ahmedabad,Soylent
Vikram Pillai,loadtest1624@loadtest.example.com,9000001624,ai-ml,Load Test 5K,Hyderabad,Acme Corp
Ananya Pillai,loadtest1625@loadtest.example.com,9000001625,,Load Test 5K,Bengaluru,Globex
Karthik Pillai,loadtest1626@loadtest.example.com,9000001626,agentic-ai,Load Test 5K,Mumbai,Initech
Sneha Pillai,loadtest1627@loadtest.example.com,9000001627,ai-ml,Load Test 5K,Pune,Hooli
Arjun Pillai,loadtest1628@loadtest.example.com,9000001628,,Load Test 5K,Chennai,Umbrella
Divya Pillai,loadtest1629@loadtest.example.com,9000001629,agentic-ai,Load Test 5K,Delhi,Stark Industries
Rahul Pillai,loadtest1630@loadtest.example.com,9000001630,ai-ml,Load Test 5K,Kolkata,Wayne Enterprises
Pooja Bose,loadtest1631@loadtest.example.com,9000001631,,Load Test 5K,Ahmedabad,Soylent
Aditya Bose,loadtest1632@loadtest.example.com,9000001632,agentic-ai,Load Test 5K,Hyderabad,Acme Corp
Nisha Bose,loadtest1633@loadtest.example.com,9000001633,ai-ml,Load Test 5K,Bengaluru,Globex
Sanjay Bose,loadtest1634@loadtest.example.com,9000001634,,Load Test 5K,Mumbai,Initech
Kavya Bose,loadtest1635@loadtest.example.com,9000001635,agentic-ai,Load Test 5K,Pune,Hooli
Manish Bose,loadtest1636@loadtest.example.com,9000001636,ai-ml,Load Test 5K,Chennai,Umbrella
Ritu Bose,loadtest1637@loadtest.example.com,9000001637,,Load Test 5K,Delhi,Stark Industries
Vivek Menon,loadtest1638@loadtest.example.com,9000001638,agentic-ai,Load Test 5K,Kolkata,Wayne Enterprises
Shreya Menon,loadtest1639@loadtest.example.com,9000001639,ai-ml,Load Test 5K,Ahmedabad,Soylent
Aarav Menon,loadtest1640@loadtest.example.com,9000001640,,Load Test 5K,Hyderabad,Acme Corp
Priya Menon,loadtest1641@loadtest.example.com,9000001641,agentic-ai,Load Test 5K,Bengaluru,Globex
Rohan Menon,loadtest1642@loadtest.example.com,9000001642,ai-ml,Load Test 5K,Mumbai,Initech
Meera Menon,loadtest1643@loadtest.example.com,9000001643,,Load Test 5K,Pune,Hooli
Vikram Menon,loadtest1644@loadtest.example.com,9000001644,agentic-ai,Load Test 5K,Chennai,Umbrella
Ananya Chopra,loadtest1645@loadtest.example.com,9000001645,ai-ml,Load Test 5K,Delhi,Stark Industries
Karthik Chopra,loadtest1646@loadtest.example.com,9000001646,,Load Test 5K,Kolkata,Wayne Enterprises
Sneha Chopra,loadtest1647@loadtest.example.com,9000001647,agentic-ai,Load Test 5K,Ahmedabad,Soylent
Arjun Chopra,loadtest1648@loadtest.example.com,9000001648,ai-ml,Load Test 5K,Hyderabad,Acme Corp
Divya Chopra,loadtest1649@loadtest.example.com,9000001649,,Load Test 5K,Bengaluru,Globex
Rahul Chopra,loadtest1650@loadtest.example.com,9000001650,agentic-ai,Load Test 5K,Mumbai,Initech
Pooja Chopra,loadtest1651@loadtest.example.com,9000001651,ai-ml,Load Test 5K,Pune,Hooli
Aditya Verma,loadtest1652@loadtest.example.com,9000001652,,Load Test 5K,Chennai,Umbrella
Nisha Verma,loadtest1653@loadtest.example.com,9000001653,agentic-ai,Load Test 5K,Delhi,Stark Industries
Sanjay Verma,loadtest1654@loadtest.example.com,9000001654,ai-ml,Load Test 5K,Kolkata,Wayne Enterprises
Kavya Verma,loadtest1655@loadtest.example.com,9000001655,,Load Test 5K,Ahmedabad,Soylent
Manish Verma,loadtest1656@loadtest.example.com,9000001656,agentic-ai,Load Test 5K,Hyderabad,Acme Corp
Ritu Verma,loadtest1657@loadtest.example.com,9000001657,ai-ml,Load Test 5K,Bengaluru,Globex
Vivek Verma,loadtest1658@loadtest.example.com,9000001658,,Load Test 5K,Mumbai,Initech
Shreya Shetty,loadtest1659@loadtest.example.com,9000001659,agentic-ai,Load Test 5K,Pune,Hooli
Aarav Shetty,loadtest1660@loadtest.example.com,9000001660,ai-ml,Load Test 5K,Chennai,Umbrella
Priya Shetty,loadtest1661@loadtest.example.com,9000001661,,Load Test 5K,Delhi,Stark Industries
Rohan Shetty,loadtest1662@loadtest.example.com,9000001662,agentic-ai,Load Test 5K,Kolkata,Wayne Enterprises
Meera Shetty,loadtest1663@loadtest.example.com,9000001663,ai-ml,Load Test 5K,Ahmedabad,Soylent
Vikram Shetty,loadtest1664@loadtest.example.com,9000001664,,Load Test 5K,Hyderabad,Acme Corp
Ananya Shetty,loadtest1665@loadtest.example.com,9000001665,agentic-ai,Load Test 5K,Bengaluru,Globex
Karthik Banerjee,loadtest1666@loadtest.example.com,9000001666,ai-ml,Load Test 5K,Mumbai,Initech
Sneha Banerjee,loadtest1667@loadtest.example.com,9000001667,,Load Test 5K,Pune,Hooli
Arjun Banerjee,loadtest1668@loadtest.example.com,9000001668,agentic-ai,Load Test 5K,Chennai,Umbrella
Divya Banerjee,loadtest1669@loadtest.example.com,9000001669,ai-ml,Load Test 5K,Delhi,Stark Industries
Rahul Banerjee,loadtest1670@loadtest.example.com,9000001670,,Load Test 5K,Kolkata,Wayne Enterprises
Pooja Banerjee,loadtest1671@loadtest.example.com,9000001671,agentic-ai,Load Test 5K,Ahmedabad,Soylent
Aditya Banerjee,loadtest1672@loadtest.example.com,9000001672,ai-ml,Load Test 5K,Hyderabad,Acme Corp
Nisha Kapoor,loadtest1673@loadtest.example.com,9000001673,,Load Test 5K,Bengaluru,Globex
Sanjay Kapoor,loadtest1674@loadtest.example.com,9000001674,agentic-ai,Load Test 5K,Mumbai,Initech
Kavya Kapoor,loadtest1675@loadtest.example.com,9000001675,ai-ml,Load Test 5K,Pune,Hooli
Manish Kapoor,loadtest1676@loadtest.example.com,9000001676,,Load Test 5K,Chennai,Umbrella
Ritu Kapoor,loadtest1677@loadtest.example.com,9000001677,agentic-ai,Load Test 5K,Delhi,Stark Industries
Vivek Kapoor,loadtest1678@loadtest.example.com,9000001678,ai-ml,Load Test 5K,Kolkata,Wayne Enterprises
Shreya Kapoor,loadtest1679@loadtest.example.com,9000001679,,Load Test 5K,Ahmedabad,Soylent
Aarav Sharma,loadtest1680@loadtest.example.com,9000001680,agentic-ai,Load Test 5K,Hyderabad,Acme Corp
Priya Sharma,loadtest1681@loadtest.example.com,9000001681,ai-ml,Load Test 5K,Bengaluru,Globex
Rohan Sharma,loadtest1682@loadtest.example.com,9000001682,,Load Test 5K,Mumbai,Initech
Meera Sharma,loadtest1683@loadtest.example.com,9000001683,agentic-ai,Load Test 5K,Pune,Hooli
Vikram Sharma,loadtest1684@loadtest.example.com,9000001684,ai-ml,Load Test 5K,Chennai,Umbrella
Ananya Sharma,loadtest1685@loadtest.example.com,9000001685,,Load Test 5K,Delhi,Stark Industries
Karthik Sharma,loadtest1686@loadtest.example.com,9000001686,agentic-ai,Load Test 5K,Kolkata,Wayne Enterprises
Sneha Nair,loadtest1687@loadtest.example.com,9000001687,ai-ml,Load Test 5K,Ahmedabad,Soylent
Arjun Nair,loadtest1688@loadtest.example.com,9000001688,,Load Test 5K,Hyderabad,Acme Corp
Divya Nair,loadtest1689@loadtest.example.com,9000001689,agentic-ai,Load Test 5K,Bengaluru,Globex
Rahul Nair,loadtest1690@loadtest.example.com,9000001690,ai-ml,Load Test 5K,Mumbai,Initech
Pooja Nair,loadtest1691@loadtest.example.com,9000001691,,Load Test 5K,Pune,Hooli
Aditya Nair,loadtest1692@loadtest.example.com,9000001692,agentic-ai,Load Test 5K,Chennai,Umbrella
Nisha Nair,loadtest1693@loadtest.example.com,9000001693,ai-ml,Load Test 5K,Delhi,Stark Industries
Sanjay Mehta,loadtest1694@loadtest.example.com,9000001694,,Load Test 5K,Kolkata,Wayne Enterprises
Kavya Mehta,loadtest1695@loadtest.example.com,9000001695,agentic-ai,Load Test 5K,Ahmedabad,Soylent
Manish Mehta,loadtest1696@loadtest.example.com,9000001696,ai-ml,Load Test 5K,Hyderabad,Acme Corp
Ritu Mehta,loadtest1697@loadtest.example.com,9000001697,,Load Test 5K,Bengaluru,Globex
Vivek Mehta,loadtest1698@loadtest.example.com,9000001698,agentic-ai,Load Test 5K,Mumbai,Initech
Shreya Mehta,loadtest1699@loadtest.example.com,9000001699,ai-ml,Load Test 5K,Pune,Hooli
Aarav Mehta,loadtest1700@loadtest.example.com,9000001700,,Load Test 5K,Chennai,Umbrella
Priya Iyer,loadtest1701@loadtest.example.com,9000001701,agentic-ai,Load Test 5K,Delhi,Stark Industries
Rohan Iyer,loadtest1702@loadtest.example.com,9000001702,ai-ml,Load Test 5K,Kolkata,Wayne Enterprises
Meera Iyer,loadtest1703@loadtest.example.com,9000001703,,Load Test 5K,Ahmedabad,Soylent
Vikram Iyer,loadtest1704@loadtest.example.com,9000001704,agentic-ai,Load Test 5K,Hyderabad,Acme Corp
Ananya Iyer,loadtest1705@loadtest.example.com,9000001705,ai-ml,Load Test 5K,Bengaluru,Globex
Karthik Iyer,loadtest1706@loadtest.example.com,9000001706,,Load Test 5K,Mumbai,Initech
Sneha Iyer,loadtest1707@loadtest.example.com,9000001707,agentic-ai,Load Test 5K,Pune,Hooli
Arjun Reddy,loadtest1708@loadtest.example.com,9000001708,ai-ml,Load Test 5K,Chennai,Umbrella
Divya Reddy,loadtest1709@loadtest.example.com,9000001709,,Load Test 5K,Delhi,Stark Industries
Rahul Reddy,loadtest1710@loadtest.example.com,9000001710,agentic-ai,Load Test 5K,Kolkata,Wayne Enterprises
Pooja Reddy,loadtest1711@loadtest.example.com,9000001711,ai-ml,Load Test 5K,Ahmedabad,Soylent
Aditya Reddy,loadtest1712@loadtest.example.com,9000001712,,Load Test 5K,Hyderabad,Acme Corp
Nisha Reddy,loadtest1713@loadtest.example.com,9000001713,agentic-ai,Load Test 5K,Bengaluru,Globex
Sanjay Reddy,loadtest1714@loadtest.example.com,9000001714,ai-ml,Load Test 5K,Mumbai,Initech
Kavya Gupta,loadtest1715@loadtest.example.com,9000001715,,Load Test 5K,Pune,Hooli
Manish Gupta,loadtest1716@loadtest.example.com,9000001716,agentic-ai,Load Test 5K,Chennai,Umbrella
Ritu Gupta,loadtest1717@loadtest.example.com,9000001717,ai-ml,Load Test 5K,Delhi,Stark Industries
Vivek Gupta,loadtest1718@loadtest.example.com,9000001718,,Load Test 5K,Kolkata,Wayne Enterprises
Shreya Gupta,loadtest1719@loadtest.example.com,9000001719,agentic-ai,Load Test 5K,Ahmedabad,Soylent
Aarav Gupta,loadtest1720@loadtest.example.com,9000001720,ai-ml,Load Test 5K,Hyderabad,Acme Corp
Priya Gupta,loadtest1721@loadtest.example.com,9000001721,,Load Test 5K,Bengaluru,Globex
Rohan Patel,loadtest1722@loadtest.example.com,9000001722,agentic-ai,Load Test 5K,Mumbai,Initech
Meera Patel,loadtest1723@loadtest.example.com,9000001723,ai-ml,Load Test 5K,Pune,Hooli
Vikram Patel,loadtest1724@loadtest.example.com,9000001724,,Load Test 5K,Chennai,Umbrella
Ananya Patel,loadtest1725@loadtest.example.com,9000001725,agentic-ai,Load Test 5K,Delhi,Stark Industries
Karthik Patel,loadtest1726@loadtest.example.com,9000001726,ai-ml,Load Test 5K,Kolkata,Wayne Enterprises
Sneha Patel,loadtest1727@loadtest.example.com,9000001727,,Load Test 5K,Ahmedabad,Soylent
Arjun Patel,loadtest1728@loadtest.example.com,9000001728,agentic-ai,Load Test 5K,Hyderabad,Acme Corp
Divya Rao,loadtest1729@loadtest.example.com,9000001729,ai-ml,Load Test 5K,Bengaluru,Globex
Rahul Rao,loadtest1730@loadtest.example.com,9000001730,,Load Test 5K,Mumbai,Initech
Pooja Rao,loadtest1731@loadtest.example.com,9000001731,agentic-ai,Load Test 5K,Pune,Hooli
Aditya Rao,loadtest1732@loadtest.example.com,9000001732,ai-ml,Load Test 5K,Chennai,Umbrella
Nisha Rao,loadtest1733@loadtest.example.com,9000001733,,Load Test 5K,Delhi,Stark Industries
Sanjay Rao,loadtest1734@loadtest.example.com,9000001734,agentic-ai,Load Test 5K,Kolkata,Wayne Enterprises
Kavya Rao,loadtest1735@loadtest.example.com,9000001735,ai-ml,Load Test 5K,Ahmedabad,Soylent
Manish Singh,loadtest1736@loadtest.example.com,9000001736,,Load Test 5K,Hyderabad,Acme Corp
Ritu Singh,loadtest1737@loadtest.example.com,9000001737,agentic-ai,Load Test 5K,Bengaluru,Globex
Vivek Singh,loadtest1738@loadtest.example.com,9000001738,ai-ml,Load Test 5K,Mumbai,Initech
Shreya Singh,loadtest1739@loadtest.example.com,9000001739,,Load Test 5K,Pune,Hooli
Aarav Singh,loadtest1740@loadtest.example.com,9000001740,agentic-ai,Load Test 5K,Chennai,Umbrella
Priya Singh,loadtest1741@loadtest.example.com,9000001741,ai-ml,Load Test 5K,Delhi,Stark Industries
Rohan Singh,loadtest1742@loadtest.example.com,9000001742,,Load Test 5K,Kolkata,Wayne Enterprises
Meera Joshi,loadtest1743@loadtest.example.com,9000001743,agentic-ai,Load Test 5K,Ahmedabad,Soylent
Vikram Joshi,loadtest1744@loadtest.example.com,9000001744,ai-ml,Load Test 5K,Hyderabad,Acme Corp
Ananya Joshi,loadtest1745@loadtest.example.com,9000001745,,Load Test 5K,Bengaluru,Globex
Karthik Joshi,loadtest1746@loadtest.example.com,9000001746,agentic-ai,Load Test 5K,Mumbai,Initech
Sneha Joshi,loadtest1747@loadtest.example.com,9000001747,ai-ml,Load Test 5K,Pune,Hooli
Arjun Joshi,loadtest1748@loadtest.example.com,9000001748,,Load Test 5K,Chennai,Umbrella
Divya Joshi,loadtest1749@loadtest.example.com,9000001749,agentic-ai,Load Test 5K,Delhi,Stark Industries
Rahul Kumar,loadtest1750@loadtest.example.com,9000001750,ai-ml,Load Test 5K,Kolkata,Wayne Enterprises
Pooja Kumar,loadtest1751@loadtest.example.com,9000001751,,Load Test 5K,Ahmedabad,Soylent
Aditya Kumar,loadtest1752@loadtest.example.com,9000001752,agentic-ai,Load Test 5K,Hyderabad,Acme Corp
Nisha Kumar,loadtest1753@loadtest.example.com,9000001753,ai-ml,Load Test 5K,Bengaluru,Globex
Sanjay Kumar,loadtest1754@loadtest.example.com,9000001754,,Load Test 5K,Mumbai,Initech
Kavya Kumar,loadtest1755@loadtest.example.com,9000001755,agentic-ai,Load Test 5K,Pune,Hooli
Manish Kumar,loadtest1756@loadtest.example.com,9000001756,ai-ml,Load Test 5K,Chennai,Umbrella
Ritu Desai,loadtest1757@loadtest.example.com,9000001757,,Load Test 5K,Delhi,Stark Industries
Vivek Desai,loadtest1758@loadtest.example.com,9000001758,agentic-ai,Load Test 5K,Kolkata,Wayne Enterprises
Shreya Desai,loadtest1759@loadtest.example.com,9000001759,ai-ml,Load Test 5K,Ahmedabad,Soylent
Aarav Desai,loadtest1760@loadtest.example.com,9000001760,,Load Test 5K,Hyderabad,Acme Corp
Priya Desai,loadtest1761@loadtest.example.com,9000001761,agentic-ai,Load Test 5K,Bengaluru,Globex
Rohan Desai,loadtest1762@loadtest.example.com,9000001762,ai-ml,Load Test 5K,Mumbai,Initech
Meera Desai,loadtest1763@loadtest.example.com,9000001763,,Load Test 5K,Pune,Hooli
Vikram Pillai,loadtest1764@loadtest.example.com,9000001764,agentic-ai,Load Test 5K,Chennai,Umbrella
Ananya Pillai,loadtest1765@loadtest.example.com,9000001765,ai-ml,Load Test 5K,Delhi,Stark Industries
Karthik Pillai,loadtest1766@loadtest.example.com,9000001766,,Load Test 5K,Kolkata,Wayne Enterprises
Sneha Pillai,loadtest1767@loadtest.example.com,9000001767,agentic-ai,Load Test 5K,Ahmedabad,Soylent
Arjun Pillai,loadtest1768@loadtest.example.com,9000001768,ai-ml,Load Test 5K,Hyderabad,Acme Corp
Divya Pillai,loadtest1769@loadtest.example.com,9000001769,,Load Test 5K,Bengaluru,Globex
Rahul Pillai,loadtest1770@loadtest.example.com,9000001770,agentic-ai,Load Test 5K,Mumbai,Initech
Pooja Bose,loadtest1771@loadtest.example.com,9000001771,ai-ml,Load Test 5K,Pune,Hooli
Aditya Bose,loadtest1772@loadtest.example.com,9000001772,,Load Test 5K,Chennai,Umbrella
Nisha Bose,loadtest1773@loadtest.example.com,9000001773,agentic-ai,Load Test 5K,Delhi,Stark Industries
Sanjay Bose,loadtest1774@loadtest.example.com,9000001774,ai-ml,Load Test 5K,Kolkata,Wayne Enterprises
Kavya Bose,loadtest1775@loadtest.example.com,9000001775,,Load Test 5K,Ahmedabad,Soylent
Manish Bose,loadtest1776@loadtest.example.com,9000001776,agentic-ai,Load Test 5K,Hyderabad,Acme Corp
Ritu Bose,loadtest1777@loadtest.example.com,9000001777,ai-ml,Load Test 5K,Bengaluru,Globex
Vivek Menon,loadtest1778@loadtest.example.com,9000001778,,Load Test 5K,Mumbai,Initech
Shreya Menon,loadtest1779@loadtest.example.com,9000001779,agentic-ai,Load Test 5K,Pune,Hooli
Aarav Menon,loadtest1780@loadtest.example.com,9000001780,ai-ml,Load Test 5K,Chennai,Umbrella
Priya Menon,loadtest1781@loadtest.example.com,9000001781,,Load Test 5K,Delhi,Stark Industries
Rohan Menon,loadtest1782@loadtest.example.com,9000001782,agentic-ai,Load Test 5K,Kolkata,Wayne Enterprises
Meera Menon,loadtest1783@loadtest.example.com,9000001783,ai-ml,Load Test 5K,Ahmedabad,Soylent
Vikram Menon,loadtest1784@loadtest.example.com,9000001784,,Load Test 5K,Hyderabad,Acme Corp
Ananya Chopra,loadtest1785@loadtest.example.com,9000001785,agentic-ai,Load Test 5K,Bengaluru,Globex
Karthik Chopra,loadtest1786@loadtest.example.com,9000001786,ai-ml,Load Test 5K,Mumbai,Initech
Sneha Chopra,loadtest1787@loadtest.example.com,9000001787,,Load Test 5K,Pune,Hooli
Arjun Chopra,loadtest1788@loadtest.example.com,9000001788,agentic-ai,Load Test 5K,Chennai,Umbrella
Divya Chopra,loadtest1789@loadtest.example.com,9000001789,ai-ml,Load Test 5K,Delhi,Stark Industries
Rahul Chopra,loadtest1790@loadtest.example.com,9000001790,,Load Test 5K,Kolkata,Wayne Enterprises
Pooja Chopra,loadtest1791@loadtest.example.com,9000001791,agentic-ai,Load Test 5K,Ahmedabad,Soylent
Aditya Verma,loadtest1792@loadtest.example.com,9000001792,ai-ml,Load Test 5K,Hyderabad,Acme Corp
Nisha Verma,loadtest1793@loadtest.example.com,9000001793,,Load Test 5K,Bengaluru,Globex
Sanjay Verma,loadtest1794@loadtest.example.com,9000001794,agentic-ai,Load Test 5K,Mumbai,Initech
Kavya Verma,loadtest1795@loadtest.example.com,9000001795,ai-ml,Load Test 5K,Pune,Hooli
Manish Verma,loadtest1796@loadtest.example.com,9000001796,,Load Test 5K,Chennai,Umbrella
Ritu Verma,loadtest1797@loadtest.example.com,9000001797,agentic-ai,Load Test 5K,Delhi,Stark Industries
Vivek Verma,loadtest1798@loadtest.example.com,9000001798,ai-ml,Load Test 5K,Kolkata,Wayne Enterprises
Shreya Shetty,loadtest1799@loadtest.example.com,9000001799,,Load Test 5K,Ahmedabad,Soylent
Aarav Shetty,loadtest1800@loadtest.example.com,9000001800,agentic-ai,Load Test 5K,Hyderabad,Acme Corp
Priya Shetty,loadtest1801@loadtest.example.com,9000001801,ai-ml,Load Test 5K,Bengaluru,Globex
Rohan Shetty,loadtest1802@loadtest.example.com,9000001802,,Load Test 5K,Mumbai,Initech
Meera Shetty,loadtest1803@loadtest.example.com,9000001803,agentic-ai,Load Test 5K,Pune,Hooli
Vikram Shetty,loadtest1804@loadtest.example.com,9000001804,ai-ml,Load Test 5K,Chennai,Umbrella
Ananya Shetty,loadtest1805@loadtest.example.com,9000001805,,Load Test 5K,Delhi,Stark Industries
Karthik Banerjee,loadtest1806@loadtest.example.com,9000001806,agentic-ai,Load Test 5K,Kolkata,Wayne Enterprises
Sneha Banerjee,loadtest1807@loadtest.example.com,9000001807,ai-ml,Load Test 5K,Ahmedabad,Soylent
Arjun Banerjee,loadtest1808@loadtest.example.com,9000001808,,Load Test 5K,Hyderabad,Acme Corp
Divya Banerjee,loadtest1809@loadtest.example.com,9000001809,agentic-ai,Load Test 5K,Bengaluru,Globex
Rahul Banerjee,loadtest1810@loadtest.example.com,9000001810,ai-ml,Load Test 5K,Mumbai,Initech
Pooja Banerjee,loadtest1811@loadtest.example.com,9000001811,,Load Test 5K,Pune,Hooli
Aditya Banerjee,loadtest1812@loadtest.example.com,9000001812,agentic-ai,Load Test 5K,Chennai,Umbrella
Nisha Kapoor,loadtest1813@loadtest.example.com,9000001813,ai-ml,Load Test 5K,Delhi,Stark Industries
Sanjay Kapoor,loadtest1814@loadtest.example.com,9000001814,,Load Test 5K,Kolkata,Wayne Enterprises
Kavya Kapoor,loadtest1815@loadtest.example.com,9000001815,agentic-ai,Load Test 5K,Ahmedabad,Soylent
Manish Kapoor,loadtest1816@loadtest.example.com,9000001816,ai-ml,Load Test 5K,Hyderabad,Acme Corp
Ritu Kapoor,loadtest1817@loadtest.example.com,9000001817,,Load Test 5K,Bengaluru,Globex
Vivek Kapoor,loadtest1818@loadtest.example.com,9000001818,agentic-ai,Load Test 5K,Mumbai,Initech
Shreya Kapoor,loadtest1819@loadtest.example.com,9000001819,ai-ml,Load Test 5K,Pune,Hooli
Aarav Sharma,loadtest1820@loadtest.example.com,9000001820,,Load Test 5K,Chennai,Umbrella
Priya Sharma,loadtest1821@loadtest.example.com,9000001821,agentic-ai,Load Test 5K,Delhi,Stark Industries
Rohan Sharma,loadtest1822@loadtest.example.com,9000001822,ai-ml,Load Test 5K,Kolkata,Wayne Enterprises
Meera Sharma,loadtest1823@loadtest.example.com,9000001823,,Load Test 5K,Ahmedabad,Soylent
Vikram Sharma,loadtest1824@loadtest.example.com,9000001824,agentic-ai,Load Test 5K,Hyderabad,Acme Corp
Ananya Sharma,loadtest1825@loadtest.example.com,9000001825,ai-ml,Load Test 5K,Bengaluru,Globex
Karthik Sharma,loadtest1826@loadtest.example.com,9000001826,,Load Test 5K,Mumbai,Initech
Sneha Nair,loadtest1827@loadtest.example.com,9000001827,agentic-ai,Load Test 5K,Pune,Hooli
Arjun Nair,loadtest1828@loadtest.example.com,9000001828,ai-ml,Load Test 5K,Chennai,Umbrella
Divya Nair,loadtest1829@loadtest.example.com,9000001829,,Load Test 5K,Delhi,Stark Industries
Rahul Nair,loadtest1830@loadtest.example.com,9000001830,agentic-ai,Load Test 5K,Kolkata,Wayne Enterprises
Pooja Nair,loadtest1831@loadtest.example.com,9000001831,ai-ml,Load Test 5K,Ahmedabad,Soylent
Aditya Nair,loadtest1832@loadtest.example.com,9000001832,,Load Test 5K,Hyderabad,Acme Corp
Nisha Nair,loadtest1833@loadtest.example.com,9000001833,agentic-ai,Load Test 5K,Bengaluru,Globex
Sanjay Mehta,loadtest1834@loadtest.example.com,9000001834,ai-ml,Load Test 5K,Mumbai,Initech
Kavya Mehta,loadtest1835@loadtest.example.com,9000001835,,Load Test 5K,Pune,Hooli
Manish Mehta,loadtest1836@loadtest.example.com,9000001836,agentic-ai,Load Test 5K,Chennai,Umbrella
Ritu Mehta,loadtest1837@loadtest.example.com,9000001837,ai-ml,Load Test 5K,Delhi,Stark Industries
Vivek Mehta,loadtest1838@loadtest.example.com,9000001838,,Load Test 5K,Kolkata,Wayne Enterprises
Shreya Mehta,loadtest1839@loadtest.example.com,9000001839,agentic-ai,Load Test 5K,Ahmedabad,Soylent
Aarav Mehta,loadtest1840@loadtest.example.com,9000001840,ai-ml,Load Test 5K,Hyderabad,Acme Corp
Priya Iyer,loadtest1841@loadtest.example.com,9000001841,,Load Test 5K,Bengaluru,Globex
Rohan Iyer,loadtest1842@loadtest.example.com,9000001842,agentic-ai,Load Test 5K,Mumbai,Initech
Meera Iyer,loadtest1843@loadtest.example.com,9000001843,ai-ml,Load Test 5K,Pune,Hooli
Vikram Iyer,loadtest1844@loadtest.example.com,9000001844,,Load Test 5K,Chennai,Umbrella
Ananya Iyer,loadtest1845@loadtest.example.com,9000001845,agentic-ai,Load Test 5K,Delhi,Stark Industries
Karthik Iyer,loadtest1846@loadtest.example.com,9000001846,ai-ml,Load Test 5K,Kolkata,Wayne Enterprises
Sneha Iyer,loadtest1847@loadtest.example.com,9000001847,,Load Test 5K,Ahmedabad,Soylent
Arjun Reddy,loadtest1848@loadtest.example.com,9000001848,agentic-ai,Load Test 5K,Hyderabad,Acme Corp
Divya Reddy,loadtest1849@loadtest.example.com,9000001849,ai-ml,Load Test 5K,Bengaluru,Globex
Rahul Reddy,loadtest1850@loadtest.example.com,9000001850,,Load Test 5K,Mumbai,Initech
Pooja Reddy,loadtest1851@loadtest.example.com,9000001851,agentic-ai,Load Test 5K,Pune,Hooli
Aditya Reddy,loadtest1852@loadtest.example.com,9000001852,ai-ml,Load Test 5K,Chennai,Umbrella
Nisha Reddy,loadtest1853@loadtest.example.com,9000001853,,Load Test 5K,Delhi,Stark Industries
Sanjay Reddy,loadtest1854@loadtest.example.com,9000001854,agentic-ai,Load Test 5K,Kolkata,Wayne Enterprises
Kavya Gupta,loadtest1855@loadtest.example.com,9000001855,ai-ml,Load Test 5K,Ahmedabad,Soylent
Manish Gupta,loadtest1856@loadtest.example.com,9000001856,,Load Test 5K,Hyderabad,Acme Corp
Ritu Gupta,loadtest1857@loadtest.example.com,9000001857,agentic-ai,Load Test 5K,Bengaluru,Globex
Vivek Gupta,loadtest1858@loadtest.example.com,9000001858,ai-ml,Load Test 5K,Mumbai,Initech
Shreya Gupta,loadtest1859@loadtest.example.com,9000001859,,Load Test 5K,Pune,Hooli
Aarav Gupta,loadtest1860@loadtest.example.com,9000001860,agentic-ai,Load Test 5K,Chennai,Umbrella
Priya Gupta,loadtest1861@loadtest.example.com,9000001861,ai-ml,Load Test 5K,Delhi,Stark Industries
Rohan Patel,loadtest1862@loadtest.example.com,9000001862,,Load Test 5K,Kolkata,Wayne Enterprises
Meera Patel,loadtest1863@loadtest.example.com,9000001863,agentic-ai,Load Test 5K,Ahmedabad,Soylent
Vikram Patel,loadtest1864@loadtest.example.com,9000001864,ai-ml,Load Test 5K,Hyderabad,Acme Corp
Ananya Patel,loadtest1865@loadtest.example.com,9000001865,,Load Test 5K,Bengaluru,Globex
Karthik Patel,loadtest1866@loadtest.example.com,9000001866,agentic-ai,Load Test 5K,Mumbai,Initech
Sneha Patel,loadtest1867@loadtest.example.com,9000001867,ai-ml,Load Test 5K,Pune,Hooli
Arjun Patel,loadtest1868@loadtest.example.com,9000001868,,Load Test 5K,Chennai,Umbrella
Divya Rao,loadtest1869@loadtest.example.com,9000001869,agentic-ai,Load Test 5K,Delhi,Stark Industries
Rahul Rao,loadtest1870@loadtest.example.com,9000001870,ai-ml,Load Test 5K,Kolkata,Wayne Enterprises
Pooja Rao,loadtest1871@loadtest.example.com,9000001871,,Load Test 5K,Ahmedabad,Soylent
Aditya Rao,loadtest1872@loadtest.example.com,9000001872,agentic-ai,Load Test 5K,Hyderabad,Acme Corp
Nisha Rao,loadtest1873@loadtest.example.com,9000001873,ai-ml,Load Test 5K,Bengaluru,Globex
Sanjay Rao,loadtest1874@loadtest.example.com,9000001874,,Load Test 5K,Mumbai,Initech
Kavya Rao,loadtest1875@loadtest.example.com,9000001875,agentic-ai,Load Test 5K,Pune,Hooli
Manish Singh,loadtest1876@loadtest.example.com,9000001876,ai-ml,Load Test 5K,Chennai,Umbrella
Ritu Singh,loadtest1877@loadtest.example.com,9000001877,,Load Test 5K,Delhi,Stark Industries
Vivek Singh,loadtest1878@loadtest.example.com,9000001878,agentic-ai,Load Test 5K,Kolkata,Wayne Enterprises
Shreya Singh,loadtest1879@loadtest.example.com,9000001879,ai-ml,Load Test 5K,Ahmedabad,Soylent
Aarav Singh,loadtest1880@loadtest.example.com,9000001880,,Load Test 5K,Hyderabad,Acme Corp
Priya Singh,loadtest1881@loadtest.example.com,9000001881,agentic-ai,Load Test 5K,Bengaluru,Globex
Rohan Singh,loadtest1882@loadtest.example.com,9000001882,ai-ml,Load Test 5K,Mumbai,Initech
Meera Joshi,loadtest1883@loadtest.example.com,9000001883,,Load Test 5K,Pune,Hooli
Vikram Joshi,loadtest1884@loadtest.example.com,9000001884,agentic-ai,Load Test 5K,Chennai,Umbrella
Ananya Joshi,loadtest1885@loadtest.example.com,9000001885,ai-ml,Load Test 5K,Delhi,Stark Industries
Karthik Joshi,loadtest1886@loadtest.example.com,9000001886,,Load Test 5K,Kolkata,Wayne Enterprises
Sneha Joshi,loadtest1887@loadtest.example.com,9000001887,agentic-ai,Load Test 5K,Ahmedabad,Soylent
Arjun Joshi,loadtest1888@loadtest.example.com,9000001888,ai-ml,Load Test 5K,Hyderabad,Acme Corp
Divya Joshi,loadtest1889@loadtest.example.com,9000001889,,Load Test 5K,Bengaluru,Globex
Rahul Kumar,loadtest1890@loadtest.example.com,9000001890,agentic-ai,Load Test 5K,Mumbai,Initech
Pooja Kumar,loadtest1891@loadtest.example.com,9000001891,ai-ml,Load Test 5K,Pune,Hooli
Aditya Kumar,loadtest1892@loadtest.example.com,9000001892,,Load Test 5K,Chennai,Umbrella
Nisha Kumar,loadtest1893@loadtest.example.com,9000001893,agentic-ai,Load Test 5K,Delhi,Stark Industries
Sanjay Kumar,loadtest1894@loadtest.example.com,9000001894,ai-ml,Load Test 5K,Kolkata,Wayne Enterprises
Kavya Kumar,loadtest1895@loadtest.example.com,9000001895,,Load Test 5K,Ahmedabad,Soylent
Manish Kumar,loadtest1896@loadtest.example.com,9000001896,agentic-ai,Load Test 5K,Hyderabad,Acme Corp
Ritu Desai,loadtest1897@loadtest.example.com,9000001897,ai-ml,Load Test 5K,Bengaluru,Globex
Vivek Desai,loadtest1898@loadtest.example.com,9000001898,,Load Test 5K,Mumbai,Initech
Shreya Desai,loadtest1899@loadtest.example.com,9000001899,agentic-ai,Load Test 5K,Pune,Hooli
Aarav Desai,loadtest1900@loadtest.example.com,9000001900,ai-ml,Load Test 5K,Chennai,Umbrella
Priya Desai,loadtest1901@loadtest.example.com,9000001901,,Load Test 5K,Delhi,Stark Industries
Rohan Desai,loadtest1902@loadtest.example.com,9000001902,agentic-ai,Load Test 5K,Kolkata,Wayne Enterprises
Meera Desai,loadtest1903@loadtest.example.com,9000001903,ai-ml,Load Test 5K,Ahmedabad,Soylent
Vikram Pillai,loadtest1904@loadtest.example.com,9000001904,,Load Test 5K,Hyderabad,Acme Corp
Ananya Pillai,loadtest1905@loadtest.example.com,9000001905,agentic-ai,Load Test 5K,Bengaluru,Globex
Karthik Pillai,loadtest1906@loadtest.example.com,9000001906,ai-ml,Load Test 5K,Mumbai,Initech
Sneha Pillai,loadtest1907@loadtest.example.com,9000001907,,Load Test 5K,Pune,Hooli
Arjun Pillai,loadtest1908@loadtest.example.com,9000001908,agentic-ai,Load Test 5K,Chennai,Umbrella
Divya Pillai,loadtest1909@loadtest.example.com,9000001909,ai-ml,Load Test 5K,Delhi,Stark Industries
Rahul Pillai,loadtest1910@loadtest.example.com,9000001910,,Load Test 5K,Kolkata,Wayne Enterprises
Pooja Bose,loadtest1911@loadtest.example.com,9000001911,agentic-ai,Load Test 5K,Ahmedabad,Soylent
Aditya Bose,loadtest1912@loadtest.example.com,9000001912,ai-ml,Load Test 5K,Hyderabad,Acme Corp
Nisha Bose,loadtest1913@loadtest.example.com,9000001913,,Load Test 5K,Bengaluru,Globex
Sanjay Bose,loadtest1914@loadtest.example.com,9000001914,agentic-ai,Load Test 5K,Mumbai,Initech
Kavya Bose,loadtest1915@loadtest.example.com,9000001915,ai-ml,Load Test 5K,Pune,Hooli
Manish Bose,loadtest1916@loadtest.example.com,9000001916,,Load Test 5K,Chennai,Umbrella
Ritu Bose,loadtest1917@loadtest.example.com,9000001917,agentic-ai,Load Test 5K,Delhi,Stark Industries
Vivek Menon,loadtest1918@loadtest.example.com,9000001918,ai-ml,Load Test 5K,Kolkata,Wayne Enterprises
Shreya Menon,loadtest1919@loadtest.example.com,9000001919,,Load Test 5K,Ahmedabad,Soylent
Aarav Menon,loadtest1920@loadtest.example.com,9000001920,agentic-ai,Load Test 5K,Hyderabad,Acme Corp
Priya Menon,loadtest1921@loadtest.example.com,9000001921,ai-ml,Load Test 5K,Bengaluru,Globex
Rohan Menon,loadtest1922@loadtest.example.com,9000001922,,Load Test 5K,Mumbai,Initech
Meera Menon,loadtest1923@loadtest.example.com,9000001923,agentic-ai,Load Test 5K,Pune,Hooli
Vikram Menon,loadtest1924@loadtest.example.com,9000001924,ai-ml,Load Test 5K,Chennai,Umbrella
Ananya Chopra,loadtest1925@loadtest.example.com,9000001925,,Load Test 5K,Delhi,Stark Industries
Karthik Chopra,loadtest1926@loadtest.example.com,9000001926,agentic-ai,Load Test 5K,Kolkata,Wayne Enterprises
Sneha Chopra,loadtest1927@loadtest.example.com,9000001927,ai-ml,Load Test 5K,Ahmedabad,Soylent
Arjun Chopra,loadtest1928@loadtest.example.com,9000001928,,Load Test 5K,Hyderabad,Acme Corp
Divya Chopra,loadtest1929@loadtest.example.com,9000001929,agentic-ai,Load Test 5K,Bengaluru,Globex
Rahul Chopra,loadtest1930@loadtest.example.com,9000001930,ai-ml,Load Test 5K,Mumbai,Initech
Pooja Chopra,loadtest1931@loadtest.example.com,9000001931,,Load Test 5K,Pune,Hooli
Aditya Verma,loadtest1932@loadtest.example.com,9000001932,agentic-ai,Load Test 5K,Chennai,Umbrella
Nisha Verma,loadtest1933@loadtest.example.com,9000001933,ai-ml,Load Test 5K,Delhi,Stark Industries
Sanjay Verma,loadtest1934@loadtest.example.com,9000001934,,Load Test 5K,Kolkata,Wayne Enterprises
Kavya Verma,loadtest1935@loadtest.example.com,9000001935,agentic-ai,Load Test 5K,Ahmedabad,Soylent
Manish Verma,loadtest1936@loadtest.example.com,9000001936,ai-ml,Load Test 5K,Hyderabad,Acme Corp
Ritu Verma,loadtest1937@loadtest.example.com,9000001937,,Load Test 5K,Bengaluru,Globex
Vivek Verma,loadtest1938@loadtest.example.com,9000001938,agentic-ai,Load Test 5K,Mumbai,Initech
Shreya Shetty,loadtest1939@loadtest.example.com,9000001939,ai-ml,Load Test 5K,Pune,Hooli
Aarav Shetty,loadtest1940@loadtest.example.com,9000001940,,Load Test 5K,Chennai,Umbrella
Priya Shetty,loadtest1941@loadtest.example.com,9000001941,agentic-ai,Load Test 5K,Delhi,Stark Industries
Rohan Shetty,loadtest1942@loadtest.example.com,9000001942,ai-ml,Load Test 5K,Kolkata,Wayne Enterprises
Meera Shetty,loadtest1943@loadtest.example.com,9000001943,,Load Test 5K,Ahmedabad,Soylent
Vikram Shetty,loadtest1944@loadtest.example.com,9000001944,agentic-ai,Load Test 5K,Hyderabad,Acme Corp
Ananya Shetty,loadtest1945@loadtest.example.com,9000001945,ai-ml,Load Test 5K,Bengaluru,Globex
Karthik Banerjee,loadtest1946@loadtest.example.com,9000001946,,Load Test 5K,Mumbai,Initech
Sneha Banerjee,loadtest1947@loadtest.example.com,9000001947,agentic-ai,Load Test 5K,Pune,Hooli
Arjun Banerjee,loadtest1948@loadtest.example.com,9000001948,ai-ml,Load Test 5K,Chennai,Umbrella
Divya Banerjee,loadtest1949@loadtest.example.com,9000001949,,Load Test 5K,Delhi,Stark Industries
Rahul Banerjee,loadtest1950@loadtest.example.com,9000001950,agentic-ai,Load Test 5K,Kolkata,Wayne Enterprises
Pooja Banerjee,loadtest1951@loadtest.example.com,9000001951,ai-ml,Load Test 5K,Ahmedabad,Soylent
Aditya Banerjee,loadtest1952@loadtest.example.com,9000001952,,Load Test 5K,Hyderabad,Acme Corp
Nisha Kapoor,loadtest1953@loadtest.example.com,9000001953,agentic-ai,Load Test 5K,Bengaluru,Globex
Sanjay Kapoor,loadtest1954@loadtest.example.com,9000001954,ai-ml,Load Test 5K,Mumbai,Initech
Kavya Kapoor,loadtest1955@loadtest.example.com,9000001955,,Load Test 5K,Pune,Hooli
Manish Kapoor,loadtest1956@loadtest.example.com,9000001956,agentic-ai,Load Test 5K,Chennai,Umbrella
Ritu Kapoor,loadtest1957@loadtest.example.com,9000001957,ai-ml,Load Test 5K,Delhi,Stark Industries
Vivek Kapoor,loadtest1958@loadtest.example.com,9000001958,,Load Test 5K,Kolkata,Wayne Enterprises
Shreya Kapoor,loadtest1959@loadtest.example.com,9000001959,agentic-ai,Load Test 5K,Ahmedabad,Soylent
Aarav Sharma,loadtest1960@loadtest.example.com,9000001960,ai-ml,Load Test 5K,Hyderabad,Acme Corp
Priya Sharma,loadtest1961@loadtest.example.com,9000001961,,Load Test 5K,Bengaluru,Globex
Rohan Sharma,loadtest1962@loadtest.example.com,9000001962,agentic-ai,Load Test 5K,Mumbai,Initech
Meera Sharma,loadtest1963@loadtest.example.com,9000001963,ai-ml,Load Test 5K,Pune,Hooli
Vikram Sharma,loadtest1964@loadtest.example.com,9000001964,,Load Test 5K,Chennai,Umbrella
Ananya Sharma,loadtest1965@loadtest.example.com,9000001965,agentic-ai,Load Test 5K,Delhi,Stark Industries
Karthik Sharma,loadtest1966@loadtest.example.com,9000001966,ai-ml,Load Test 5K,Kolkata,Wayne Enterprises
Sneha Nair,loadtest1967@loadtest.example.com,9000001967,,Load Test 5K,Ahmedabad,Soylent
Arjun Nair,loadtest1968@loadtest.example.com,9000001968,agentic-ai,Load Test 5K,Hyderabad,Acme Corp
Divya Nair,loadtest1969@loadtest.example.com,9000001969,ai-ml,Load Test 5K,Bengaluru,Globex
Rahul Nair,loadtest1970@loadtest.example.com,9000001970,,Load Test 5K,Mumbai,Initech
Pooja Nair,loadtest1971@loadtest.example.com,9000001971,agentic-ai,Load Test 5K,Pune,Hooli
Aditya Nair,loadtest1972@loadtest.example.com,9000001972,ai-ml,Load Test 5K,Chennai,Umbrella
Nisha Nair,loadtest1973@loadtest.example.com,9000001973,,Load Test 5K,Delhi,Stark Industries
Sanjay Mehta,loadtest1974@loadtest.example.com,9000001974,agentic-ai,Load Test 5K,Kolkata,Wayne Enterprises
Kavya Mehta,loadtest1975@loadtest.example.com,9000001975,ai-ml,Load Test 5K,Ahmedabad,Soylent
Manish Mehta,loadtest1976@loadtest.example.com,9000001976,,Load Test 5K,Hyderabad,Acme Corp
Ritu Mehta,loadtest1977@loadtest.example.com,9000001977,agentic-ai,Load Test 5K,Bengaluru,Globex
Vivek Mehta,loadtest1978@loadtest.example.com,9000001978,ai-ml,Load Test 5K,Mumbai,Initech
Shreya Mehta,loadtest1979@loadtest.example.com,9000001979,,Load Test 5K,Pune,Hooli
Aarav Mehta,loadtest1980@loadtest.example.com,9000001980,agentic-ai,Load Test 5K,Chennai,Umbrella
Priya Iyer,loadtest1981@loadtest.example.com,9000001981,ai-ml,Load Test 5K,Delhi,Stark Industries
Rohan Iyer,loadtest1982@loadtest.example.com,9000001982,,Load Test 5K,Kolkata,Wayne Enterprises
Meera Iyer,loadtest1983@loadtest.example.com,9000001983,agentic-ai,Load Test 5K,Ahmedabad,Soylent
Vikram Iyer,loadtest1984@loadtest.example.com,9000001984,ai-ml,Load Test 5K,Hyderabad,Acme Corp
Ananya Iyer,loadtest1985@loadtest.example.com,9000001985,,Load Test 5K,Bengaluru,Globex
Karthik Iyer,loadtest1986@loadtest.example.com,9000001986,agentic-ai,Load Test 5K,Mumbai,Initech
Sneha Iyer,loadtest1987@loadtest.example.com,9000001987,ai-ml,Load Test 5K,Pune,Hooli
Arjun Reddy,loadtest1988@loadtest.example.com,9000001988,,Load Test 5K,Chennai,Umbrella
Divya Reddy,loadtest1989@loadtest.example.com,9000001989,agentic-ai,Load Test 5K,Delhi,Stark Industries
Rahul Reddy,loadtest1990@loadtest.example.com,9000001990,ai-ml,Load Test 5K,Kolkata,Wayne Enterprises
Pooja Reddy,loadtest1991@loadtest.example.com,9000001991,,Load Test 5K,Ahmedabad,Soylent
Aditya Reddy,loadtest1992@loadtest.example.com,9000001992,agentic-ai,Load Test 5K,Hyderabad,Acme Corp
Nisha Reddy,loadtest1993@loadtest.example.com,9000001993,ai-ml,Load Test 5K,Bengaluru,Globex
Sanjay Reddy,loadtest1994@loadtest.example.com,9000001994,,Load Test 5K,Mumbai,Initech
Kavya Gupta,loadtest1995@loadtest.example.com,9000001995,agentic-ai,Load Test 5K,Pune,Hooli
Manish Gupta,loadtest1996@loadtest.example.com,9000001996,ai-ml,Load Test 5K,Chennai,Umbrella
Ritu Gupta,loadtest1997@loadtest.example.com,9000001997,,Load Test 5K,Delhi,Stark Industries
Vivek Gupta,loadtest1998@loadtest.example.com,9000001998,agentic-ai,Load Test 5K,Kolkata,Wayne Enterprises
Shreya Gupta,loadtest1999@loadtest.example.com,9000001999,ai-ml,Load Test 5K,Ahmedabad,Soylent
Aarav Gupta,loadtest2000@loadtest.example.com,9000002000,,Load Test 5K,Hyderabad,Acme Corp
Priya Gupta,loadtest2001@loadtest.example.com,9000002001,agentic-ai,Load Test 5K,Bengaluru,Globex
Rohan Patel,loadtest2002@loadtest.example.com,9000002002,ai-ml,Load Test 5K,Mumbai,Initech
Meera Patel,loadtest2003@loadtest.example.com,9000002003,,Load Test 5K,Pune,Hooli
Vikram Patel,loadtest2004@loadtest.example.com,9000002004,agentic-ai,Load Test 5K,Chennai,Umbrella
Ananya Patel,loadtest2005@loadtest.example.com,9000002005,ai-ml,Load Test 5K,Delhi,Stark Industries
Karthik Patel,loadtest2006@loadtest.example.com,9000002006,,Load Test 5K,Kolkata,Wayne Enterprises
Sneha Patel,loadtest2007@loadtest.example.com,9000002007,agentic-ai,Load Test 5K,Ahmedabad,Soylent
Arjun Patel,loadtest2008@loadtest.example.com,9000002008,ai-ml,Load Test 5K,Hyderabad,Acme Corp
Divya Rao,loadtest2009@loadtest.example.com,9000002009,,Load Test 5K,Bengaluru,Globex
Rahul Rao,loadtest2010@loadtest.example.com,9000002010,agentic-ai,Load Test 5K,Mumbai,Initech
Pooja Rao,loadtest2011@loadtest.example.com,9000002011,ai-ml,Load Test 5K,Pune,Hooli
Aditya Rao,loadtest2012@loadtest.example.com,9000002012,,Load Test 5K,Chennai,Umbrella
Nisha Rao,loadtest2013@loadtest.example.com,9000002013,agentic-ai,Load Test 5K,Delhi,Stark Industries
Sanjay Rao,loadtest2014@loadtest.example.com,9000002014,ai-ml,Load Test 5K,Kolkata,Wayne Enterprises
Kavya Rao,loadtest2015@loadtest.example.com,9000002015,,Load Test 5K,Ahmedabad,Soylent
Manish Singh,loadtest2016@loadtest.example.com,9000002016,agentic-ai,Load Test 5K,Hyderabad,Acme Corp
Ritu Singh,loadtest2017@loadtest.example.com,9000002017,ai-ml,Load Test 5K,Bengaluru,Globex
Vivek Singh,loadtest2018@loadtest.example.com,9000002018,,Load Test 5K,Mumbai,Initech
Shreya Singh,loadtest2019@loadtest.example.com,9000002019,agentic-ai,Load Test 5K,Pune,Hooli
Aarav Singh,loadtest2020@loadtest.example.com,9000002020,ai-ml,Load Test 5K,Chennai,Umbrella
Priya Singh,loadtest2021@loadtest.example.com,9000002021,,Load Test 5K,Delhi,Stark Industries
Rohan Singh,loadtest2022@loadtest.example.com,9000002022,agentic-ai,Load Test 5K,Kolkata,Wayne Enterprises
Meera Joshi,loadtest2023@loadtest.example.com,9000002023,ai-ml,Load Test 5K,Ahmedabad,Soylent
Vikram Joshi,loadtest2024@loadtest.example.com,9000002024,,Load Test 5K,Hyderabad,Acme Corp
Ananya Joshi,loadtest2025@loadtest.example.com,9000002025,agentic-ai,Load Test 5K,Bengaluru,Globex
Karthik Joshi,loadtest2026@loadtest.example.com,9000002026,ai-ml,Load Test 5K,Mumbai,Initech
Sneha Joshi,loadtest2027@loadtest.example.com,9000002027,,Load Test 5K,Pune,Hooli
Arjun Joshi,loadtest2028@loadtest.example.com,9000002028,agentic-ai,Load Test 5K,Chennai,Umbrella
Divya Joshi,loadtest2029@loadtest.example.com,9000002029,ai-ml,Load Test 5K,Delhi,Stark Industries
Rahul Kumar,loadtest2030@loadtest.example.com,9000002030,,Load Test 5K,Kolkata,Wayne Enterprises
Pooja Kumar,loadtest2031@loadtest.example.com,9000002031,agentic-ai,Load Test 5K,Ahmedabad,Soylent
Aditya Kumar,loadtest2032@loadtest.example.com,9000002032,ai-ml,Load Test 5K,Hyderabad,Acme Corp
Nisha Kumar,loadtest2033@loadtest.example.com,9000002033,,Load Test 5K,Bengaluru,Globex
Sanjay Kumar,loadtest2034@loadtest.example.com,9000002034,agentic-ai,Load Test 5K,Mumbai,Initech
Kavya Kumar,loadtest2035@loadtest.example.com,9000002035,ai-ml,Load Test 5K,Pune,Hooli
Manish Kumar,loadtest2036@loadtest.example.com,9000002036,,Load Test 5K,Chennai,Umbrella
Ritu Desai,loadtest2037@loadtest.example.com,9000002037,agentic-ai,Load Test 5K,Delhi,Stark Industries
Vivek Desai,loadtest2038@loadtest.example.com,9000002038,ai-ml,Load Test 5K,Kolkata,Wayne Enterprises
Shreya Desai,loadtest2039@loadtest.example.com,9000002039,,Load Test 5K,Ahmedabad,Soylent
Aarav Desai,loadtest2040@loadtest.example.com,9000002040,agentic-ai,Load Test 5K,Hyderabad,Acme Corp
Priya Desai,loadtest2041@loadtest.example.com,9000002041,ai-ml,Load Test 5K,Bengaluru,Globex
Rohan Desai,loadtest2042@loadtest.example.com,9000002042,,Load Test 5K,Mumbai,Initech
Meera Desai,loadtest2043@loadtest.example.com,9000002043,agentic-ai,Load Test 5K,Pune,Hooli
Vikram Pillai,loadtest2044@loadtest.example.com,9000002044,ai-ml,Load Test 5K,Chennai,Umbrella
Ananya Pillai,loadtest2045@loadtest.example.com,9000002045,,Load Test 5K,Delhi,Stark Industries
Karthik Pillai,loadtest2046@loadtest.example.com,9000002046,agentic-ai,Load Test 5K,Kolkata,Wayne Enterprises
Sneha Pillai,loadtest2047@loadtest.example.com,9000002047,ai-ml,Load Test 5K,Ahmedabad,Soylent
Arjun Pillai,loadtest2048@loadtest.example.com,9000002048,,Load Test 5K,Hyderabad,Acme Corp
Divya Pillai,loadtest2049@loadtest.example.com,9000002049,agentic-ai,Load Test 5K,Bengaluru,Globex
Rahul Pillai,loadtest2050@loadtest.example.com,9000002050,ai-ml,Load Test 5K,Mumbai,Initech
Pooja Bose,loadtest2051@loadtest.example.com,9000002051,,Load Test 5K,Pune,Hooli
Aditya Bose,loadtest2052@loadtest.example.com,9000002052,agentic-ai,Load Test 5K,Chennai,Umbrella
Nisha Bose,loadtest2053@loadtest.example.com,9000002053,ai-ml,Load Test 5K,Delhi,Stark Industries
Sanjay Bose,loadtest2054@loadtest.example.com,9000002054,,Load Test 5K,Kolkata,Wayne Enterprises
Kavya Bose,loadtest2055@loadtest.example.com,9000002055,agentic-ai,Load Test 5K,Ahmedabad,Soylent
Manish Bose,loadtest2056@loadtest.example.com,9000002056,ai-ml,Load Test 5K,Hyderabad,Acme Corp
Ritu Bose,loadtest2057@loadtest.example.com,9000002057,,Load Test 5K,Bengaluru,Globex
Vivek Menon,loadtest2058@loadtest.example.com,9000002058,agentic-ai,Load Test 5K,Mumbai,Initech
Shreya Menon,loadtest2059@loadtest.example.com,9000002059,ai-ml,Load Test 5K,Pune,Hooli
Aarav Menon,loadtest2060@loadtest.example.com,9000002060,,Load Test 5K,Chennai,Umbrella
Priya Menon,loadtest2061@loadtest.example.com,9000002061,agentic-ai,Load Test 5K,Delhi,Stark Industries
Rohan Menon,loadtest2062@loadtest.example.com,9000002062,ai-ml,Load Test 5K,Kolkata,Wayne Enterprises
Meera Menon,loadtest2063@loadtest.example.com,9000002063,,Load Test 5K,Ahmedabad,Soylent
Vikram Menon,loadtest2064@loadtest.example.com,9000002064,agentic-ai,Load Test 5K,Hyderabad,Acme Corp
Ananya Chopra,loadtest2065@loadtest.example.com,9000002065,ai-ml,Load Test 5K,Bengaluru,Globex
Karthik Chopra,loadtest2066@loadtest.example.com,9000002066,,Load Test 5K,Mumbai,Initech
Sneha Chopra,loadtest2067@loadtest.example.com,9000002067,agentic-ai,Load Test 5K,Pune,Hooli
Arjun Chopra,loadtest2068@loadtest.example.com,9000002068,ai-ml,Load Test 5K,Chennai,Umbrella
Divya Chopra,loadtest2069@loadtest.example.com,9000002069,,Load Test 5K,Delhi,Stark Industries
Rahul Chopra,loadtest2070@loadtest.example.com,9000002070,agentic-ai,Load Test 5K,Kolkata,Wayne Enterprises
Pooja Chopra,loadtest2071@loadtest.example.com,9000002071,ai-ml,Load Test 5K,Ahmedabad,Soylent
Aditya Verma,loadtest2072@loadtest.example.com,9000002072,,Load Test 5K,Hyderabad,Acme Corp
Nisha Verma,loadtest2073@loadtest.example.com,9000002073,agentic-ai,Load Test 5K,Bengaluru,Globex
Sanjay Verma,loadtest2074@loadtest.example.com,9000002074,ai-ml,Load Test 5K,Mumbai,Initech
Kavya Verma,loadtest2075@loadtest.example.com,9000002075,,Load Test 5K,Pune,Hooli
Manish Verma,loadtest2076@loadtest.example.com,9000002076,agentic-ai,Load Test 5K,Chennai,Umbrella
Ritu Verma,loadtest2077@loadtest.example.com,9000002077,ai-ml,Load Test 5K,Delhi,Stark Industries
Vivek Verma,loadtest2078@loadtest.example.com,9000002078,,Load Test 5K,Kolkata,Wayne Enterprises
Shreya Shetty,loadtest2079@loadtest.example.com,9000002079,agentic-ai,Load Test 5K,Ahmedabad,Soylent
Aarav Shetty,loadtest2080@loadtest.example.com,9000002080,ai-ml,Load Test 5K,Hyderabad,Acme Corp
Priya Shetty,loadtest2081@loadtest.example.com,9000002081,,Load Test 5K,Bengaluru,Globex
Rohan Shetty,loadtest2082@loadtest.example.com,9000002082,agentic-ai,Load Test 5K,Mumbai,Initech
Meera Shetty,loadtest2083@loadtest.example.com,9000002083,ai-ml,Load Test 5K,Pune,Hooli
Vikram Shetty,loadtest2084@loadtest.example.com,9000002084,,Load Test 5K,Chennai,Umbrella
Ananya Shetty,loadtest2085@loadtest.example.com,9000002085,agentic-ai,Load Test 5K,Delhi,Stark Industries
Karthik Banerjee,loadtest2086@loadtest.example.com,9000002086,ai-ml,Load Test 5K,Kolkata,Wayne Enterprises
Sneha Banerjee,loadtest2087@loadtest.example.com,9000002087,,Load Test 5K,Ahmedabad,Soylent
Arjun Banerjee,loadtest2088@loadtest.example.com,9000002088,agentic-ai,Load Test 5K,Hyderabad,Acme Corp
Divya Banerjee,loadtest2089@loadtest.example.com,9000002089,ai-ml,Load Test 5K,Bengaluru,Globex
Rahul Banerjee,loadtest2090@loadtest.example.com,9000002090,,Load Test 5K,Mumbai,Initech
Pooja Banerjee,loadtest2091@loadtest.example.com,9000002091,agentic-ai,Load Test 5K,Pune,Hooli
Aditya Banerjee,loadtest2092@loadtest.example.com,9000002092,ai-ml,Load Test 5K,Chennai,Umbrella
Nisha Kapoor,loadtest2093@loadtest.example.com,9000002093,,Load Test 5K,Delhi,Stark Industries
Sanjay Kapoor,loadtest2094@loadtest.example.com,9000002094,agentic-ai,Load Test 5K,Kolkata,Wayne Enterprises
Kavya Kapoor,loadtest2095@loadtest.example.com,9000002095,ai-ml,Load Test 5K,Ahmedabad,Soylent
Manish Kapoor,loadtest2096@loadtest.example.com,9000002096,,Load Test 5K,Hyderabad,Acme Corp
Ritu Kapoor,loadtest2097@loadtest.example.com,9000002097,agentic-ai,Load Test 5K,Bengaluru,Globex
Vivek Kapoor,loadtest2098@loadtest.example.com,9000002098,ai-ml,Load Test 5K,Mumbai,Initech
Shreya Kapoor,loadtest2099@loadtest.example.com,9000002099,,Load Test 5K,Pune,Hooli
Aarav Sharma,loadtest2100@loadtest.example.com,9000002100,agentic-ai,Load Test 5K,Chennai,Umbrella
Priya Sharma,loadtest2101@loadtest.example.com,9000002101,ai-ml,Load Test 5K,Delhi,Stark Industries
Rohan Sharma,loadtest2102@loadtest.example.com,9000002102,,Load Test 5K,Kolkata,Wayne Enterprises
Meera Sharma,loadtest2103@loadtest.example.com,9000002103,agentic-ai,Load Test 5K,Ahmedabad,Soylent
Vikram Sharma,loadtest2104@loadtest.example.com,9000002104,ai-ml,Load Test 5K,Hyderabad,Acme Corp
Ananya Sharma,loadtest2105@loadtest.example.com,9000002105,,Load Test 5K,Bengaluru,Globex
Karthik Sharma,loadtest2106@loadtest.example.com,9000002106,agentic-ai,Load Test 5K,Mumbai,Initech
Sneha Nair,loadtest2107@loadtest.example.com,9000002107,ai-ml,Load Test 5K,Pune,Hooli
Arjun Nair,loadtest2108@loadtest.example.com,9000002108,,Load Test 5K,Chennai,Umbrella
Divya Nair,loadtest2109@loadtest.example.com,9000002109,agentic-ai,Load Test 5K,Delhi,Stark Industries
Rahul Nair,loadtest2110@loadtest.example.com,9000002110,ai-ml,Load Test 5K,Kolkata,Wayne Enterprises
Pooja Nair,loadtest2111@loadtest.example.com,9000002111,,Load Test 5K,Ahmedabad,Soylent
Aditya Nair,loadtest2112@loadtest.example.com,9000002112,agentic-ai,Load Test 5K,Hyderabad,Acme Corp
Nisha Nair,loadtest2113@loadtest.example.com,9000002113,ai-ml,Load Test 5K,Bengaluru,Globex
Sanjay Mehta,loadtest2114@loadtest.example.com,9000002114,,Load Test 5K,Mumbai,Initech
Kavya Mehta,loadtest2115@loadtest.example.com,9000002115,agentic-ai,Load Test 5K,Pune,Hooli
Manish Mehta,loadtest2116@loadtest.example.com,9000002116,ai-ml,Load Test 5K,Chennai,Umbrella
Ritu Mehta,loadtest2117@loadtest.example.com,9000002117,,Load Test 5K,Delhi,Stark Industries
Vivek Mehta,loadtest2118@loadtest.example.com,9000002118,agentic-ai,Load Test 5K,Kolkata,Wayne Enterprises
Shreya Mehta,loadtest2119@loadtest.example.com,9000002119,ai-ml,Load Test 5K,Ahmedabad,Soylent
Aarav Mehta,loadtest2120@loadtest.example.com,9000002120,,Load Test 5K,Hyderabad,Acme Corp
Priya Iyer,loadtest2121@loadtest.example.com,9000002121,agentic-ai,Load Test 5K,Bengaluru,Globex
Rohan Iyer,loadtest2122@loadtest.example.com,9000002122,ai-ml,Load Test 5K,Mumbai,Initech
Meera Iyer,loadtest2123@loadtest.example.com,9000002123,,Load Test 5K,Pune,Hooli
Vikram Iyer,loadtest2124@loadtest.example.com,9000002124,agentic-ai,Load Test 5K,Chennai,Umbrella
Ananya Iyer,loadtest2125@loadtest.example.com,9000002125,ai-ml,Load Test 5K,Delhi,Stark Industries
Karthik Iyer,loadtest2126@loadtest.example.com,9000002126,,Load Test 5K,Kolkata,Wayne Enterprises
Sneha Iyer,loadtest2127@loadtest.example.com,9000002127,agentic-ai,Load Test 5K,Ahmedabad,Soylent
Arjun Reddy,loadtest2128@loadtest.example.com,9000002128,ai-ml,Load Test 5K,Hyderabad,Acme Corp
Divya Reddy,loadtest2129@loadtest.example.com,9000002129,,Load Test 5K,Bengaluru,Globex
Rahul Reddy,loadtest2130@loadtest.example.com,9000002130,agentic-ai,Load Test 5K,Mumbai,Initech
Pooja Reddy,loadtest2131@loadtest.example.com,9000002131,ai-ml,Load Test 5K,Pune,Hooli
Aditya Reddy,loadtest2132@loadtest.example.com,9000002132,,Load Test 5K,Chennai,Umbrella
Nisha Reddy,loadtest2133@loadtest.example.com,9000002133,agentic-ai,Load Test 5K,Delhi,Stark Industries
Sanjay Reddy,loadtest2134@loadtest.example.com,9000002134,ai-ml,Load Test 5K,Kolkata,Wayne Enterprises
Kavya Gupta,loadtest2135@loadtest.example.com,9000002135,,Load Test 5K,Ahmedabad,Soylent
Manish Gupta,loadtest2136@loadtest.example.com,9000002136,agentic-ai,Load Test 5K,Hyderabad,Acme Corp
Ritu Gupta,loadtest2137@loadtest.example.com,9000002137,ai-ml,Load Test 5K,Bengaluru,Globex
Vivek Gupta,loadtest2138@loadtest.example.com,9000002138,,Load Test 5K,Mumbai,Initech
Shreya Gupta,loadtest2139@loadtest.example.com,9000002139,agentic-ai,Load Test 5K,Pune,Hooli
Aarav Gupta,loadtest2140@loadtest.example.com,9000002140,ai-ml,Load Test 5K,Chennai,Umbrella
Priya Gupta,loadtest2141@loadtest.example.com,9000002141,,Load Test 5K,Delhi,Stark Industries
Rohan Patel,loadtest2142@loadtest.example.com,9000002142,agentic-ai,Load Test 5K,Kolkata,Wayne Enterprises
Meera Patel,loadtest2143@loadtest.example.com,9000002143,ai-ml,Load Test 5K,Ahmedabad,Soylent
Vikram Patel,loadtest2144@loadtest.example.com,9000002144,,Load Test 5K,Hyderabad,Acme Corp
Ananya Patel,loadtest2145@loadtest.example.com,9000002145,agentic-ai,Load Test 5K,Bengaluru,Globex
Karthik Patel,loadtest2146@loadtest.example.com,9000002146,ai-ml,Load Test 5K,Mumbai,Initech
Sneha Patel,loadtest2147@loadtest.example.com,9000002147,,Load Test 5K,Pune,Hooli
Arjun Patel,loadtest2148@loadtest.example.com,9000002148,agentic-ai,Load Test 5K,Chennai,Umbrella
Divya Rao,loadtest2149@loadtest.example.com,9000002149,ai-ml,Load Test 5K,Delhi,Stark Industries
Rahul Rao,loadtest2150@loadtest.example.com,9000002150,,Load Test 5K,Kolkata,Wayne Enterprises
Pooja Rao,loadtest2151@loadtest.example.com,9000002151,agentic-ai,Load Test 5K,Ahmedabad,Soylent
Aditya Rao,loadtest2152@loadtest.example.com,9000002152,ai-ml,Load Test 5K,Hyderabad,Acme Corp
Nisha Rao,loadtest2153@loadtest.example.com,9000002153,,Load Test 5K,Bengaluru,Globex
Sanjay Rao,loadtest2154@loadtest.example.com,9000002154,agentic-ai,Load Test 5K,Mumbai,Initech
Kavya Rao,loadtest2155@loadtest.example.com,9000002155,ai-ml,Load Test 5K,Pune,Hooli
Manish Singh,loadtest2156@loadtest.example.com,9000002156,,Load Test 5K,Chennai,Umbrella
Ritu Singh,loadtest2157@loadtest.example.com,9000002157,agentic-ai,Load Test 5K,Delhi,Stark Industries
Vivek Singh,loadtest2158@loadtest.example.com,9000002158,ai-ml,Load Test 5K,Kolkata,Wayne Enterprises
Shreya Singh,loadtest2159@loadtest.example.com,9000002159,,Load Test 5K,Ahmedabad,Soylent
Aarav Singh,loadtest2160@loadtest.example.com,9000002160,agentic-ai,Load Test 5K,Hyderabad,Acme Corp
Priya Singh,loadtest2161@loadtest.example.com,9000002161,ai-ml,Load Test 5K,Bengaluru,Globex
Rohan Singh,loadtest2162@loadtest.example.com,9000002162,,Load Test 5K,Mumbai,Initech
Meera Joshi,loadtest2163@loadtest.example.com,9000002163,agentic-ai,Load Test 5K,Pune,Hooli
Vikram Joshi,loadtest2164@loadtest.example.com,9000002164,ai-ml,Load Test 5K,Chennai,Umbrella
Ananya Joshi,loadtest2165@loadtest.example.com,9000002165,,Load Test 5K,Delhi,Stark Industries
Karthik Joshi,loadtest2166@loadtest.example.com,9000002166,agentic-ai,Load Test 5K,Kolkata,Wayne Enterprises
Sneha Joshi,loadtest2167@loadtest.example.com,9000002167,ai-ml,Load Test 5K,Ahmedabad,Soylent
Arjun Joshi,loadtest2168@loadtest.example.com,9000002168,,Load Test 5K,Hyderabad,Acme Corp
Divya Joshi,loadtest2169@loadtest.example.com,9000002169,agentic-ai,Load Test 5K,Bengaluru,Globex
Rahul Kumar,loadtest2170@loadtest.example.com,9000002170,ai-ml,Load Test 5K,Mumbai,Initech
Pooja Kumar,loadtest2171@loadtest.example.com,9000002171,,Load Test 5K,Pune,Hooli
Aditya Kumar,loadtest2172@loadtest.example.com,9000002172,agentic-ai,Load Test 5K,Chennai,Umbrella
Nisha Kumar,loadtest2173@loadtest.example.com,9000002173,ai-ml,Load Test 5K,Delhi,Stark Industries
Sanjay Kumar,loadtest2174@loadtest.example.com,9000002174,,Load Test 5K,Kolkata,Wayne Enterprises
Kavya Kumar,loadtest2175@loadtest.example.com,9000002175,agentic-ai,Load Test 5K,Ahmedabad,Soylent
Manish Kumar,loadtest2176@loadtest.example.com,9000002176,ai-ml,Load Test 5K,Hyderabad,Acme Corp
Ritu Desai,loadtest2177@loadtest.example.com,9000002177,,Load Test 5K,Bengaluru,Globex
Vivek Desai,loadtest2178@loadtest.example.com,9000002178,agentic-ai,Load Test 5K,Mumbai,Initech
Shreya Desai,loadtest2179@loadtest.example.com,9000002179,ai-ml,Load Test 5K,Pune,Hooli
Aarav Desai,loadtest2180@loadtest.example.com,9000002180,,Load Test 5K,Chennai,Umbrella
Priya Desai,loadtest2181@loadtest.example.com,9000002181,agentic-ai,Load Test 5K,Delhi,Stark Industries
Rohan Desai,loadtest2182@loadtest.example.com,9000002182,ai-ml,Load Test 5K,Kolkata,Wayne Enterprises
Meera Desai,loadtest2183@loadtest.example.com,9000002183,,Load Test 5K,Ahmedabad,Soylent
Vikram Pillai,loadtest2184@loadtest.example.com,9000002184,agentic-ai,Load Test 5K,Hyderabad,Acme Corp
Ananya Pillai,loadtest2185@loadtest.example.com,9000002185,ai-ml,Load Test 5K,Bengaluru,Globex
Karthik Pillai,loadtest2186@loadtest.example.com,9000002186,,Load Test 5K,Mumbai,Initech
Sneha Pillai,loadtest2187@loadtest.example.com,9000002187,agentic-ai,Load Test 5K,Pune,Hooli
Arjun Pillai,loadtest2188@loadtest.example.com,9000002188,ai-ml,Load Test 5K,Chennai,Umbrella
Divya Pillai,loadtest2189@loadtest.example.com,9000002189,,Load Test 5K,Delhi,Stark Industries
Rahul Pillai,loadtest2190@loadtest.example.com,9000002190,agentic-ai,Load Test 5K,Kolkata,Wayne Enterprises
Pooja Bose,loadtest2191@loadtest.example.com,9000002191,ai-ml,Load Test 5K,Ahmedabad,Soylent
Aditya Bose,loadtest2192@loadtest.example.com,9000002192,,Load Test 5K,Hyderabad,Acme Corp
Nisha Bose,loadtest2193@loadtest.example.com,9000002193,agentic-ai,Load Test 5K,Bengaluru,Globex
Sanjay Bose,loadtest2194@loadtest.example.com,9000002194,ai-ml,Load Test 5K,Mumbai,Initech
Kavya Bose,loadtest2195@loadtest.example.com,9000002195,,Load Test 5K,Pune,Hooli
Manish Bose,loadtest2196@loadtest.example.com,9000002196,agentic-ai,Load Test 5K,Chennai,Umbrella
Ritu Bose,loadtest2197@loadtest.example.com,9000002197,ai-ml,Load Test 5K,Delhi,Stark Industries
Vivek Menon,loadtest2198@loadtest.example.com,9000002198,,Load Test 5K,Kolkata,Wayne Enterprises
Shreya Menon,loadtest2199@loadtest.example.com,9000002199,agentic-ai,Load Test 5K,Ahmedabad,Soylent
Aarav Menon,loadtest2200@loadtest.example.com,9000002200,ai-ml,Load Test 5K,Hyderabad,Acme Corp
Priya Menon,loadtest2201@loadtest.example.com,9000002201,,Load Test 5K,Bengaluru,Globex
Rohan Menon,loadtest2202@loadtest.example.com,9000002202,agentic-ai,Load Test 5K,Mumbai,Initech
Meera Menon,loadtest2203@loadtest.example.com,9000002203,ai-ml,Load Test 5K,Pune,Hooli
Vikram Menon,loadtest2204@loadtest.example.com,9000002204,,Load Test 5K,Chennai,Umbrella
Ananya Chopra,loadtest2205@loadtest.example.com,9000002205,agentic-ai,Load Test 5K,Delhi,Stark Industries
Karthik Chopra,loadtest2206@loadtest.example.com,9000002206,ai-ml,Load Test 5K,Kolkata,Wayne Enterprises
Sneha Chopra,loadtest2207@loadtest.example.com,9000002207,,Load Test 5K,Ahmedabad,Soylent
Arjun Chopra,loadtest2208@loadtest.example.com,9000002208,agentic-ai,Load Test 5K,Hyderabad,Acme Corp
Divya Chopra,loadtest2209@loadtest.example.com,9000002209,ai-ml,Load Test 5K,Bengaluru,Globex
Rahul Chopra,loadtest2210@loadtest.example.com,9000002210,,Load Test 5K,Mumbai,Initech
Pooja Chopra,loadtest2211@loadtest.example.com,9000002211,agentic-ai,Load Test 5K,Pune,Hooli
Aditya Verma,loadtest2212@loadtest.example.com,9000002212,ai-ml,Load Test 5K,Chennai,Umbrella
Nisha Verma,loadtest2213@loadtest.example.com,9000002213,,Load Test 5K,Delhi,Stark Industries
Sanjay Verma,loadtest2214@loadtest.example.com,9000002214,agentic-ai,Load Test 5K,Kolkata,Wayne Enterprises
Kavya Verma,loadtest2215@loadtest.example.com,9000002215,ai-ml,Load Test 5K,Ahmedabad,Soylent
Manish Verma,loadtest2216@loadtest.example.com,9000002216,,Load Test 5K,Hyderabad,Acme Corp
Ritu Verma,loadtest2217@loadtest.example.com,9000002217,agentic-ai,Load Test 5K,Bengaluru,Globex
Vivek Verma,loadtest2218@loadtest.example.com,9000002218,ai-ml,Load Test 5K,Mumbai,Initech
Shreya Shetty,loadtest2219@loadtest.example.com,9000002219,,Load Test 5K,Pune,Hooli
Aarav Shetty,loadtest2220@loadtest.example.com,9000002220,agentic-ai,Load Test 5K,Chennai,Umbrella
Priya Shetty,loadtest2221@loadtest.example.com,9000002221,ai-ml,Load Test 5K,Delhi,Stark Industries
Rohan Shetty,loadtest2222@loadtest.example.com,9000002222,,Load Test 5K,Kolkata,Wayne Enterprises
Meera Shetty,loadtest2223@loadtest.example.com,9000002223,agentic-ai,Load Test 5K,Ahmedabad,Soylent
Vikram Shetty,loadtest2224@loadtest.example.com,9000002224,ai-ml,Load Test 5K,Hyderabad,Acme Corp
Ananya Shetty,loadtest2225@loadtest.example.com,9000002225,,Load Test 5K,Bengaluru,Globex
Karthik Banerjee,loadtest2226@loadtest.example.com,9000002226,agentic-ai,Load Test 5K,Mumbai,Initech
Sneha Banerjee,loadtest2227@loadtest.example.com,9000002227,ai-ml,Load Test 5K,Pune,Hooli
Arjun Banerjee,loadtest2228@loadtest.example.com,9000002228,,Load Test 5K,Chennai,Umbrella
Divya Banerjee,loadtest2229@loadtest.example.com,9000002229,agentic-ai,Load Test 5K,Delhi,Stark Industries
Rahul Banerjee,loadtest2230@loadtest.example.com,9000002230,ai-ml,Load Test 5K,Kolkata,Wayne Enterprises
Pooja Banerjee,loadtest2231@loadtest.example.com,9000002231,,Load Test 5K,Ahmedabad,Soylent
Aditya Banerjee,loadtest2232@loadtest.example.com,9000002232,agentic-ai,Load Test 5K,Hyderabad,Acme Corp
Nisha Kapoor,loadtest2233@loadtest.example.com,9000002233,ai-ml,Load Test 5K,Bengaluru,Globex
Sanjay Kapoor,loadtest2234@loadtest.example.com,9000002234,,Load Test 5K,Mumbai,Initech
Kavya Kapoor,loadtest2235@loadtest.example.com,9000002235,agentic-ai,Load Test 5K,Pune,Hooli
Manish Kapoor,loadtest2236@loadtest.example.com,9000002236,ai-ml,Load Test 5K,Chennai,Umbrella
Ritu Kapoor,loadtest2237@loadtest.example.com,9000002237,,Load Test 5K,Delhi,Stark Industries
Vivek Kapoor,loadtest2238@loadtest.example.com,9000002238,agentic-ai,Load Test 5K,Kolkata,Wayne Enterprises
Shreya Kapoor,loadtest2239@loadtest.example.com,9000002239,ai-ml,Load Test 5K,Ahmedabad,Soylent
Aarav Sharma,loadtest2240@loadtest.example.com,9000002240,,Load Test 5K,Hyderabad,Acme Corp
Priya Sharma,loadtest2241@loadtest.example.com,9000002241,agentic-ai,Load Test 5K,Bengaluru,Globex
Rohan Sharma,loadtest2242@loadtest.example.com,9000002242,ai-ml,Load Test 5K,Mumbai,Initech
Meera Sharma,loadtest2243@loadtest.example.com,9000002243,,Load Test 5K,Pune,Hooli
Vikram Sharma,loadtest2244@loadtest.example.com,9000002244,agentic-ai,Load Test 5K,Chennai,Umbrella
Ananya Sharma,loadtest2245@loadtest.example.com,9000002245,ai-ml,Load Test 5K,Delhi,Stark Industries
Karthik Sharma,loadtest2246@loadtest.example.com,9000002246,,Load Test 5K,Kolkata,Wayne Enterprises
Sneha Nair,loadtest2247@loadtest.example.com,9000002247,agentic-ai,Load Test 5K,Ahmedabad,Soylent
Arjun Nair,loadtest2248@loadtest.example.com,9000002248,ai-ml,Load Test 5K,Hyderabad,Acme Corp
Divya Nair,loadtest2249@loadtest.example.com,9000002249,,Load Test 5K,Bengaluru,Globex
Rahul Nair,loadtest2250@loadtest.example.com,9000002250,agentic-ai,Load Test 5K,Mumbai,Initech
Pooja Nair,loadtest2251@loadtest.example.com,9000002251,ai-ml,Load Test 5K,Pune,Hooli
Aditya Nair,loadtest2252@loadtest.example.com,9000002252,,Load Test 5K,Chennai,Umbrella
Nisha Nair,loadtest2253@loadtest.example.com,9000002253,agentic-ai,Load Test 5K,Delhi,Stark Industries
Sanjay Mehta,loadtest2254@loadtest.example.com,9000002254,ai-ml,Load Test 5K,Kolkata,Wayne Enterprises
Kavya Mehta,loadtest2255@loadtest.example.com,9000002255,,Load Test 5K,Ahmedabad,Soylent
Manish Mehta,loadtest2256@loadtest.example.com,9000002256,agentic-ai,Load Test 5K,Hyderabad,Acme Corp
Ritu Mehta,loadtest2257@loadtest.example.com,9000002257,ai-ml,Load Test 5K,Bengaluru,Globex
Vivek Mehta,loadtest2258@loadtest.example.com,9000002258,,Load Test 5K,Mumbai,Initech
Shreya Mehta,loadtest2259@loadtest.example.com,9000002259,agentic-ai,Load Test 5K,Pune,Hooli
Aarav Mehta,loadtest2260@loadtest.example.com,9000002260,ai-ml,Load Test 5K,Chennai,Umbrella
Priya Iyer,loadtest2261@loadtest.example.com,9000002261,,Load Test 5K,Delhi,Stark Industries
Rohan Iyer,loadtest2262@loadtest.example.com,9000002262,agentic-ai,Load Test 5K,Kolkata,Wayne Enterprises
Meera Iyer,loadtest2263@loadtest.example.com,9000002263,ai-ml,Load Test 5K,Ahmedabad,Soylent
Vikram Iyer,loadtest2264@loadtest.example.com,9000002264,,Load Test 5K,Hyderabad,Acme Corp
Ananya Iyer,loadtest2265@loadtest.example.com,9000002265,agentic-ai,Load Test 5K,Bengaluru,Globex
Karthik Iyer,loadtest2266@loadtest.example.com,9000002266,ai-ml,Load Test 5K,Mumbai,Initech
Sneha Iyer,loadtest2267@loadtest.example.com,9000002267,,Load Test 5K,Pune,Hooli
Arjun Reddy,loadtest2268@loadtest.example.com,9000002268,agentic-ai,Load Test 5K,Chennai,Umbrella
Divya Reddy,loadtest2269@loadtest.example.com,9000002269,ai-ml,Load Test 5K,Delhi,Stark Industries
Rahul Reddy,loadtest2270@loadtest.example.com,9000002270,,Load Test 5K,Kolkata,Wayne Enterprises
Pooja Reddy,loadtest2271@loadtest.example.com,9000002271,agentic-ai,Load Test 5K,Ahmedabad,Soylent
Aditya Reddy,loadtest2272@loadtest.example.com,9000002272,ai-ml,Load Test 5K,Hyderabad,Acme Corp
Nisha Reddy,loadtest2273@loadtest.example.com,9000002273,,Load Test 5K,Bengaluru,Globex
Sanjay Reddy,loadtest2274@loadtest.example.com,9000002274,agentic-ai,Load Test 5K,Mumbai,Initech
Kavya Gupta,loadtest2275@loadtest.example.com,9000002275,ai-ml,Load Test 5K,Pune,Hooli
Manish Gupta,loadtest2276@loadtest.example.com,9000002276,,Load Test 5K,Chennai,Umbrella
Ritu Gupta,loadtest2277@loadtest.example.com,9000002277,agentic-ai,Load Test 5K,Delhi,Stark Industries
Vivek Gupta,loadtest2278@loadtest.example.com,9000002278,ai-ml,Load Test 5K,Kolkata,Wayne Enterprises
Shreya Gupta,loadtest2279@loadtest.example.com,9000002279,,Load Test 5K,Ahmedabad,Soylent
Aarav Gupta,loadtest2280@loadtest.example.com,9000002280,agentic-ai,Load Test 5K,Hyderabad,Acme Corp
Priya Gupta,loadtest2281@loadtest.example.com,9000002281,ai-ml,Load Test 5K,Bengaluru,Globex
Rohan Patel,loadtest2282@loadtest.example.com,9000002282,,Load Test 5K,Mumbai,Initech
Meera Patel,loadtest2283@loadtest.example.com,9000002283,agentic-ai,Load Test 5K,Pune,Hooli
Vikram Patel,loadtest2284@loadtest.example.com,9000002284,ai-ml,Load Test 5K,Chennai,Umbrella
Ananya Patel,loadtest2285@loadtest.example.com,9000002285,,Load Test 5K,Delhi,Stark Industries
Karthik Patel,loadtest2286@loadtest.example.com,9000002286,agentic-ai,Load Test 5K,Kolkata,Wayne Enterprises
Sneha Patel,loadtest2287@loadtest.example.com,9000002287,ai-ml,Load Test 5K,Ahmedabad,Soylent
Arjun Patel,loadtest2288@loadtest.example.com,9000002288,,Load Test 5K,Hyderabad,Acme Corp
Divya Rao,loadtest2289@loadtest.example.com,9000002289,agentic-ai,Load Test 5K,Bengaluru,Globex
Rahul Rao,loadtest2290@loadtest.example.com,9000002290,ai-ml,Load Test 5K,Mumbai,Initech
Pooja Rao,loadtest2291@loadtest.example.com,9000002291,,Load Test 5K,Pune,Hooli
Aditya Rao,loadtest2292@loadtest.example.com,9000002292,agentic-ai,Load Test 5K,Chennai,Umbrella
Nisha Rao,loadtest2293@loadtest.example.com,9000002293,ai-ml,Load Test 5K,Delhi,Stark Industries
Sanjay Rao,loadtest2294@loadtest.example.com,9000002294,,Load Test 5K,Kolkata,Wayne Enterprises
Kavya Rao,loadtest2295@loadtest.example.com,9000002295,agentic-ai,Load Test 5K,Ahmedabad,Soylent
Manish Singh,loadtest2296@loadtest.example.com,9000002296,ai-ml,Load Test 5K,Hyderabad,Acme Corp
Ritu Singh,loadtest2297@loadtest.example.com,9000002297,,Load Test 5K,Bengaluru,Globex
Vivek Singh,loadtest2298@loadtest.example.com,9000002298,agentic-ai,Load Test 5K,Mumbai,Initech
Shreya Singh,loadtest2299@loadtest.example.com,9000002299,ai-ml,Load Test 5K,Pune,Hooli
Aarav Singh,loadtest2300@loadtest.example.com,9000002300,,Load Test 5K,Chennai,Umbrella
Priya Singh,loadtest2301@loadtest.example.com,9000002301,agentic-ai,Load Test 5K,Delhi,Stark Industries
Rohan Singh,loadtest2302@loadtest.example.com,9000002302,ai-ml,Load Test 5K,Kolkata,Wayne Enterprises
Meera Joshi,loadtest2303@loadtest.example.com,9000002303,,Load Test 5K,Ahmedabad,Soylent
Vikram Joshi,loadtest2304@loadtest.example.com,9000002304,agentic-ai,Load Test 5K,Hyderabad,Acme Corp
Ananya Joshi,loadtest2305@loadtest.example.com,9000002305,ai-ml,Load Test 5K,Bengaluru,Globex
Karthik Joshi,loadtest2306@loadtest.example.com,9000002306,,Load Test 5K,Mumbai,Initech
Sneha Joshi,loadtest2307@loadtest.example.com,9000002307,agentic-ai,Load Test 5K,Pune,Hooli
Arjun Joshi,loadtest2308@loadtest.example.com,9000002308,ai-ml,Load Test 5K,Chennai,Umbrella
Divya Joshi,loadtest2309@loadtest.example.com,9000002309,,Load Test 5K,Delhi,Stark Industries
Rahul Kumar,loadtest2310@loadtest.example.com,9000002310,agentic-ai,Load Test 5K,Kolkata,Wayne Enterprises
Pooja Kumar,loadtest2311@loadtest.example.com,9000002311,ai-ml,Load Test 5K,Ahmedabad,Soylent
Aditya Kumar,loadtest2312@loadtest.example.com,9000002312,,Load Test 5K,Hyderabad,Acme Corp
Nisha Kumar,loadtest2313@loadtest.example.com,9000002313,agentic-ai,Load Test 5K,Bengaluru,Globex
Sanjay Kumar,loadtest2314@loadtest.example.com,9000002314,ai-ml,Load Test 5K,Mumbai,Initech
Kavya Kumar,loadtest2315@loadtest.example.com,9000002315,,Load Test 5K,Pune,Hooli
Manish Kumar,loadtest2316@loadtest.example.com,9000002316,agentic-ai,Load Test 5K,Chennai,Umbrella
Ritu Desai,loadtest2317@loadtest.example.com,9000002317,ai-ml,Load Test 5K,Delhi,Stark Industries
Vivek Desai,loadtest2318@loadtest.example.com,9000002318,,Load Test 5K,Kolkata,Wayne Enterprises
Shreya Desai,loadtest2319@loadtest.example.com,9000002319,agentic-ai,Load Test 5K,Ahmedabad,Soylent
Aarav Desai,loadtest2320@loadtest.example.com,9000002320,ai-ml,Load Test 5K,Hyderabad,Acme Corp
Priya Desai,loadtest2321@loadtest.example.com,9000002321,,Load Test 5K,Bengaluru,Globex
Rohan Desai,loadtest2322@loadtest.example.com,9000002322,agentic-ai,Load Test 5K,Mumbai,Initech
Meera Desai,loadtest2323@loadtest.example.com,9000002323,ai-ml,Load Test 5K,Pune,Hooli
Vikram Pillai,loadtest2324@loadtest.example.com,9000002324,,Load Test 5K,Chennai,Umbrella
Ananya Pillai,loadtest2325@loadtest.example.com,9000002325,agentic-ai,Load Test 5K,Delhi,Stark Industries
Karthik Pillai,loadtest2326@loadtest.example.com,9000002326,ai-ml,Load Test 5K,Kolkata,Wayne Enterprises
Sneha Pillai,loadtest2327@loadtest.example.com,9000002327,,Load Test 5K,Ahmedabad,Soylent
Arjun Pillai,loadtest2328@loadtest.example.com,9000002328,agentic-ai,Load Test 5K,Hyderabad,Acme Corp
Divya Pillai,loadtest2329@loadtest.example.com,9000002329,ai-ml,Load Test 5K,Bengaluru,Globex
Rahul Pillai,loadtest2330@loadtest.example.com,9000002330,,Load Test 5K,Mumbai,Initech
Pooja Bose,loadtest2331@loadtest.example.com,9000002331,agentic-ai,Load Test 5K,Pune,Hooli
Aditya Bose,loadtest2332@loadtest.example.com,9000002332,ai-ml,Load Test 5K,Chennai,Umbrella
Nisha Bose,loadtest2333@loadtest.example.com,9000002333,,Load Test 5K,Delhi,Stark Industries
Sanjay Bose,loadtest2334@loadtest.example.com,9000002334,agentic-ai,Load Test 5K,Kolkata,Wayne Enterprises
Kavya Bose,loadtest2335@loadtest.example.com,9000002335,ai-ml,Load Test 5K,Ahmedabad,Soylent
Manish Bose,loadtest2336@loadtest.example.com,9000002336,,Load Test 5K,Hyderabad,Acme Corp
Ritu Bose,loadtest2337@loadtest.example.com,9000002337,agentic-ai,Load Test 5K,Bengaluru,Globex
Vivek Menon,loadtest2338@loadtest.example.com,9000002338,ai-ml,Load Test 5K,Mumbai,Initech
Shreya Menon,loadtest2339@loadtest.example.com,9000002339,,Load Test 5K,Pune,Hooli
Aarav Menon,loadtest2340@loadtest.example.com,9000002340,agentic-ai,Load Test 5K,Chennai,Umbrella
Priya Menon,loadtest2341@loadtest.example.com,9000002341,ai-ml,Load Test 5K,Delhi,Stark Industries
Rohan Menon,loadtest2342@loadtest.example.com,9000002342,,Load Test 5K,Kolkata,Wayne Enterprises
Meera Menon,loadtest2343@loadtest.example.com,9000002343,agentic-ai,Load Test 5K,Ahmedabad,Soylent
Vikram Menon,loadtest2344@loadtest.example.com,9000002344,ai-ml,Load Test 5K,Hyderabad,Acme Corp
Ananya Chopra,loadtest2345@loadtest.example.com,9000002345,,Load Test 5K,Bengaluru,Globex
Karthik Chopra,loadtest2346@loadtest.example.com,9000002346,agentic-ai,Load Test 5K,Mumbai,Initech
Sneha Chopra,loadtest2347@loadtest.example.com,9000002347,ai-ml,Load Test 5K,Pune,Hooli
Arjun Chopra,loadtest2348@loadtest.example.com,9000002348,,Load Test 5K,Chennai,Umbrella
Divya Chopra,loadtest2349@loadtest.example.com,9000002349,agentic-ai,Load Test 5K,Delhi,Stark Industries
Rahul Chopra,loadtest2350@loadtest.example.com,9000002350,ai-ml,Load Test 5K,Kolkata,Wayne Enterprises
Pooja Chopra,loadtest2351@loadtest.example.com,9000002351,,Load Test 5K,Ahmedabad,Soylent
Aditya Verma,loadtest2352@loadtest.example.com,9000002352,agentic-ai,Load Test 5K,Hyderabad,Acme Corp
Nisha Verma,loadtest2353@loadtest.example.com,9000002353,ai-ml,Load Test 5K,Bengaluru,Globex
Sanjay Verma,loadtest2354@loadtest.example.com,9000002354,,Load Test 5K,Mumbai,Initech
Kavya Verma,loadtest2355@loadtest.example.com,9000002355,agentic-ai,Load Test 5K,Pune,Hooli
Manish Verma,loadtest2356@loadtest.example.com,9000002356,ai-ml,Load Test 5K,Chennai,Umbrella
Ritu Verma,loadtest2357@loadtest.example.com,9000002357,,Load Test 5K,Delhi,Stark Industries
Vivek Verma,loadtest2358@loadtest.example.com,9000002358,agentic-ai,Load Test 5K,Kolkata,Wayne Enterprises
Shreya Shetty,loadtest2359@loadtest.example.com,9000002359,ai-ml,Load Test 5K,Ahmedabad,Soylent
Aarav Shetty,loadtest2360@loadtest.example.com,9000002360,,Load Test 5K,Hyderabad,Acme Corp
Priya Shetty,loadtest2361@loadtest.example.com,9000002361,agentic-ai,Load Test 5K,Bengaluru,Globex
Rohan Shetty,loadtest2362@loadtest.example.com,9000002362,ai-ml,Load Test 5K,Mumbai,Initech
Meera Shetty,loadtest2363@loadtest.example.com,9000002363,,Load Test 5K,Pune,Hooli
Vikram Shetty,loadtest2364@loadtest.example.com,9000002364,agentic-ai,Load Test 5K,Chennai,Umbrella
Ananya Shetty,loadtest2365@loadtest.example.com,9000002365,ai-ml,Load Test 5K,Delhi,Stark Industries
Karthik Banerjee,loadtest2366@loadtest.example.com,9000002366,,Load Test 5K,Kolkata,Wayne Enterprises
Sneha Banerjee,loadtest2367@loadtest.example.com,9000002367,agentic-ai,Load Test 5K,Ahmedabad,Soylent
Arjun Banerjee,loadtest2368@loadtest.example.com,9000002368,ai-ml,Load Test 5K,Hyderabad,Acme Corp
Divya Banerjee,loadtest2369@loadtest.example.com,9000002369,,Load Test 5K,Bengaluru,Globex
Rahul Banerjee,loadtest2370@loadtest.example.com,9000002370,agentic-ai,Load Test 5K,Mumbai,Initech
Pooja Banerjee,loadtest2371@loadtest.example.com,9000002371,ai-ml,Load Test 5K,Pune,Hooli
Aditya Banerjee,loadtest2372@loadtest.example.com,9000002372,,Load Test 5K,Chennai,Umbrella
Nisha Kapoor,loadtest2373@loadtest.example.com,9000002373,agentic-ai,Load Test 5K,Delhi,Stark Industries
Sanjay Kapoor,loadtest2374@loadtest.example.com,9000002374,ai-ml,Load Test 5K,Kolkata,Wayne Enterprises
Kavya Kapoor,loadtest2375@loadtest.example.com,9000002375,,Load Test 5K,Ahmedabad,Soylent
Manish Kapoor,loadtest2376@loadtest.example.com,9000002376,agentic-ai,Load Test 5K,Hyderabad,Acme Corp
Ritu Kapoor,loadtest2377@loadtest.example.com,9000002377,ai-ml,Load Test 5K,Bengaluru,Globex
Vivek Kapoor,loadtest2378@loadtest.example.com,9000002378,,Load Test 5K,Mumbai,Initech
Shreya Kapoor,loadtest2379@loadtest.example.com,9000002379,agentic-ai,Load Test 5K,Pune,Hooli
Aarav Sharma,loadtest2380@loadtest.example.com,9000002380,ai-ml,Load Test 5K,Chennai,Umbrella
Priya Sharma,loadtest2381@loadtest.example.com,9000002381,,Load Test 5K,Delhi,Stark Industries
Rohan Sharma,loadtest2382@loadtest.example.com,9000002382,agentic-ai,Load Test 5K,Kolkata,Wayne Enterprises
Meera Sharma,loadtest2383@loadtest.example.com,9000002383,ai-ml,Load Test 5K,Ahmedabad,Soylent
Vikram Sharma,loadtest2384@loadtest.example.com,9000002384,,Load Test 5K,Hyderabad,Acme Corp
Ananya Sharma,loadtest2385@loadtest.example.com,9000002385,agentic-ai,Load Test 5K,Bengaluru,Globex
Karthik Sharma,loadtest2386@loadtest.example.com,9000002386,ai-ml,Load Test 5K,Mumbai,Initech
Sneha Nair,loadtest2387@loadtest.example.com,9000002387,,Load Test 5K,Pune,Hooli
Arjun Nair,loadtest2388@loadtest.example.com,9000002388,agentic-ai,Load Test 5K,Chennai,Umbrella
Divya Nair,loadtest2389@loadtest.example.com,9000002389,ai-ml,Load Test 5K,Delhi,Stark Industries
Rahul Nair,loadtest2390@loadtest.example.com,9000002390,,Load Test 5K,Kolkata,Wayne Enterprises
Pooja Nair,loadtest2391@loadtest.example.com,9000002391,agentic-ai,Load Test 5K,Ahmedabad,Soylent
Aditya Nair,loadtest2392@loadtest.example.com,9000002392,ai-ml,Load Test 5K,Hyderabad,Acme Corp
Nisha Nair,loadtest2393@loadtest.example.com,9000002393,,Load Test 5K,Bengaluru,Globex
Sanjay Mehta,loadtest2394@loadtest.example.com,9000002394,agentic-ai,Load Test 5K,Mumbai,Initech
Kavya Mehta,loadtest2395@loadtest.example.com,9000002395,ai-ml,Load Test 5K,Pune,Hooli
Manish Mehta,loadtest2396@loadtest.example.com,9000002396,,Load Test 5K,Chennai,Umbrella
Ritu Mehta,loadtest2397@loadtest.example.com,9000002397,agentic-ai,Load Test 5K,Delhi,Stark Industries
Vivek Mehta,loadtest2398@loadtest.example.com,9000002398,ai-ml,Load Test 5K,Kolkata,Wayne Enterprises
Shreya Mehta,loadtest2399@loadtest.example.com,9000002399,,Load Test 5K,Ahmedabad,Soylent
Aarav Mehta,loadtest2400@loadtest.example.com,9000002400,agentic-ai,Load Test 5K,Hyderabad,Acme Corp
Priya Iyer,loadtest2401@loadtest.example.com,9000002401,ai-ml,Load Test 5K,Bengaluru,Globex
Rohan Iyer,loadtest2402@loadtest.example.com,9000002402,,Load Test 5K,Mumbai,Initech
Meera Iyer,loadtest2403@loadtest.example.com,9000002403,agentic-ai,Load Test 5K,Pune,Hooli
Vikram Iyer,loadtest2404@loadtest.example.com,9000002404,ai-ml,Load Test 5K,Chennai,Umbrella
Ananya Iyer,loadtest2405@loadtest.example.com,9000002405,,Load Test 5K,Delhi,Stark Industries
Karthik Iyer,loadtest2406@loadtest.example.com,9000002406,agentic-ai,Load Test 5K,Kolkata,Wayne Enterprises
Sneha Iyer,loadtest2407@loadtest.example.com,9000002407,ai-ml,Load Test 5K,Ahmedabad,Soylent
Arjun Reddy,loadtest2408@loadtest.example.com,9000002408,,Load Test 5K,Hyderabad,Acme Corp
Divya Reddy,loadtest2409@loadtest.example.com,9000002409,agentic-ai,Load Test 5K,Bengaluru,Globex
Rahul Reddy,loadtest2410@loadtest.example.com,9000002410,ai-ml,Load Test 5K,Mumbai,Initech
Pooja Reddy,loadtest2411@loadtest.example.com,9000002411,,Load Test 5K,Pune,Hooli
Aditya Reddy,loadtest2412@loadtest.example.com,9000002412,agentic-ai,Load Test 5K,Chennai,Umbrella
Nisha Reddy,loadtest2413@loadtest.example.com,9000002413,ai-ml,Load Test 5K,Delhi,Stark Industries
Sanjay Reddy,loadtest2414@loadtest.example.com,9000002414,,Load Test 5K,Kolkata,Wayne Enterprises
Kavya Gupta,loadtest2415@loadtest.example.com,9000002415,agentic-ai,Load Test 5K,Ahmedabad,Soylent
Manish Gupta,loadtest2416@loadtest.example.com,9000002416,ai-ml,Load Test 5K,Hyderabad,Acme Corp
Ritu Gupta,loadtest2417@loadtest.example.com,9000002417,,Load Test 5K,Bengaluru,Globex
Vivek Gupta,loadtest2418@loadtest.example.com,9000002418,agentic-ai,Load Test 5K,Mumbai,Initech
Shreya Gupta,loadtest2419@loadtest.example.com,9000002419,ai-ml,Load Test 5K,Pune,Hooli
Aarav Gupta,loadtest2420@loadtest.example.com,9000002420,,Load Test 5K,Chennai,Umbrella
Priya Gupta,loadtest2421@loadtest.example.com,9000002421,agentic-ai,Load Test 5K,Delhi,Stark Industries
Rohan Patel,loadtest2422@loadtest.example.com,9000002422,ai-ml,Load Test 5K,Kolkata,Wayne Enterprises
Meera Patel,loadtest2423@loadtest.example.com,9000002423,,Load Test 5K,Ahmedabad,Soylent
Vikram Patel,loadtest2424@loadtest.example.com,9000002424,agentic-ai,Load Test 5K,Hyderabad,Acme Corp
Ananya Patel,loadtest2425@loadtest.example.com,9000002425,ai-ml,Load Test 5K,Bengaluru,Globex
Karthik Patel,loadtest2426@loadtest.example.com,9000002426,,Load Test 5K,Mumbai,Initech
Sneha Patel,loadtest2427@loadtest.example.com,9000002427,agentic-ai,Load Test 5K,Pune,Hooli
Arjun Patel,loadtest2428@loadtest.example.com,9000002428,ai-ml,Load Test 5K,Chennai,Umbrella
Divya Rao,loadtest2429@loadtest.example.com,9000002429,,Load Test 5K,Delhi,Stark Industries
Rahul Rao,loadtest2430@loadtest.example.com,9000002430,agentic-ai,Load Test 5K,Kolkata,Wayne Enterprises
Pooja Rao,loadtest2431@loadtest.example.com,9000002431,ai-ml,Load Test 5K,Ahmedabad,Soylent
Aditya Rao,loadtest2432@loadtest.example.com,9000002432,,Load Test 5K,Hyderabad,Acme Corp
Nisha Rao,loadtest2433@loadtest.example.com,9000002433,agentic-ai,Load Test 5K,Bengaluru,Globex
Sanjay Rao,loadtest2434@loadtest.example.com,9000002434,ai-ml,Load Test 5K,Mumbai,Initech
Kavya Rao,loadtest2435@loadtest.example.com,9000002435,,Load Test 5K,Pune,Hooli
Manish Singh,loadtest2436@loadtest.example.com,9000002436,agentic-ai,Load Test 5K,Chennai,Umbrella
Ritu Singh,loadtest2437@loadtest.example.com,9000002437,ai-ml,Load Test 5K,Delhi,Stark Industries
Vivek Singh,loadtest2438@loadtest.example.com,9000002438,,Load Test 5K,Kolkata,Wayne Enterprises
Shreya Singh,loadtest2439@loadtest.example.com,9000002439,agentic-ai,Load Test 5K,Ahmedabad,Soylent
Aarav Singh,loadtest2440@loadtest.example.com,9000002440,ai-ml,Load Test 5K,Hyderabad,Acme Corp
Priya Singh,loadtest2441@loadtest.example.com,9000002441,,Load Test 5K,Bengaluru,Globex
Rohan Singh,loadtest2442@loadtest.example.com,9000002442,agentic-ai,Load Test 5K,Mumbai,Initech
Meera Joshi,loadtest2443@loadtest.example.com,9000002443,ai-ml,Load Test 5K,Pune,Hooli
Vikram Joshi,loadtest2444@loadtest.example.com,9000002444,,Load Test 5K,Chennai,Umbrella
Ananya Joshi,loadtest2445@loadtest.example.com,9000002445,agentic-ai,Load Test 5K,Delhi,Stark Industries
Karthik Joshi,loadtest2446@loadtest.example.com,9000002446,ai-ml,Load Test 5K,Kolkata,Wayne Enterprises
Sneha Joshi,loadtest2447@loadtest.example.com,9000002447,,Load Test 5K,Ahmedabad,Soylent
Arjun Joshi,loadtest2448@loadtest.example.com,9000002448,agentic-ai,Load Test 5K,Hyderabad,Acme Corp
Divya Joshi,loadtest2449@loadtest.example.com,9000002449,ai-ml,Load Test 5K,Bengaluru,Globex
Rahul Kumar,loadtest2450@loadtest.example.com,9000002450,,Load Test 5K,Mumbai,Initech
Pooja Kumar,loadtest2451@loadtest.example.com,9000002451,agentic-ai,Load Test 5K,Pune,Hooli
Aditya Kumar,loadtest2452@loadtest.example.com,9000002452,ai-ml,Load Test 5K,Chennai,Umbrella
Nisha Kumar,loadtest2453@loadtest.example.com,9000002453,,Load Test 5K,Delhi,Stark Industries
Sanjay Kumar,loadtest2454@loadtest.example.com,9000002454,agentic-ai,Load Test 5K,Kolkata,Wayne Enterprises
Kavya Kumar,loadtest2455@loadtest.example.com,9000002455,ai-ml,Load Test 5K,Ahmedabad,Soylent
Manish Kumar,loadtest2456@loadtest.example.com,9000002456,,Load Test 5K,Hyderabad,Acme Corp
Ritu Desai,loadtest2457@loadtest.example.com,9000002457,agentic-ai,Load Test 5K,Bengaluru,Globex
Vivek Desai,loadtest2458@loadtest.example.com,9000002458,ai-ml,Load Test 5K,Mumbai,Initech
Shreya Desai,loadtest2459@loadtest.example.com,9000002459,,Load Test 5K,Pune,Hooli
Aarav Desai,loadtest2460@loadtest.example.com,9000002460,agentic-ai,Load Test 5K,Chennai,Umbrella
Priya Desai,loadtest2461@loadtest.example.com,9000002461,ai-ml,Load Test 5K,Delhi,Stark Industries
Rohan Desai,loadtest2462@loadtest.example.com,9000002462,,Load Test 5K,Kolkata,Wayne Enterprises
Meera Desai,loadtest2463@loadtest.example.com,9000002463,agentic-ai,Load Test 5K,Ahmedabad,Soylent
Vikram Pillai,loadtest2464@loadtest.example.com,9000002464,ai-ml,Load Test 5K,Hyderabad,Acme Corp
Ananya Pillai,loadtest2465@loadtest.example.com,9000002465,,Load Test 5K,Bengaluru,Globex
Karthik Pillai,loadtest2466@loadtest.example.com,9000002466,agentic-ai,Load Test 5K,Mumbai,Initech
Sneha Pillai,loadtest2467@loadtest.example.com,9000002467,ai-ml,Load Test 5K,Pune,Hooli
Arjun Pillai,loadtest2468@loadtest.example.com,9000002468,,Load Test 5K,Chennai,Umbrella
Divya Pillai,loadtest2469@loadtest.example.com,9000002469,agentic-ai,Load Test 5K,Delhi,Stark Industries
Rahul Pillai,loadtest2470@loadtest.example.com,9000002470,ai-ml,Load Test 5K,Kolkata,Wayne Enterprises
Pooja Bose,loadtest2471@loadtest.example.com,9000002471,,Load Test 5K,Ahmedabad,Soylent
Aditya Bose,loadtest2472@loadtest.example.com,9000002472,agentic-ai,Load Test 5K,Hyderabad,Acme Corp
Nisha Bose,loadtest2473@loadtest.example.com,9000002473,ai-ml,Load Test 5K,Bengaluru,Globex
Sanjay Bose,loadtest2474@loadtest.example.com,9000002474,,Load Test 5K,Mumbai,Initech
Kavya Bose,loadtest2475@loadtest.example.com,9000002475,agentic-ai,Load Test 5K,Pune,Hooli
Manish Bose,loadtest2476@loadtest.example.com,9000002476,ai-ml,Load Test 5K,Chennai,Umbrella
Ritu Bose,loadtest2477@loadtest.example.com,9000002477,,Load Test 5K,Delhi,Stark Industries
Vivek Menon,loadtest2478@loadtest.example.com,9000002478,agentic-ai,Load Test 5K,Kolkata,Wayne Enterprises
Shreya Menon,loadtest2479@loadtest.example.com,9000002479,ai-ml,Load Test 5K,Ahmedabad,Soylent
Aarav Menon,loadtest2480@loadtest.example.com,9000002480,,Load Test 5K,Hyderabad,Acme Corp
Priya Menon,loadtest2481@loadtest.example.com,9000002481,agentic-ai,Load Test 5K,Bengaluru,Globex
Rohan Menon,loadtest2482@loadtest.example.com,9000002482,ai-ml,Load Test 5K,Mumbai,Initech
Meera Menon,loadtest2483@loadtest.example.com,9000002483,,Load Test 5K,Pune,Hooli
Vikram Menon,loadtest2484@loadtest.example.com,9000002484,agentic-ai,Load Test 5K,Chennai,Umbrella
Ananya Chopra,loadtest2485@loadtest.example.com,9000002485,ai-ml,Load Test 5K,Delhi,Stark Industries
Karthik Chopra,loadtest2486@loadtest.example.com,9000002486,,Load Test 5K,Kolkata,Wayne Enterprises
Sneha Chopra,loadtest2487@loadtest.example.com,9000002487,agentic-ai,Load Test 5K,Ahmedabad,Soylent
Arjun Chopra,loadtest2488@loadtest.example.com,9000002488,ai-ml,Load Test 5K,Hyderabad,Acme Corp
Divya Chopra,loadtest2489@loadtest.example.com,9000002489,,Load Test 5K,Bengaluru,Globex
Rahul Chopra,loadtest2490@loadtest.example.com,9000002490,agentic-ai,Load Test 5K,Mumbai,Initech
Pooja Chopra,loadtest2491@loadtest.example.com,9000002491,ai-ml,Load Test 5K,Pune,Hooli
Aditya Verma,loadtest2492@loadtest.example.com,9000002492,,Load Test 5K,Chennai,Umbrella
Nisha Verma,loadtest2493@loadtest.example.com,9000002493,agentic-ai,Load Test 5K,Delhi,Stark Industries
Sanjay Verma,loadtest2494@loadtest.example.com,9000002494,ai-ml,Load Test 5K,Kolkata,Wayne Enterprises
Kavya Verma,loadtest2495@loadtest.example.com,9000002495,,Load Test 5K,Ahmedabad,Soylent
Manish Verma,loadtest2496@loadtest.example.com,9000002496,agentic-ai,Load Test 5K,Hyderabad,Acme Corp
Ritu Verma,loadtest2497@loadtest.example.com,9000002497,ai-ml,Load Test 5K,Bengaluru,Globex
Vivek Verma,loadtest2498@loadtest.example.com,9000002498,,Load Test 5K,Mumbai,Initech
Shreya Shetty,loadtest2499@loadtest.example.com,9000002499,agentic-ai,Load Test 5K,Pune,Hooli
Aarav Shetty,loadtest2500@loadtest.example.com,9000002500,ai-ml,Load Test 5K,Chennai,Umbrella
Priya Shetty,loadtest2501@loadtest.example.com,9000002501,,Load Test 5K,Delhi,Stark Industries
Rohan Shetty,loadtest2502@loadtest.example.com,9000002502,agentic-ai,Load Test 5K,Kolkata,Wayne Enterprises
Meera Shetty,loadtest2503@loadtest.example.com,9000002503,ai-ml,Load Test 5K,Ahmedabad,Soylent
Vikram Shetty,loadtest2504@loadtest.example.com,9000002504,,Load Test 5K,Hyderabad,Acme Corp
Ananya Shetty,loadtest2505@loadtest.example.com,9000002505,agentic-ai,Load Test 5K,Bengaluru,Globex
Karthik Banerjee,loadtest2506@loadtest.example.com,9000002506,ai-ml,Load Test 5K,Mumbai,Initech
Sneha Banerjee,loadtest2507@loadtest.example.com,9000002507,,Load Test 5K,Pune,Hooli
Arjun Banerjee,loadtest2508@loadtest.example.com,9000002508,agentic-ai,Load Test 5K,Chennai,Umbrella
Divya Banerjee,loadtest2509@loadtest.example.com,9000002509,ai-ml,Load Test 5K,Delhi,Stark Industries
Rahul Banerjee,loadtest2510@loadtest.example.com,9000002510,,Load Test 5K,Kolkata,Wayne Enterprises
Pooja Banerjee,loadtest2511@loadtest.example.com,9000002511,agentic-ai,Load Test 5K,Ahmedabad,Soylent
Aditya Banerjee,loadtest2512@loadtest.example.com,9000002512,ai-ml,Load Test 5K,Hyderabad,Acme Corp
Nisha Kapoor,loadtest2513@loadtest.example.com,9000002513,,Load Test 5K,Bengaluru,Globex
Sanjay Kapoor,loadtest2514@loadtest.example.com,9000002514,agentic-ai,Load Test 5K,Mumbai,Initech
Kavya Kapoor,loadtest2515@loadtest.example.com,9000002515,ai-ml,Load Test 5K,Pune,Hooli
Manish Kapoor,loadtest2516@loadtest.example.com,9000002516,,Load Test 5K,Chennai,Umbrella
Ritu Kapoor,loadtest2517@loadtest.example.com,9000002517,agentic-ai,Load Test 5K,Delhi,Stark Industries
Vivek Kapoor,loadtest2518@loadtest.example.com,9000002518,ai-ml,Load Test 5K,Kolkata,Wayne Enterprises
Shreya Kapoor,loadtest2519@loadtest.example.com,9000002519,,Load Test 5K,Ahmedabad,Soylent
Aarav Sharma,loadtest2520@loadtest.example.com,9000002520,agentic-ai,Load Test 5K,Hyderabad,Acme Corp
Priya Sharma,loadtest2521@loadtest.example.com,9000002521,ai-ml,Load Test 5K,Bengaluru,Globex
Rohan Sharma,loadtest2522@loadtest.example.com,9000002522,,Load Test 5K,Mumbai,Initech
Meera Sharma,loadtest2523@loadtest.example.com,9000002523,agentic-ai,Load Test 5K,Pune,Hooli
Vikram Sharma,loadtest2524@loadtest.example.com,9000002524,ai-ml,Load Test 5K,Chennai,Umbrella
Ananya Sharma,loadtest2525@loadtest.example.com,9000002525,,Load Test 5K,Delhi,Stark Industries
Karthik Sharma,loadtest2526@loadtest.example.com,9000002526,agentic-ai,Load Test 5K,Kolkata,Wayne Enterprises
Sneha Nair,loadtest2527@loadtest.example.com,9000002527,ai-ml,Load Test 5K,Ahmedabad,Soylent
Arjun Nair,loadtest2528@loadtest.example.com,9000002528,,Load Test 5K,Hyderabad,Acme Corp
Divya Nair,loadtest2529@loadtest.example.com,9000002529,agentic-ai,Load Test 5K,Bengaluru,Globex
Rahul Nair,loadtest2530@loadtest.example.com,9000002530,ai-ml,Load Test 5K,Mumbai,Initech
Pooja Nair,loadtest2531@loadtest.example.com,9000002531,,Load Test 5K,Pune,Hooli
Aditya Nair,loadtest2532@loadtest.example.com,9000002532,agentic-ai,Load Test 5K,Chennai,Umbrella
Nisha Nair,loadtest2533@loadtest.example.com,9000002533,ai-ml,Load Test 5K,Delhi,Stark Industries
Sanjay Mehta,loadtest2534@loadtest.example.com,9000002534,,Load Test 5K,Kolkata,Wayne Enterprises
Kavya Mehta,loadtest2535@loadtest.example.com,9000002535,agentic-ai,Load Test 5K,Ahmedabad,Soylent
Manish Mehta,loadtest2536@loadtest.example.com,9000002536,ai-ml,Load Test 5K,Hyderabad,Acme Corp
Ritu Mehta,loadtest2537@loadtest.example.com,9000002537,,Load Test 5K,Bengaluru,Globex
Vivek Mehta,loadtest2538@loadtest.example.com,9000002538,agentic-ai,Load Test 5K,Mumbai,Initech
Shreya Mehta,loadtest2539@loadtest.example.com,9000002539,ai-ml,Load Test 5K,Pune,Hooli
Aarav Mehta,loadtest2540@loadtest.example.com,9000002540,,Load Test 5K,Chennai,Umbrella
Priya Iyer,loadtest2541@loadtest.example.com,9000002541,agentic-ai,Load Test 5K,Delhi,Stark Industries
Rohan Iyer,loadtest2542@loadtest.example.com,9000002542,ai-ml,Load Test 5K,Kolkata,Wayne Enterprises
Meera Iyer,loadtest2543@loadtest.example.com,9000002543,,Load Test 5K,Ahmedabad,Soylent
Vikram Iyer,loadtest2544@loadtest.example.com,9000002544,agentic-ai,Load Test 5K,Hyderabad,Acme Corp
Ananya Iyer,loadtest2545@loadtest.example.com,9000002545,ai-ml,Load Test 5K,Bengaluru,Globex
Karthik Iyer,loadtest2546@loadtest.example.com,9000002546,,Load Test 5K,Mumbai,Initech
Sneha Iyer,loadtest2547@loadtest.example.com,9000002547,agentic-ai,Load Test 5K,Pune,Hooli
Arjun Reddy,loadtest2548@loadtest.example.com,9000002548,ai-ml,Load Test 5K,Chennai,Umbrella
Divya Reddy,loadtest2549@loadtest.example.com,9000002549,,Load Test 5K,Delhi,Stark Industries
Rahul Reddy,loadtest2550@loadtest.example.com,9000002550,agentic-ai,Load Test 5K,Kolkata,Wayne Enterprises
Pooja Reddy,loadtest2551@loadtest.example.com,9000002551,ai-ml,Load Test 5K,Ahmedabad,Soylent
Aditya Reddy,loadtest2552@loadtest.example.com,9000002552,,Load Test 5K,Hyderabad,Acme Corp
Nisha Reddy,loadtest2553@loadtest.example.com,9000002553,agentic-ai,Load Test 5K,Bengaluru,Globex
Sanjay Reddy,loadtest2554@loadtest.example.com,9000002554,ai-ml,Load Test 5K,Mumbai,Initech
Kavya Gupta,loadtest2555@loadtest.example.com,9000002555,,Load Test 5K,Pune,Hooli
Manish Gupta,loadtest2556@loadtest.example.com,9000002556,agentic-ai,Load Test 5K,Chennai,Umbrella
Ritu Gupta,loadtest2557@loadtest.example.com,9000002557,ai-ml,Load Test 5K,Delhi,Stark Industries
Vivek Gupta,loadtest2558@loadtest.example.com,9000002558,,Load Test 5K,Kolkata,Wayne Enterprises
Shreya Gupta,loadtest2559@loadtest.example.com,9000002559,agentic-ai,Load Test 5K,Ahmedabad,Soylent
Aarav Gupta,loadtest2560@loadtest.example.com,9000002560,ai-ml,Load Test 5K,Hyderabad,Acme Corp
Priya Gupta,loadtest2561@loadtest.example.com,9000002561,,Load Test 5K,Bengaluru,Globex
Rohan Patel,loadtest2562@loadtest.example.com,9000002562,agentic-ai,Load Test 5K,Mumbai,Initech
Meera Patel,loadtest2563@loadtest.example.com,9000002563,ai-ml,Load Test 5K,Pune,Hooli
Vikram Patel,loadtest2564@loadtest.example.com,9000002564,,Load Test 5K,Chennai,Umbrella
Ananya Patel,loadtest2565@loadtest.example.com,9000002565,agentic-ai,Load Test 5K,Delhi,Stark Industries
Karthik Patel,loadtest2566@loadtest.example.com,9000002566,ai-ml,Load Test 5K,Kolkata,Wayne Enterprises
Sneha Patel,loadtest2567@loadtest.example.com,9000002567,,Load Test 5K,Ahmedabad,Soylent
Arjun Patel,loadtest2568@loadtest.example.com,9000002568,agentic-ai,Load Test 5K,Hyderabad,Acme Corp
Divya Rao,loadtest2569@loadtest.example.com,9000002569,ai-ml,Load Test 5K,Bengaluru,Globex
Rahul Rao,loadtest2570@loadtest.example.com,9000002570,,Load Test 5K,Mumbai,Initech
Pooja Rao,loadtest2571@loadtest.example.com,9000002571,agentic-ai,Load Test 5K,Pune,Hooli
Aditya Rao,loadtest2572@loadtest.example.com,9000002572,ai-ml,Load Test 5K,Chennai,Umbrella
Nisha Rao,loadtest2573@loadtest.example.com,9000002573,,Load Test 5K,Delhi,Stark Industries
Sanjay Rao,loadtest2574@loadtest.example.com,9000002574,agentic-ai,Load Test 5K,Kolkata,Wayne Enterprises
Kavya Rao,loadtest2575@loadtest.example.com,9000002575,ai-ml,Load Test 5K,Ahmedabad,Soylent
Manish Singh,loadtest2576@loadtest.example.com,9000002576,,Load Test 5K,Hyderabad,Acme Corp
Ritu Singh,loadtest2577@loadtest.example.com,9000002577,agentic-ai,Load Test 5K,Bengaluru,Globex
Vivek Singh,loadtest2578@loadtest.example.com,9000002578,ai-ml,Load Test 5K,Mumbai,Initech
Shreya Singh,loadtest2579@loadtest.example.com,9000002579,,Load Test 5K,Pune,Hooli
Aarav Singh,loadtest2580@loadtest.example.com,9000002580,agentic-ai,Load Test 5K,Chennai,Umbrella
Priya Singh,loadtest2581@loadtest.example.com,9000002581,ai-ml,Load Test 5K,Delhi,Stark Industries
Rohan Singh,loadtest2582@loadtest.example.com,9000002582,,Load Test 5K,Kolkata,Wayne Enterprises
Meera Joshi,loadtest2583@loadtest.example.com,9000002583,agentic-ai,Load Test 5K,Ahmedabad,Soylent
Vikram Joshi,loadtest2584@loadtest.example.com,9000002584,ai-ml,Load Test 5K,Hyderabad,Acme Corp
Ananya Joshi,loadtest2585@loadtest.example.com,9000002585,,Load Test 5K,Bengaluru,Globex
Karthik Joshi,loadtest2586@loadtest.example.com,9000002586,agentic-ai,Load Test 5K,Mumbai,Initech
Sneha Joshi,loadtest2587@loadtest.example.com,9000002587,ai-ml,Load Test 5K,Pune,Hooli
Arjun Joshi,loadtest2588@loadtest.example.com,9000002588,,Load Test 5K,Chennai,Umbrella
Divya Joshi,loadtest2589@loadtest.example.com,9000002589,agentic-ai,Load Test 5K,Delhi,Stark Industries
Rahul Kumar,loadtest2590@loadtest.example.com,9000002590,ai-ml,Load Test 5K,Kolkata,Wayne Enterprises
Pooja Kumar,loadtest2591@loadtest.example.com,9000002591,,Load Test 5K,Ahmedabad,Soylent
Aditya Kumar,loadtest2592@loadtest.example.com,9000002592,agentic-ai,Load Test 5K,Hyderabad,Acme Corp
Nisha Kumar,loadtest2593@loadtest.example.com,9000002593,ai-ml,Load Test 5K,Bengaluru,Globex
Sanjay Kumar,loadtest2594@loadtest.example.com,9000002594,,Load Test 5K,Mumbai,Initech
Kavya Kumar,loadtest2595@loadtest.example.com,9000002595,agentic-ai,Load Test 5K,Pune,Hooli
Manish Kumar,loadtest2596@loadtest.example.com,9000002596,ai-ml,Load Test 5K,Chennai,Umbrella
Ritu Desai,loadtest2597@loadtest.example.com,9000002597,,Load Test 5K,Delhi,Stark Industries
Vivek Desai,loadtest2598@loadtest.example.com,9000002598,agentic-ai,Load Test 5K,Kolkata,Wayne Enterprises
Shreya Desai,loadtest2599@loadtest.example.com,9000002599,ai-ml,Load Test 5K,Ahmedabad,Soylent
Aarav Desai,loadtest2600@loadtest.example.com,9000002600,,Load Test 5K,Hyderabad,Acme Corp
Priya Desai,loadtest2601@loadtest.example.com,9000002601,agentic-ai,Load Test 5K,Bengaluru,Globex
Rohan Desai,loadtest2602@loadtest.example.com,9000002602,ai-ml,Load Test 5K,Mumbai,Initech
Meera Desai,loadtest2603@loadtest.example.com,9000002603,,Load Test 5K,Pune,Hooli
Vikram Pillai,loadtest2604@loadtest.example.com,9000002604,agentic-ai,Load Test 5K,Chennai,Umbrella
Ananya Pillai,loadtest2605@loadtest.example.com,9000002605,ai-ml,Load Test 5K,Delhi,Stark Industries
Karthik Pillai,loadtest2606@loadtest.example.com,9000002606,,Load Test 5K,Kolkata,Wayne Enterprises
Sneha Pillai,loadtest2607@loadtest.example.com,9000002607,agentic-ai,Load Test 5K,Ahmedabad,Soylent
Arjun Pillai,loadtest2608@loadtest.example.com,9000002608,ai-ml,Load Test 5K,Hyderabad,Acme Corp
Divya Pillai,loadtest2609@loadtest.example.com,9000002609,,Load Test 5K,Bengaluru,Globex
Rahul Pillai,loadtest2610@loadtest.example.com,9000002610,agentic-ai,Load Test 5K,Mumbai,Initech
Pooja Bose,loadtest2611@loadtest.example.com,9000002611,ai-ml,Load Test 5K,Pune,Hooli
Aditya Bose,loadtest2612@loadtest.example.com,9000002612,,Load Test 5K,Chennai,Umbrella
Nisha Bose,loadtest2613@loadtest.example.com,9000002613,agentic-ai,Load Test 5K,Delhi,Stark Industries
Sanjay Bose,loadtest2614@loadtest.example.com,9000002614,ai-ml,Load Test 5K,Kolkata,Wayne Enterprises
Kavya Bose,loadtest2615@loadtest.example.com,9000002615,,Load Test 5K,Ahmedabad,Soylent
Manish Bose,loadtest2616@loadtest.example.com,9000002616,agentic-ai,Load Test 5K,Hyderabad,Acme Corp
Ritu Bose,loadtest2617@loadtest.example.com,9000002617,ai-ml,Load Test 5K,Bengaluru,Globex
Vivek Menon,loadtest2618@loadtest.example.com,9000002618,,Load Test 5K,Mumbai,Initech
Shreya Menon,loadtest2619@loadtest.example.com,9000002619,agentic-ai,Load Test 5K,Pune,Hooli
Aarav Menon,loadtest2620@loadtest.example.com,9000002620,ai-ml,Load Test 5K,Chennai,Umbrella
Priya Menon,loadtest2621@loadtest.example.com,9000002621,,Load Test 5K,Delhi,Stark Industries
Rohan Menon,loadtest2622@loadtest.example.com,9000002622,agentic-ai,Load Test 5K,Kolkata,Wayne Enterprises
Meera Menon,loadtest2623@loadtest.example.com,9000002623,ai-ml,Load Test 5K,Ahmedabad,Soylent
Vikram Menon,loadtest2624@loadtest.example.com,9000002624,,Load Test 5K,Hyderabad,Acme Corp
Ananya Chopra,loadtest2625@loadtest.example.com,9000002625,agentic-ai,Load Test 5K,Bengaluru,Globex
Karthik Chopra,loadtest2626@loadtest.example.com,9000002626,ai-ml,Load Test 5K,Mumbai,Initech
Sneha Chopra,loadtest2627@loadtest.example.com,9000002627,,Load Test 5K,Pune,Hooli
Arjun Chopra,loadtest2628@loadtest.example.com,9000002628,agentic-ai,Load Test 5K,Chennai,Umbrella
Divya Chopra,loadtest2629@loadtest.example.com,9000002629,ai-ml,Load Test 5K,Delhi,Stark Industries
Rahul Chopra,loadtest2630@loadtest.example.com,9000002630,,Load Test 5K,Kolkata,Wayne Enterprises
Pooja Chopra,loadtest2631@loadtest.example.com,9000002631,agentic-ai,Load Test 5K,Ahmedabad,Soylent
Aditya Verma,loadtest2632@loadtest.example.com,9000002632,ai-ml,Load Test 5K,Hyderabad,Acme Corp
Nisha Verma,loadtest2633@loadtest.example.com,9000002633,,Load Test 5K,Bengaluru,Globex
Sanjay Verma,loadtest2634@loadtest.example.com,9000002634,agentic-ai,Load Test 5K,Mumbai,Initech
Kavya Verma,loadtest2635@loadtest.example.com,9000002635,ai-ml,Load Test 5K,Pune,Hooli
Manish Verma,loadtest2636@loadtest.example.com,9000002636,,Load Test 5K,Chennai,Umbrella
Ritu Verma,loadtest2637@loadtest.example.com,9000002637,agentic-ai,Load Test 5K,Delhi,Stark Industries
Vivek Verma,loadtest2638@loadtest.example.com,9000002638,ai-ml,Load Test 5K,Kolkata,Wayne Enterprises
Shreya Shetty,loadtest2639@loadtest.example.com,9000002639,,Load Test 5K,Ahmedabad,Soylent
Aarav Shetty,loadtest2640@loadtest.example.com,9000002640,agentic-ai,Load Test 5K,Hyderabad,Acme Corp
Priya Shetty,loadtest2641@loadtest.example.com,9000002641,ai-ml,Load Test 5K,Bengaluru,Globex
Rohan Shetty,loadtest2642@loadtest.example.com,9000002642,,Load Test 5K,Mumbai,Initech
Meera Shetty,loadtest2643@loadtest.example.com,9000002643,agentic-ai,Load Test 5K,Pune,Hooli
Vikram Shetty,loadtest2644@loadtest.example.com,9000002644,ai-ml,Load Test 5K,Chennai,Umbrella
Ananya Shetty,loadtest2645@loadtest.example.com,9000002645,,Load Test 5K,Delhi,Stark Industries
Karthik Banerjee,loadtest2646@loadtest.example.com,9000002646,agentic-ai,Load Test 5K,Kolkata,Wayne Enterprises
Sneha Banerjee,loadtest2647@loadtest.example.com,9000002647,ai-ml,Load Test 5K,Ahmedabad,Soylent
Arjun Banerjee,loadtest2648@loadtest.example.com,9000002648,,Load Test 5K,Hyderabad,Acme Corp
Divya Banerjee,loadtest2649@loadtest.example.com,9000002649,agentic-ai,Load Test 5K,Bengaluru,Globex
Rahul Banerjee,loadtest2650@loadtest.example.com,9000002650,ai-ml,Load Test 5K,Mumbai,Initech
Pooja Banerjee,loadtest2651@loadtest.example.com,9000002651,,Load Test 5K,Pune,Hooli
Aditya Banerjee,loadtest2652@loadtest.example.com,9000002652,agentic-ai,Load Test 5K,Chennai,Umbrella
Nisha Kapoor,loadtest2653@loadtest.example.com,9000002653,ai-ml,Load Test 5K,Delhi,Stark Industries
Sanjay Kapoor,loadtest2654@loadtest.example.com,9000002654,,Load Test 5K,Kolkata,Wayne Enterprises
Kavya Kapoor,loadtest2655@loadtest.example.com,9000002655,agentic-ai,Load Test 5K,Ahmedabad,Soylent
Manish Kapoor,loadtest2656@loadtest.example.com,9000002656,ai-ml,Load Test 5K,Hyderabad,Acme Corp
Ritu Kapoor,loadtest2657@loadtest.example.com,9000002657,,Load Test 5K,Bengaluru,Globex
Vivek Kapoor,loadtest2658@loadtest.example.com,9000002658,agentic-ai,Load Test 5K,Mumbai,Initech
Shreya Kapoor,loadtest2659@loadtest.example.com,9000002659,ai-ml,Load Test 5K,Pune,Hooli
Aarav Sharma,loadtest2660@loadtest.example.com,9000002660,,Load Test 5K,Chennai,Umbrella
Priya Sharma,loadtest2661@loadtest.example.com,9000002661,agentic-ai,Load Test 5K,Delhi,Stark Industries
Rohan Sharma,loadtest2662@loadtest.example.com,9000002662,ai-ml,Load Test 5K,Kolkata,Wayne Enterprises
Meera Sharma,loadtest2663@loadtest.example.com,9000002663,,Load Test 5K,Ahmedabad,Soylent
Vikram Sharma,loadtest2664@loadtest.example.com,9000002664,agentic-ai,Load Test 5K,Hyderabad,Acme Corp
Ananya Sharma,loadtest2665@loadtest.example.com,9000002665,ai-ml,Load Test 5K,Bengaluru,Globex
Karthik Sharma,loadtest2666@loadtest.example.com,9000002666,,Load Test 5K,Mumbai,Initech
Sneha Nair,loadtest2667@loadtest.example.com,9000002667,agentic-ai,Load Test 5K,Pune,Hooli
Arjun Nair,loadtest2668@loadtest.example.com,9000002668,ai-ml,Load Test 5K,Chennai,Umbrella
Divya Nair,loadtest2669@loadtest.example.com,9000002669,,Load Test 5K,Delhi,Stark Industries
Rahul Nair,loadtest2670@loadtest.example.com,9000002670,agentic-ai,Load Test 5K,Kolkata,Wayne Enterprises
Pooja Nair,loadtest2671@loadtest.example.com,9000002671,ai-ml,Load Test 5K,Ahmedabad,Soylent
Aditya Nair,loadtest2672@loadtest.example.com,9000002672,,Load Test 5K,Hyderabad,Acme Corp
Nisha Nair,loadtest2673@loadtest.example.com,9000002673,agentic-ai,Load Test 5K,Bengaluru,Globex
Sanjay Mehta,loadtest2674@loadtest.example.com,9000002674,ai-ml,Load Test 5K,Mumbai,Initech
Kavya Mehta,loadtest2675@loadtest.example.com,9000002675,,Load Test 5K,Pune,Hooli
Manish Mehta,loadtest2676@loadtest.example.com,9000002676,agentic-ai,Load Test 5K,Chennai,Umbrella
Ritu Mehta,loadtest2677@loadtest.example.com,9000002677,ai-ml,Load Test 5K,Delhi,Stark Industries
Vivek Mehta,loadtest2678@loadtest.example.com,9000002678,,Load Test 5K,Kolkata,Wayne Enterprises
Shreya Mehta,loadtest2679@loadtest.example.com,9000002679,agentic-ai,Load Test 5K,Ahmedabad,Soylent
Aarav Mehta,loadtest2680@loadtest.example.com,9000002680,ai-ml,Load Test 5K,Hyderabad,Acme Corp
Priya Iyer,loadtest2681@loadtest.example.com,9000002681,,Load Test 5K,Bengaluru,Globex
Rohan Iyer,loadtest2682@loadtest.example.com,9000002682,agentic-ai,Load Test 5K,Mumbai,Initech
Meera Iyer,loadtest2683@loadtest.example.com,9000002683,ai-ml,Load Test 5K,Pune,Hooli
Vikram Iyer,loadtest2684@loadtest.example.com,9000002684,,Load Test 5K,Chennai,Umbrella
Ananya Iyer,loadtest2685@loadtest.example.com,9000002685,agentic-ai,Load Test 5K,Delhi,Stark Industries
Karthik Iyer,loadtest2686@loadtest.example.com,9000002686,ai-ml,Load Test 5K,Kolkata,Wayne Enterprises
Sneha Iyer,loadtest2687@loadtest.example.com,9000002687,,Load Test 5K,Ahmedabad,Soylent
Arjun Reddy,loadtest2688@loadtest.example.com,9000002688,agentic-ai,Load Test 5K,Hyderabad,Acme Corp
Divya Reddy,loadtest2689@loadtest.example.com,9000002689,ai-ml,Load Test 5K,Bengaluru,Globex
Rahul Reddy,loadtest2690@loadtest.example.com,9000002690,,Load Test 5K,Mumbai,Initech
Pooja Reddy,loadtest2691@loadtest.example.com,9000002691,agentic-ai,Load Test 5K,Pune,Hooli
Aditya Reddy,loadtest2692@loadtest.example.com,9000002692,ai-ml,Load Test 5K,Chennai,Umbrella
Nisha Reddy,loadtest2693@loadtest.example.com,9000002693,,Load Test 5K,Delhi,Stark Industries
Sanjay Reddy,loadtest2694@loadtest.example.com,9000002694,agentic-ai,Load Test 5K,Kolkata,Wayne Enterprises
Kavya Gupta,loadtest2695@loadtest.example.com,9000002695,ai-ml,Load Test 5K,Ahmedabad,Soylent
Manish Gupta,loadtest2696@loadtest.example.com,9000002696,,Load Test 5K,Hyderabad,Acme Corp
Ritu Gupta,loadtest2697@loadtest.example.com,9000002697,agentic-ai,Load Test 5K,Bengaluru,Globex
Vivek Gupta,loadtest2698@loadtest.example.com,9000002698,ai-ml,Load Test 5K,Mumbai,Initech
Shreya Gupta,loadtest2699@loadtest.example.com,9000002699,,Load Test 5K,Pune,Hooli
Aarav Gupta,loadtest2700@loadtest.example.com,9000002700,agentic-ai,Load Test 5K,Chennai,Umbrella
Priya Gupta,loadtest2701@loadtest.example.com,9000002701,ai-ml,Load Test 5K,Delhi,Stark Industries
Rohan Patel,loadtest2702@loadtest.example.com,9000002702,,Load Test 5K,Kolkata,Wayne Enterprises
Meera Patel,loadtest2703@loadtest.example.com,9000002703,agentic-ai,Load Test 5K,Ahmedabad,Soylent
Vikram Patel,loadtest2704@loadtest.example.com,9000002704,ai-ml,Load Test 5K,Hyderabad,Acme Corp
Ananya Patel,loadtest2705@loadtest.example.com,9000002705,,Load Test 5K,Bengaluru,Globex
Karthik Patel,loadtest2706@loadtest.example.com,9000002706,agentic-ai,Load Test 5K,Mumbai,Initech
Sneha Patel,loadtest2707@loadtest.example.com,9000002707,ai-ml,Load Test 5K,Pune,Hooli
Arjun Patel,loadtest2708@loadtest.example.com,9000002708,,Load Test 5K,Chennai,Umbrella
Divya Rao,loadtest2709@loadtest.example.com,9000002709,agentic-ai,Load Test 5K,Delhi,Stark Industries
Rahul Rao,loadtest2710@loadtest.example.com,9000002710,ai-ml,Load Test 5K,Kolkata,Wayne Enterprises
Pooja Rao,loadtest2711@loadtest.example.com,9000002711,,Load Test 5K,Ahmedabad,Soylent
Aditya Rao,loadtest2712@loadtest.example.com,9000002712,agentic-ai,Load Test 5K,Hyderabad,Acme Corp
Nisha Rao,loadtest2713@loadtest.example.com,9000002713,ai-ml,Load Test 5K,Bengaluru,Globex
Sanjay Rao,loadtest2714@loadtest.example.com,9000002714,,Load Test 5K,Mumbai,Initech
Kavya Rao,loadtest2715@loadtest.example.com,9000002715,agentic-ai,Load Test 5K,Pune,Hooli
Manish Singh,loadtest2716@loadtest.example.com,9000002716,ai-ml,Load Test 5K,Chennai,Umbrella
Ritu Singh,loadtest2717@loadtest.example.com,9000002717,,Load Test 5K,Delhi,Stark Industries
Vivek Singh,loadtest2718@loadtest.example.com,9000002718,agentic-ai,Load Test 5K,Kolkata,Wayne Enterprises
Shreya Singh,loadtest2719@loadtest.example.com,9000002719,ai-ml,Load Test 5K,Ahmedabad,Soylent
Aarav Singh,loadtest2720@loadtest.example.com,9000002720,,Load Test 5K,Hyderabad,Acme Corp
Priya Singh,loadtest2721@loadtest.example.com,9000002721,agentic-ai,Load Test 5K,Bengaluru,Globex
Rohan Singh,loadtest2722@loadtest.example.com,9000002722,ai-ml,Load Test 5K,Mumbai,Initech
Meera Joshi,loadtest2723@loadtest.example.com,9000002723,,Load Test 5K,Pune,Hooli
Vikram Joshi,loadtest2724@loadtest.example.com,9000002724,agentic-ai,Load Test 5K,Chennai,Umbrella
Ananya Joshi,loadtest2725@loadtest.example.com,9000002725,ai-ml,Load Test 5K,Delhi,Stark Industries
Karthik Joshi,loadtest2726@loadtest.example.com,9000002726,,Load Test 5K,Kolkata,Wayne Enterprises
Sneha Joshi,loadtest2727@loadtest.example.com,9000002727,agentic-ai,Load Test 5K,Ahmedabad,Soylent
Arjun Joshi,loadtest2728@loadtest.example.com,9000002728,ai-ml,Load Test 5K,Hyderabad,Acme Corp
Divya Joshi,loadtest2729@loadtest.example.com,9000002729,,Load Test 5K,Bengaluru,Globex
Rahul Kumar,loadtest2730@loadtest.example.com,9000002730,agentic-ai,Load Test 5K,Mumbai,Initech
Pooja Kumar,loadtest2731@loadtest.example.com,9000002731,ai-ml,Load Test 5K,Pune,Hooli
Aditya Kumar,loadtest2732@loadtest.example.com,9000002732,,Load Test 5K,Chennai,Umbrella
Nisha Kumar,loadtest2733@loadtest.example.com,9000002733,agentic-ai,Load Test 5K,Delhi,Stark Industries
Sanjay Kumar,loadtest2734@loadtest.example.com,9000002734,ai-ml,Load Test 5K,Kolkata,Wayne Enterprises
Kavya Kumar,loadtest2735@loadtest.example.com,9000002735,,Load Test 5K,Ahmedabad,Soylent
Manish Kumar,loadtest2736@loadtest.example.com,9000002736,agentic-ai,Load Test 5K,Hyderabad,Acme Corp
Ritu Desai,loadtest2737@loadtest.example.com,9000002737,ai-ml,Load Test 5K,Bengaluru,Globex
Vivek Desai,loadtest2738@loadtest.example.com,9000002738,,Load Test 5K,Mumbai,Initech
Shreya Desai,loadtest2739@loadtest.example.com,9000002739,agentic-ai,Load Test 5K,Pune,Hooli
Aarav Desai,loadtest2740@loadtest.example.com,9000002740,ai-ml,Load Test 5K,Chennai,Umbrella
Priya Desai,loadtest2741@loadtest.example.com,9000002741,,Load Test 5K,Delhi,Stark Industries
Rohan Desai,loadtest2742@loadtest.example.com,9000002742,agentic-ai,Load Test 5K,Kolkata,Wayne Enterprises
Meera Desai,loadtest2743@loadtest.example.com,9000002743,ai-ml,Load Test 5K,Ahmedabad,Soylent
Vikram Pillai,loadtest2744@loadtest.example.com,9000002744,,Load Test 5K,Hyderabad,Acme Corp
Ananya Pillai,loadtest2745@loadtest.example.com,9000002745,agentic-ai,Load Test 5K,Bengaluru,Globex
Karthik Pillai,loadtest2746@loadtest.example.com,9000002746,ai-ml,Load Test 5K,Mumbai,Initech
Sneha Pillai,loadtest2747@loadtest.example.com,9000002747,,Load Test 5K,Pune,Hooli
Arjun Pillai,loadtest2748@loadtest.example.com,9000002748,agentic-ai,Load Test 5K,Chennai,Umbrella
Divya Pillai,loadtest2749@loadtest.example.com,9000002749,ai-ml,Load Test 5K,Delhi,Stark Industries
Rahul Pillai,loadtest2750@loadtest.example.com,9000002750,,Load Test 5K,Kolkata,Wayne Enterprises
Pooja Bose,loadtest2751@loadtest.example.com,9000002751,agentic-ai,Load Test 5K,Ahmedabad,Soylent
Aditya Bose,loadtest2752@loadtest.example.com,9000002752,ai-ml,Load Test 5K,Hyderabad,Acme Corp
Nisha Bose,loadtest2753@loadtest.example.com,9000002753,,Load Test 5K,Bengaluru,Globex
Sanjay Bose,loadtest2754@loadtest.example.com,9000002754,agentic-ai,Load Test 5K,Mumbai,Initech
Kavya Bose,loadtest2755@loadtest.example.com,9000002755,ai-ml,Load Test 5K,Pune,Hooli
Manish Bose,loadtest2756@loadtest.example.com,9000002756,,Load Test 5K,Chennai,Umbrella
Ritu Bose,loadtest2757@loadtest.example.com,9000002757,agentic-ai,Load Test 5K,Delhi,Stark Industries
Vivek Menon,loadtest2758@loadtest.example.com,9000002758,ai-ml,Load Test 5K,Kolkata,Wayne Enterprises
Shreya Menon,loadtest2759@loadtest.example.com,9000002759,,Load Test 5K,Ahmedabad,Soylent
Aarav Menon,loadtest2760@loadtest.example.com,9000002760,agentic-ai,Load Test 5K,Hyderabad,Acme Corp
Priya Menon,loadtest2761@loadtest.example.com,9000002761,ai-ml,Load Test 5K,Bengaluru,Globex
Rohan Menon,loadtest2762@loadtest.example.com,9000002762,,Load Test 5K,Mumbai,Initech
Meera Menon,loadtest2763@loadtest.example.com,9000002763,agentic-ai,Load Test 5K,Pune,Hooli
Vikram Menon,loadtest2764@loadtest.example.com,9000002764,ai-ml,Load Test 5K,Chennai,Umbrella
Ananya Chopra,loadtest2765@loadtest.example.com,9000002765,,Load Test 5K,Delhi,Stark Industries
Karthik Chopra,loadtest2766@loadtest.example.com,9000002766,agentic-ai,Load Test 5K,Kolkata,Wayne Enterprises
Sneha Chopra,loadtest2767@loadtest.example.com,9000002767,ai-ml,Load Test 5K,Ahmedabad,Soylent
Arjun Chopra,loadtest2768@loadtest.example.com,9000002768,,Load Test 5K,Hyderabad,Acme Corp
Divya Chopra,loadtest2769@loadtest.example.com,9000002769,agentic-ai,Load Test 5K,Bengaluru,Globex
Rahul Chopra,loadtest2770@loadtest.example.com,9000002770,ai-ml,Load Test 5K,Mumbai,Initech
Pooja Chopra,loadtest2771@loadtest.example.com,9000002771,,Load Test 5K,Pune,Hooli
Aditya Verma,loadtest2772@loadtest.example.com,9000002772,agentic-ai,Load Test 5K,Chennai,Umbrella
Nisha Verma,loadtest2773@loadtest.example.com,9000002773,ai-ml,Load Test 5K,Delhi,Stark Industries
Sanjay Verma,loadtest2774@loadtest.example.com,9000002774,,Load Test 5K,Kolkata,Wayne Enterprises
Kavya Verma,loadtest2775@loadtest.example.com,9000002775,agentic-ai,Load Test 5K,Ahmedabad,Soylent
Manish Verma,loadtest2776@loadtest.example.com,9000002776,ai-ml,Load Test 5K,Hyderabad,Acme Corp
Ritu Verma,loadtest2777@loadtest.example.com,9000002777,,Load Test 5K,Bengaluru,Globex
Vivek Verma,loadtest2778@loadtest.example.com,9000002778,agentic-ai,Load Test 5K,Mumbai,Initech
Shreya Shetty,loadtest2779@loadtest.example.com,9000002779,ai-ml,Load Test 5K,Pune,Hooli
Aarav Shetty,loadtest2780@loadtest.example.com,9000002780,,Load Test 5K,Chennai,Umbrella
Priya Shetty,loadtest2781@loadtest.example.com,9000002781,agentic-ai,Load Test 5K,Delhi,Stark Industries
Rohan Shetty,loadtest2782@loadtest.example.com,9000002782,ai-ml,Load Test 5K,Kolkata,Wayne Enterprises
Meera Shetty,loadtest2783@loadtest.example.com,9000002783,,Load Test 5K,Ahmedabad,Soylent
Vikram Shetty,loadtest2784@loadtest.example.com,9000002784,agentic-ai,Load Test 5K,Hyderabad,Acme Corp
Ananya Shetty,loadtest2785@loadtest.example.com,9000002785,ai-ml,Load Test 5K,Bengaluru,Globex
Karthik Banerjee,loadtest2786@loadtest.example.com,9000002786,,Load Test 5K,Mumbai,Initech
Sneha Banerjee,loadtest2787@loadtest.example.com,9000002787,agentic-ai,Load Test 5K,Pune,Hooli
Arjun Banerjee,loadtest2788@loadtest.example.com,9000002788,ai-ml,Load Test 5K,Chennai,Umbrella
Divya Banerjee,loadtest2789@loadtest.example.com,9000002789,,Load Test 5K,Delhi,Stark Industries
Rahul Banerjee,loadtest2790@loadtest.example.com,9000002790,agentic-ai,Load Test 5K,Kolkata,Wayne Enterprises
Pooja Banerjee,loadtest2791@loadtest.example.com,9000002791,ai-ml,Load Test 5K,Ahmedabad,Soylent
Aditya Banerjee,loadtest2792@loadtest.example.com,9000002792,,Load Test 5K,Hyderabad,Acme Corp
Nisha Kapoor,loadtest2793@loadtest.example.com,9000002793,agentic-ai,Load Test 5K,Bengaluru,Globex
Sanjay Kapoor,loadtest2794@loadtest.example.com,9000002794,ai-ml,Load Test 5K,Mumbai,Initech
Kavya Kapoor,loadtest2795@loadtest.example.com,9000002795,,Load Test 5K,Pune,Hooli
Manish Kapoor,loadtest2796@loadtest.example.com,9000002796,agentic-ai,Load Test 5K,Chennai,Umbrella
Ritu Kapoor,loadtest2797@loadtest.example.com,9000002797,ai-ml,Load Test 5K,Delhi,Stark Industries
Vivek Kapoor,loadtest2798@loadtest.example.com,9000002798,,Load Test 5K,Kolkata,Wayne Enterprises
Shreya Kapoor,loadtest2799@loadtest.example.com,9000002799,agentic-ai,Load Test 5K,Ahmedabad,Soylent
Aarav Sharma,loadtest2800@loadtest.example.com,9000002800,ai-ml,Load Test 5K,Hyderabad,Acme Corp
Priya Sharma,loadtest2801@loadtest.example.com,9000002801,,Load Test 5K,Bengaluru,Globex
Rohan Sharma,loadtest2802@loadtest.example.com,9000002802,agentic-ai,Load Test 5K,Mumbai,Initech
Meera Sharma,loadtest2803@loadtest.example.com,9000002803,ai-ml,Load Test 5K,Pune,Hooli
Vikram Sharma,loadtest2804@loadtest.example.com,9000002804,,Load Test 5K,Chennai,Umbrella
Ananya Sharma,loadtest2805@loadtest.example.com,9000002805,agentic-ai,Load Test 5K,Delhi,Stark Industries
Karthik Sharma,loadtest2806@loadtest.example.com,9000002806,ai-ml,Load Test 5K,Kolkata,Wayne Enterprises
Sneha Nair,loadtest2807@loadtest.example.com,9000002807,,Load Test 5K,Ahmedabad,Soylent
Arjun Nair,loadtest2808@loadtest.example.com,9000002808,agentic-ai,Load Test 5K,Hyderabad,Acme Corp
Divya Nair,loadtest2809@loadtest.example.com,9000002809,ai-ml,Load Test 5K,Bengaluru,Globex
Rahul Nair,loadtest2810@loadtest.example.com,9000002810,,Load Test 5K,Mumbai,Initech
Pooja Nair,loadtest2811@loadtest.example.com,9000002811,agentic-ai,Load Test 5K,Pune,Hooli
Aditya Nair,loadtest2812@loadtest.example.com,9000002812,ai-ml,Load Test 5K,Chennai,Umbrella
Nisha Nair,loadtest2813@loadtest.example.com,9000002813,,Load Test 5K,Delhi,Stark Industries
Sanjay Mehta,loadtest2814@loadtest.example.com,9000002814,agentic-ai,Load Test 5K,Kolkata,Wayne Enterprises
Kavya Mehta,loadtest2815@loadtest.example.com,9000002815,ai-ml,Load Test 5K,Ahmedabad,Soylent
Manish Mehta,loadtest2816@loadtest.example.com,9000002816,,Load Test 5K,Hyderabad,Acme Corp
Ritu Mehta,loadtest2817@loadtest.example.com,9000002817,agentic-ai,Load Test 5K,Bengaluru,Globex
Vivek Mehta,loadtest2818@loadtest.example.com,9000002818,ai-ml,Load Test 5K,Mumbai,Initech
Shreya Mehta,loadtest2819@loadtest.example.com,9000002819,,Load Test 5K,Pune,Hooli
Aarav Mehta,loadtest2820@loadtest.example.com,9000002820,agentic-ai,Load Test 5K,Chennai,Umbrella
Priya Iyer,loadtest2821@loadtest.example.com,9000002821,ai-ml,Load Test 5K,Delhi,Stark Industries
Rohan Iyer,loadtest2822@loadtest.example.com,9000002822,,Load Test 5K,Kolkata,Wayne Enterprises
Meera Iyer,loadtest2823@loadtest.example.com,9000002823,agentic-ai,Load Test 5K,Ahmedabad,Soylent
Vikram Iyer,loadtest2824@loadtest.example.com,9000002824,ai-ml,Load Test 5K,Hyderabad,Acme Corp
Ananya Iyer,loadtest2825@loadtest.example.com,9000002825,,Load Test 5K,Bengaluru,Globex
Karthik Iyer,loadtest2826@loadtest.example.com,9000002826,agentic-ai,Load Test 5K,Mumbai,Initech
Sneha Iyer,loadtest2827@loadtest.example.com,9000002827,ai-ml,Load Test 5K,Pune,Hooli
Arjun Reddy,loadtest2828@loadtest.example.com,9000002828,,Load Test 5K,Chennai,Umbrella
Divya Reddy,loadtest2829@loadtest.example.com,9000002829,agentic-ai,Load Test 5K,Delhi,Stark Industries
Rahul Reddy,loadtest2830@loadtest.example.com,9000002830,ai-ml,Load Test 5K,Kolkata,Wayne Enterprises
Pooja Reddy,loadtest2831@loadtest.example.com,9000002831,,Load Test 5K,Ahmedabad,Soylent
Aditya Reddy,loadtest2832@loadtest.example.com,9000002832,agentic-ai,Load Test 5K,Hyderabad,Acme Corp
Nisha Reddy,loadtest2833@loadtest.example.com,9000002833,ai-ml,Load Test 5K,Bengaluru,Globex
Sanjay Reddy,loadtest2834@loadtest.example.com,9000002834,,Load Test 5K,Mumbai,Initech
Kavya Gupta,loadtest2835@loadtest.example.com,9000002835,agentic-ai,Load Test 5K,Pune,Hooli
Manish Gupta,loadtest2836@loadtest.example.com,9000002836,ai-ml,Load Test 5K,Chennai,Umbrella
Ritu Gupta,loadtest2837@loadtest.example.com,9000002837,,Load Test 5K,Delhi,Stark Industries
Vivek Gupta,loadtest2838@loadtest.example.com,9000002838,agentic-ai,Load Test 5K,Kolkata,Wayne Enterprises
Shreya Gupta,loadtest2839@loadtest.example.com,9000002839,ai-ml,Load Test 5K,Ahmedabad,Soylent
Aarav Gupta,loadtest2840@loadtest.example.com,9000002840,,Load Test 5K,Hyderabad,Acme Corp
Priya Gupta,loadtest2841@loadtest.example.com,9000002841,agentic-ai,Load Test 5K,Bengaluru,Globex
Rohan Patel,loadtest2842@loadtest.example.com,9000002842,ai-ml,Load Test 5K,Mumbai,Initech
Meera Patel,loadtest2843@loadtest.example.com,9000002843,,Load Test 5K,Pune,Hooli
Vikram Patel,loadtest2844@loadtest.example.com,9000002844,agentic-ai,Load Test 5K,Chennai,Umbrella
Ananya Patel,loadtest2845@loadtest.example.com,9000002845,ai-ml,Load Test 5K,Delhi,Stark Industries
Karthik Patel,loadtest2846@loadtest.example.com,9000002846,,Load Test 5K,Kolkata,Wayne Enterprises
Sneha Patel,loadtest2847@loadtest.example.com,9000002847,agentic-ai,Load Test 5K,Ahmedabad,Soylent
Arjun Patel,loadtest2848@loadtest.example.com,9000002848,ai-ml,Load Test 5K,Hyderabad,Acme Corp
Divya Rao,loadtest2849@loadtest.example.com,9000002849,,Load Test 5K,Bengaluru,Globex
Rahul Rao,loadtest2850@loadtest.example.com,9000002850,agentic-ai,Load Test 5K,Mumbai,Initech
Pooja Rao,loadtest2851@loadtest.example.com,9000002851,ai-ml,Load Test 5K,Pune,Hooli
Aditya Rao,loadtest2852@loadtest.example.com,9000002852,,Load Test 5K,Chennai,Umbrella
Nisha Rao,loadtest2853@loadtest.example.com,9000002853,agentic-ai,Load Test 5K,Delhi,Stark Industries
Sanjay Rao,loadtest2854@loadtest.example.com,9000002854,ai-ml,Load Test 5K,Kolkata,Wayne Enterprises
Kavya Rao,loadtest2855@loadtest.example.com,9000002855,,Load Test 5K,Ahmedabad,Soylent
Manish Singh,loadtest2856@loadtest.example.com,9000002856,agentic-ai,Load Test 5K,Hyderabad,Acme Corp
Ritu Singh,loadtest2857@loadtest.example.com,9000002857,ai-ml,Load Test 5K,Bengaluru,Globex
Vivek Singh,loadtest2858@loadtest.example.com,9000002858,,Load Test 5K,Mumbai,Initech
Shreya Singh,loadtest2859@loadtest.example.com,9000002859,agentic-ai,Load Test 5K,Pune,Hooli
Aarav Singh,loadtest2860@loadtest.example.com,9000002860,ai-ml,Load Test 5K,Chennai,Umbrella
Priya Singh,loadtest2861@loadtest.example.com,9000002861,,Load Test 5K,Delhi,Stark Industries
Rohan Singh,loadtest2862@loadtest.example.com,9000002862,agentic-ai,Load Test 5K,Kolkata,Wayne Enterprises
Meera Joshi,loadtest2863@loadtest.example.com,9000002863,ai-ml,Load Test 5K,Ahmedabad,Soylent
Vikram Joshi,loadtest2864@loadtest.example.com,9000002864,,Load Test 5K,Hyderabad,Acme Corp
Ananya Joshi,loadtest2865@loadtest.example.com,9000002865,agentic-ai,Load Test 5K,Bengaluru,Globex
Karthik Joshi,loadtest2866@loadtest.example.com,9000002866,ai-ml,Load Test 5K,Mumbai,Initech
Sneha Joshi,loadtest2867@loadtest.example.com,9000002867,,Load Test 5K,Pune,Hooli
Arjun Joshi,loadtest2868@loadtest.example.com,9000002868,agentic-ai,Load Test 5K,Chennai,Umbrella
Divya Joshi,loadtest2869@loadtest.example.com,9000002869,ai-ml,Load Test 5K,Delhi,Stark Industries
Rahul Kumar,loadtest2870@loadtest.example.com,9000002870,,Load Test 5K,Kolkata,Wayne Enterprises
Pooja Kumar,loadtest2871@loadtest.example.com,9000002871,agentic-ai,Load Test 5K,Ahmedabad,Soylent
Aditya Kumar,loadtest2872@loadtest.example.com,9000002872,ai-ml,Load Test 5K,Hyderabad,Acme Corp
Nisha Kumar,loadtest2873@loadtest.example.com,9000002873,,Load Test 5K,Bengaluru,Globex
Sanjay Kumar,loadtest2874@loadtest.example.com,9000002874,agentic-ai,Load Test 5K,Mumbai,Initech
Kavya Kumar,loadtest2875@loadtest.example.com,9000002875,ai-ml,Load Test 5K,Pune,Hooli
Manish Kumar,loadtest2876@loadtest.example.com,9000002876,,Load Test 5K,Chennai,Umbrella
Ritu Desai,loadtest2877@loadtest.example.com,9000002877,agentic-ai,Load Test 5K,Delhi,Stark Industries
Vivek Desai,loadtest2878@loadtest.example.com,9000002878,ai-ml,Load Test 5K,Kolkata,Wayne Enterprises
Shreya Desai,loadtest2879@loadtest.example.com,9000002879,,Load Test 5K,Ahmedabad,Soylent
Aarav Desai,loadtest2880@loadtest.example.com,9000002880,agentic-ai,Load Test 5K,Hyderabad,Acme Corp
Priya Desai,loadtest2881@loadtest.example.com,9000002881,ai-ml,Load Test 5K,Bengaluru,Globex
Rohan Desai,loadtest2882@loadtest.example.com,9000002882,,Load Test 5K,Mumbai,Initech
Meera Desai,loadtest2883@loadtest.example.com,9000002883,agentic-ai,Load Test 5K,Pune,Hooli
Vikram Pillai,loadtest2884@loadtest.example.com,9000002884,ai-ml,Load Test 5K,Chennai,Umbrella
Ananya Pillai,loadtest2885@loadtest.example.com,9000002885,,Load Test 5K,Delhi,Stark Industries
Karthik Pillai,loadtest2886@loadtest.example.com,9000002886,agentic-ai,Load Test 5K,Kolkata,Wayne Enterprises
Sneha Pillai,loadtest2887@loadtest.example.com,9000002887,ai-ml,Load Test 5K,Ahmedabad,Soylent
Arjun Pillai,loadtest2888@loadtest.example.com,9000002888,,Load Test 5K,Hyderabad,Acme Corp
Divya Pillai,loadtest2889@loadtest.example.com,9000002889,agentic-ai,Load Test 5K,Bengaluru,Globex
Rahul Pillai,loadtest2890@loadtest.example.com,9000002890,ai-ml,Load Test 5K,Mumbai,Initech
Pooja Bose,loadtest2891@loadtest.example.com,9000002891,,Load Test 5K,Pune,Hooli
Aditya Bose,loadtest2892@loadtest.example.com,9000002892,agentic-ai,Load Test 5K,Chennai,Umbrella
Nisha Bose,loadtest2893@loadtest.example.com,9000002893,ai-ml,Load Test 5K,Delhi,Stark Industries
Sanjay Bose,loadtest2894@loadtest.example.com,9000002894,,Load Test 5K,Kolkata,Wayne Enterprises
Kavya Bose,loadtest2895@loadtest.example.com,9000002895,agentic-ai,Load Test 5K,Ahmedabad,Soylent
Manish Bose,loadtest2896@loadtest.example.com,9000002896,ai-ml,Load Test 5K,Hyderabad,Acme Corp
Ritu Bose,loadtest2897@loadtest.example.com,9000002897,,Load Test 5K,Bengaluru,Globex
Vivek Menon,loadtest2898@loadtest.example.com,9000002898,agentic-ai,Load Test 5K,Mumbai,Initech
Shreya Menon,loadtest2899@loadtest.example.com,9000002899,ai-ml,Load Test 5K,Pune,Hooli
Aarav Menon,loadtest2900@loadtest.example.com,9000002900,,Load Test 5K,Chennai,Umbrella
Priya Menon,loadtest2901@loadtest.example.com,9000002901,agentic-ai,Load Test 5K,Delhi,Stark Industries
Rohan Menon,loadtest2902@loadtest.example.com,9000002902,ai-ml,Load Test 5K,Kolkata,Wayne Enterprises
Meera Menon,loadtest2903@loadtest.example.com,9000002903,,Load Test 5K,Ahmedabad,Soylent
Vikram Menon,loadtest2904@loadtest.example.com,9000002904,agentic-ai,Load Test 5K,Hyderabad,Acme Corp
Ananya Chopra,loadtest2905@loadtest.example.com,9000002905,ai-ml,Load Test 5K,Bengaluru,Globex
Karthik Chopra,loadtest2906@loadtest.example.com,9000002906,,Load Test 5K,Mumbai,Initech
Sneha Chopra,loadtest2907@loadtest.example.com,9000002907,agentic-ai,Load Test 5K,Pune,Hooli
Arjun Chopra,loadtest2908@loadtest.example.com,9000002908,ai-ml,Load Test 5K,Chennai,Umbrella
Divya Chopra,loadtest2909@loadtest.example.com,9000002909,,Load Test 5K,Delhi,Stark Industries
Rahul Chopra,loadtest2910@loadtest.example.com,9000002910,agentic-ai,Load Test 5K,Kolkata,Wayne Enterprises
Pooja Chopra,loadtest2911@loadtest.example.com,9000002911,ai-ml,Load Test 5K,Ahmedabad,Soylent
Aditya Verma,loadtest2912@loadtest.example.com,9000002912,,Load Test 5K,Hyderabad,Acme Corp
Nisha Verma,loadtest2913@loadtest.example.com,9000002913,agentic-ai,Load Test 5K,Bengaluru,Globex
Sanjay Verma,loadtest2914@loadtest.example.com,9000002914,ai-ml,Load Test 5K,Mumbai,Initech
Kavya Verma,loadtest2915@loadtest.example.com,9000002915,,Load Test 5K,Pune,Hooli
Manish Verma,loadtest2916@loadtest.example.com,9000002916,agentic-ai,Load Test 5K,Chennai,Umbrella
Ritu Verma,loadtest2917@loadtest.example.com,9000002917,ai-ml,Load Test 5K,Delhi,Stark Industries
Vivek Verma,loadtest2918@loadtest.example.com,9000002918,,Load Test 5K,Kolkata,Wayne Enterprises
Shreya Shetty,loadtest2919@loadtest.example.com,9000002919,agentic-ai,Load Test 5K,Ahmedabad,Soylent
Aarav Shetty,loadtest2920@loadtest.example.com,9000002920,ai-ml,Load Test 5K,Hyderabad,Acme Corp
Priya Shetty,loadtest2921@loadtest.example.com,9000002921,,Load Test 5K,Bengaluru,Globex
Rohan Shetty,loadtest2922@loadtest.example.com,9000002922,agentic-ai,Load Test 5K,Mumbai,Initech
Meera Shetty,loadtest2923@loadtest.example.com,9000002923,ai-ml,Load Test 5K,Pune,Hooli
Vikram Shetty,loadtest2924@loadtest.example.com,9000002924,,Load Test 5K,Chennai,Umbrella
Ananya Shetty,loadtest2925@loadtest.example.com,9000002925,agentic-ai,Load Test 5K,Delhi,Stark Industries
Karthik Banerjee,loadtest2926@loadtest.example.com,9000002926,ai-ml,Load Test 5K,Kolkata,Wayne Enterprises
Sneha Banerjee,loadtest2927@loadtest.example.com,9000002927,,Load Test 5K,Ahmedabad,Soylent
Arjun Banerjee,loadtest2928@loadtest.example.com,9000002928,agentic-ai,Load Test 5K,Hyderabad,Acme Corp
Divya Banerjee,loadtest2929@loadtest.example.com,9000002929,ai-ml,Load Test 5K,Bengaluru,Globex
Rahul Banerjee,loadtest2930@loadtest.example.com,9000002930,,Load Test 5K,Mumbai,Initech
Pooja Banerjee,loadtest2931@loadtest.example.com,9000002931,agentic-ai,Load Test 5K,Pune,Hooli
Aditya Banerjee,loadtest2932@loadtest.example.com,9000002932,ai-ml,Load Test 5K,Chennai,Umbrella
Nisha Kapoor,loadtest2933@loadtest.example.com,9000002933,,Load Test 5K,Delhi,Stark Industries
Sanjay Kapoor,loadtest2934@loadtest.example.com,9000002934,agentic-ai,Load Test 5K,Kolkata,Wayne Enterprises
Kavya Kapoor,loadtest2935@loadtest.example.com,9000002935,ai-ml,Load Test 5K,Ahmedabad,Soylent
Manish Kapoor,loadtest2936@loadtest.example.com,9000002936,,Load Test 5K,Hyderabad,Acme Corp
Ritu Kapoor,loadtest2937@loadtest.example.com,9000002937,agentic-ai,Load Test 5K,Bengaluru,Globex
Vivek Kapoor,loadtest2938@loadtest.example.com,9000002938,ai-ml,Load Test 5K,Mumbai,Initech
Shreya Kapoor,loadtest2939@loadtest.example.com,9000002939,,Load Test 5K,Pune,Hooli
Aarav Sharma,loadtest2940@loadtest.example.com,9000002940,agentic-ai,Load Test 5K,Chennai,Umbrella
Priya Sharma,loadtest2941@loadtest.example.com,9000002941,ai-ml,Load Test 5K,Delhi,Stark Industries
Rohan Sharma,loadtest2942@loadtest.example.com,9000002942,,Load Test 5K,Kolkata,Wayne Enterprises
Meera Sharma,loadtest2943@loadtest.example.com,9000002943,agentic-ai,Load Test 5K,Ahmedabad,Soylent
Vikram Sharma,loadtest2944@loadtest.example.com,9000002944,ai-ml,Load Test 5K,Hyderabad,Acme Corp
Ananya Sharma,loadtest2945@loadtest.example.com,9000002945,,Load Test 5K,Bengaluru,Globex
Karthik Sharma,loadtest2946@loadtest.example.com,9000002946,agentic-ai,Load Test 5K,Mumbai,Initech
Sneha Nair,loadtest2947@loadtest.example.com,9000002947,ai-ml,Load Test 5K,Pune,Hooli
Arjun Nair,loadtest2948@loadtest.example.com,9000002948,,Load Test 5K,Chennai,Umbrella
Divya Nair,loadtest2949@loadtest.example.com,9000002949,agentic-ai,Load Test 5K,Delhi,Stark Industries
Rahul Nair,loadtest2950@loadtest.example.com,9000002950,ai-ml,Load Test 5K,Kolkata,Wayne Enterprises
Pooja Nair,loadtest2951@loadtest.example.com,9000002951,,Load Test 5K,Ahmedabad,Soylent
Aditya Nair,loadtest2952@loadtest.example.com,9000002952,agentic-ai,Load Test 5K,Hyderabad,Acme Corp
Nisha Nair,loadtest2953@loadtest.example.com,9000002953,ai-ml,Load Test 5K,Bengaluru,Globex
Sanjay Mehta,loadtest2954@loadtest.example.com,9000002954,,Load Test 5K,Mumbai,Initech
Kavya Mehta,loadtest2955@loadtest.example.com,9000002955,agentic-ai,Load Test 5K,Pune,Hooli
Manish Mehta,loadtest2956@loadtest.example.com,9000002956,ai-ml,Load Test 5K,Chennai,Umbrella
Ritu Mehta,loadtest2957@loadtest.example.com,9000002957,,Load Test 5K,Delhi,Stark Industries
Vivek Mehta,loadtest2958@loadtest.example.com,9000002958,agentic-ai,Load Test 5K,Kolkata,Wayne Enterprises
Shreya Mehta,loadtest2959@loadtest.example.com,9000002959,ai-ml,Load Test 5K,Ahmedabad,Soylent
Aarav Mehta,loadtest2960@loadtest.example.com,9000002960,,Load Test 5K,Hyderabad,Acme Corp
Priya Iyer,loadtest2961@loadtest.example.com,9000002961,agentic-ai,Load Test 5K,Bengaluru,Globex
Rohan Iyer,loadtest2962@loadtest.example.com,9000002962,ai-ml,Load Test 5K,Mumbai,Initech
Meera Iyer,loadtest2963@loadtest.example.com,9000002963,,Load Test 5K,Pune,Hooli
Vikram Iyer,loadtest2964@loadtest.example.com,9000002964,agentic-ai,Load Test 5K,Chennai,Umbrella
Ananya Iyer,loadtest2965@loadtest.example.com,9000002965,ai-ml,Load Test 5K,Delhi,Stark Industries
Karthik Iyer,loadtest2966@loadtest.example.com,9000002966,,Load Test 5K,Kolkata,Wayne Enterprises
Sneha Iyer,loadtest2967@loadtest.example.com,9000002967,agentic-ai,Load Test 5K,Ahmedabad,Soylent
Arjun Reddy,loadtest2968@loadtest.example.com,9000002968,ai-ml,Load Test 5K,Hyderabad,Acme Corp
Divya Reddy,loadtest2969@loadtest.example.com,9000002969,,Load Test 5K,Bengaluru,Globex
Rahul Reddy,loadtest2970@loadtest.example.com,9000002970,agentic-ai,Load Test 5K,Mumbai,Initech
Pooja Reddy,loadtest2971@loadtest.example.com,9000002971,ai-ml,Load Test 5K,Pune,Hooli
Aditya Reddy,loadtest2972@loadtest.example.com,9000002972,,Load Test 5K,Chennai,Umbrella
Nisha Reddy,loadtest2973@loadtest.example.com,9000002973,agentic-ai,Load Test 5K,Delhi,Stark Industries
Sanjay Reddy,loadtest2974@loadtest.example.com,9000002974,ai-ml,Load Test 5K,Kolkata,Wayne Enterprises
Kavya Gupta,loadtest2975@loadtest.example.com,9000002975,,Load Test 5K,Ahmedabad,Soylent
Manish Gupta,loadtest2976@loadtest.example.com,9000002976,agentic-ai,Load Test 5K,Hyderabad,Acme Corp
Ritu Gupta,loadtest2977@loadtest.example.com,9000002977,ai-ml,Load Test 5K,Bengaluru,Globex
Vivek Gupta,loadtest2978@loadtest.example.com,9000002978,,Load Test 5K,Mumbai,Initech
Shreya Gupta,loadtest2979@loadtest.example.com,9000002979,agentic-ai,Load Test 5K,Pune,Hooli
Aarav Gupta,loadtest2980@loadtest.example.com,9000002980,ai-ml,Load Test 5K,Chennai,Umbrella
Priya Gupta,loadtest2981@loadtest.example.com,9000002981,,Load Test 5K,Delhi,Stark Industries
Rohan Patel,loadtest2982@loadtest.example.com,9000002982,agentic-ai,Load Test 5K,Kolkata,Wayne Enterprises
Meera Patel,loadtest2983@loadtest.example.com,9000002983,ai-ml,Load Test 5K,Ahmedabad,Soylent
Vikram Patel,loadtest2984@loadtest.example.com,9000002984,,Load Test 5K,Hyderabad,Acme Corp
Ananya Patel,loadtest2985@loadtest.example.com,9000002985,agentic-ai,Load Test 5K,Bengaluru,Globex
Karthik Patel,loadtest2986@loadtest.example.com,9000002986,ai-ml,Load Test 5K,Mumbai,Initech
Sneha Patel,loadtest2987@loadtest.example.com,9000002987,,Load Test 5K,Pune,Hooli
Arjun Patel,loadtest2988@loadtest.example.com,9000002988,agentic-ai,Load Test 5K,Chennai,Umbrella
Divya Rao,loadtest2989@loadtest.example.com,9000002989,ai-ml,Load Test 5K,Delhi,Stark Industries
Rahul Rao,loadtest2990@loadtest.example.com,9000002990,,Load Test 5K,Kolkata,Wayne Enterprises
Pooja Rao,loadtest2991@loadtest.example.com,9000002991,agentic-ai,Load Test 5K,Ahmedabad,Soylent
Aditya Rao,loadtest2992@loadtest.example.com,9000002992,ai-ml,Load Test 5K,Hyderabad,Acme Corp
Nisha Rao,loadtest2993@loadtest.example.com,9000002993,,Load Test 5K,Bengaluru,Globex
Sanjay Rao,loadtest2994@loadtest.example.com,9000002994,agentic-ai,Load Test 5K,Mumbai,Initech
Kavya Rao,loadtest2995@loadtest.example.com,9000002995,ai-ml,Load Test 5K,Pune,Hooli
Manish Singh,loadtest2996@loadtest.example.com,9000002996,,Load Test 5K,Chennai,Umbrella
Ritu Singh,loadtest2997@loadtest.example.com,9000002997,agentic-ai,Load Test 5K,Delhi,Stark Industries
Vivek Singh,loadtest2998@loadtest.example.com,9000002998,ai-ml,Load Test 5K,Kolkata,Wayne Enterprises
Shreya Singh,loadtest2999@loadtest.example.com,9000002999,,Load Test 5K,Ahmedabad,Soylent
Aarav Singh,loadtest3000@loadtest.example.com,9000003000,agentic-ai,Load Test 5K,Hyderabad,Acme Corp
Priya Singh,loadtest3001@loadtest.example.com,9000003001,ai-ml,Load Test 5K,Bengaluru,Globex
Rohan Singh,loadtest3002@loadtest.example.com,9000003002,,Load Test 5K,Mumbai,Initech
Meera Joshi,loadtest3003@loadtest.example.com,9000003003,agentic-ai,Load Test 5K,Pune,Hooli
Vikram Joshi,loadtest3004@loadtest.example.com,9000003004,ai-ml,Load Test 5K,Chennai,Umbrella
Ananya Joshi,loadtest3005@loadtest.example.com,9000003005,,Load Test 5K,Delhi,Stark Industries
Karthik Joshi,loadtest3006@loadtest.example.com,9000003006,agentic-ai,Load Test 5K,Kolkata,Wayne Enterprises
Sneha Joshi,loadtest3007@loadtest.example.com,9000003007,ai-ml,Load Test 5K,Ahmedabad,Soylent
Arjun Joshi,loadtest3008@loadtest.example.com,9000003008,,Load Test 5K,Hyderabad,Acme Corp
Divya Joshi,loadtest3009@loadtest.example.com,9000003009,agentic-ai,Load Test 5K,Bengaluru,Globex
Rahul Kumar,loadtest3010@loadtest.example.com,9000003010,ai-ml,Load Test 5K,Mumbai,Initech
Pooja Kumar,loadtest3011@loadtest.example.com,9000003011,,Load Test 5K,Pune,Hooli
Aditya Kumar,loadtest3012@loadtest.example.com,9000003012,agentic-ai,Load Test 5K,Chennai,Umbrella
Nisha Kumar,loadtest3013@loadtest.example.com,9000003013,ai-ml,Load Test 5K,Delhi,Stark Industries
Sanjay Kumar,loadtest3014@loadtest.example.com,9000003014,,Load Test 5K,Kolkata,Wayne Enterprises
Kavya Kumar,loadtest3015@loadtest.example.com,9000003015,agentic-ai,Load Test 5K,Ahmedabad,Soylent
Manish Kumar,loadtest3016@loadtest.example.com,9000003016,ai-ml,Load Test 5K,Hyderabad,Acme Corp
Ritu Desai,loadtest3017@loadtest.example.com,9000003017,,Load Test 5K,Bengaluru,Globex
Vivek Desai,loadtest3018@loadtest.example.com,9000003018,agentic-ai,Load Test 5K,Mumbai,Initech
Shreya Desai,loadtest3019@loadtest.example.com,9000003019,ai-ml,Load Test 5K,Pune,Hooli
Aarav Desai,loadtest3020@loadtest.example.com,9000003020,,Load Test 5K,Chennai,Umbrella
Priya Desai,loadtest3021@loadtest.example.com,9000003021,agentic-ai,Load Test 5K,Delhi,Stark Industries
Rohan Desai,loadtest3022@loadtest.example.com,9000003022,ai-ml,Load Test 5K,Kolkata,Wayne Enterprises
Meera Desai,loadtest3023@loadtest.example.com,9000003023,,Load Test 5K,Ahmedabad,Soylent
Vikram Pillai,loadtest3024@loadtest.example.com,9000003024,agentic-ai,Load Test 5K,Hyderabad,Acme Corp
Ananya Pillai,loadtest3025@loadtest.example.com,9000003025,ai-ml,Load Test 5K,Bengaluru,Globex
Karthik Pillai,loadtest3026@loadtest.example.com,9000003026,,Load Test 5K,Mumbai,Initech
Sneha Pillai,loadtest3027@loadtest.example.com,9000003027,agentic-ai,Load Test 5K,Pune,Hooli
Arjun Pillai,loadtest3028@loadtest.example.com,9000003028,ai-ml,Load Test 5K,Chennai,Umbrella
Divya Pillai,loadtest3029@loadtest.example.com,9000003029,,Load Test 5K,Delhi,Stark Industries
Rahul Pillai,loadtest3030@loadtest.example.com,9000003030,agentic-ai,Load Test 5K,Kolkata,Wayne Enterprises
Pooja Bose,loadtest3031@loadtest.example.com,9000003031,ai-ml,Load Test 5K,Ahmedabad,Soylent
Aditya Bose,loadtest3032@loadtest.example.com,9000003032,,Load Test 5K,Hyderabad,Acme Corp
Nisha Bose,loadtest3033@loadtest.example.com,9000003033,agentic-ai,Load Test 5K,Bengaluru,Globex
Sanjay Bose,loadtest3034@loadtest.example.com,9000003034,ai-ml,Load Test 5K,Mumbai,Initech
Kavya Bose,loadtest3035@loadtest.example.com,9000003035,,Load Test 5K,Pune,Hooli
Manish Bose,loadtest3036@loadtest.example.com,9000003036,agentic-ai,Load Test 5K,Chennai,Umbrella
Ritu Bose,loadtest3037@loadtest.example.com,9000003037,ai-ml,Load Test 5K,Delhi,Stark Industries
Vivek Menon,loadtest3038@loadtest.example.com,9000003038,,Load Test 5K,Kolkata,Wayne Enterprises
Shreya Menon,loadtest3039@loadtest.example.com,9000003039,agentic-ai,Load Test 5K,Ahmedabad,Soylent
Aarav Menon,loadtest3040@loadtest.example.com,9000003040,ai-ml,Load Test 5K,Hyderabad,Acme Corp
Priya Menon,loadtest3041@loadtest.example.com,9000003041,,Load Test 5K,Bengaluru,Globex
Rohan Menon,loadtest3042@loadtest.example.com,9000003042,agentic-ai,Load Test 5K,Mumbai,Initech
Meera Menon,loadtest3043@loadtest.example.com,9000003043,ai-ml,Load Test 5K,Pune,Hooli
Vikram Menon,loadtest3044@loadtest.example.com,9000003044,,Load Test 5K,Chennai,Umbrella
Ananya Chopra,loadtest3045@loadtest.example.com,9000003045,agentic-ai,Load Test 5K,Delhi,Stark Industries
Karthik Chopra,loadtest3046@loadtest.example.com,9000003046,ai-ml,Load Test 5K,Kolkata,Wayne Enterprises
Sneha Chopra,loadtest3047@loadtest.example.com,9000003047,,Load Test 5K,Ahmedabad,Soylent
Arjun Chopra,loadtest3048@loadtest.example.com,9000003048,agentic-ai,Load Test 5K,Hyderabad,Acme Corp
Divya Chopra,loadtest3049@loadtest.example.com,9000003049,ai-ml,Load Test 5K,Bengaluru,Globex
Rahul Chopra,loadtest3050@loadtest.example.com,9000003050,,Load Test 5K,Mumbai,Initech
Pooja Chopra,loadtest3051@loadtest.example.com,9000003051,agentic-ai,Load Test 5K,Pune,Hooli
Aditya Verma,loadtest3052@loadtest.example.com,9000003052,ai-ml,Load Test 5K,Chennai,Umbrella
Nisha Verma,loadtest3053@loadtest.example.com,9000003053,,Load Test 5K,Delhi,Stark Industries
Sanjay Verma,loadtest3054@loadtest.example.com,9000003054,agentic-ai,Load Test 5K,Kolkata,Wayne Enterprises
Kavya Verma,loadtest3055@loadtest.example.com,9000003055,ai-ml,Load Test 5K,Ahmedabad,Soylent
Manish Verma,loadtest3056@loadtest.example.com,9000003056,,Load Test 5K,Hyderabad,Acme Corp
Ritu Verma,loadtest3057@loadtest.example.com,9000003057,agentic-ai,Load Test 5K,Bengaluru,Globex
Vivek Verma,loadtest3058@loadtest.example.com,9000003058,ai-ml,Load Test 5K,Mumbai,Initech
Shreya Shetty,loadtest3059@loadtest.example.com,9000003059,,Load Test 5K,Pune,Hooli
Aarav Shetty,loadtest3060@loadtest.example.com,9000003060,agentic-ai,Load Test 5K,Chennai,Umbrella
Priya Shetty,loadtest3061@loadtest.example.com,9000003061,ai-ml,Load Test 5K,Delhi,Stark Industries
Rohan Shetty,loadtest3062@loadtest.example.com,9000003062,,Load Test 5K,Kolkata,Wayne Enterprises
Meera Shetty,loadtest3063@loadtest.example.com,9000003063,agentic-ai,Load Test 5K,Ahmedabad,Soylent
Vikram Shetty,loadtest3064@loadtest.example.com,9000003064,ai-ml,Load Test 5K,Hyderabad,Acme Corp
Ananya Shetty,loadtest3065@loadtest.example.com,9000003065,,Load Test 5K,Bengaluru,Globex
Karthik Banerjee,loadtest3066@loadtest.example.com,9000003066,agentic-ai,Load Test 5K,Mumbai,Initech
Sneha Banerjee,loadtest3067@loadtest.example.com,9000003067,ai-ml,Load Test 5K,Pune,Hooli
Arjun Banerjee,loadtest3068@loadtest.example.com,9000003068,,Load Test 5K,Chennai,Umbrella
Divya Banerjee,loadtest3069@loadtest.example.com,9000003069,agentic-ai,Load Test 5K,Delhi,Stark Industries
Rahul Banerjee,loadtest3070@loadtest.example.com,9000003070,ai-ml,Load Test 5K,Kolkata,Wayne Enterprises
Pooja Banerjee,loadtest3071@loadtest.example.com,9000003071,,Load Test 5K,Ahmedabad,Soylent
Aditya Banerjee,loadtest3072@loadtest.example.com,9000003072,agentic-ai,Load Test 5K,Hyderabad,Acme Corp
Nisha Kapoor,loadtest3073@loadtest.example.com,9000003073,ai-ml,Load Test 5K,Bengaluru,Globex
Sanjay Kapoor,loadtest3074@loadtest.example.com,9000003074,,Load Test 5K,Mumbai,Initech
Kavya Kapoor,loadtest3075@loadtest.example.com,9000003075,agentic-ai,Load Test 5K,Pune,Hooli
Manish Kapoor,loadtest3076@loadtest.example.com,9000003076,ai-ml,Load Test 5K,Chennai,Umbrella
Ritu Kapoor,loadtest3077@loadtest.example.com,9000003077,,Load Test 5K,Delhi,Stark Industries
Vivek Kapoor,loadtest3078@loadtest.example.com,9000003078,agentic-ai,Load Test 5K,Kolkata,Wayne Enterprises
Shreya Kapoor,loadtest3079@loadtest.example.com,9000003079,ai-ml,Load Test 5K,Ahmedabad,Soylent
Aarav Sharma,loadtest3080@loadtest.example.com,9000003080,,Load Test 5K,Hyderabad,Acme Corp
Priya Sharma,loadtest3081@loadtest.example.com,9000003081,agentic-ai,Load Test 5K,Bengaluru,Globex
Rohan Sharma,loadtest3082@loadtest.example.com,9000003082,ai-ml,Load Test 5K,Mumbai,Initech
Meera Sharma,loadtest3083@loadtest.example.com,9000003083,,Load Test 5K,Pune,Hooli
Vikram Sharma,loadtest3084@loadtest.example.com,9000003084,agentic-ai,Load Test 5K,Chennai,Umbrella
Ananya Sharma,loadtest3085@loadtest.example.com,9000003085,ai-ml,Load Test 5K,Delhi,Stark Industries
Karthik Sharma,loadtest3086@loadtest.example.com,9000003086,,Load Test 5K,Kolkata,Wayne Enterprises
Sneha Nair,loadtest3087@loadtest.example.com,9000003087,agentic-ai,Load Test 5K,Ahmedabad,Soylent
Arjun Nair,loadtest3088@loadtest.example.com,9000003088,ai-ml,Load Test 5K,Hyderabad,Acme Corp
Divya Nair,loadtest3089@loadtest.example.com,9000003089,,Load Test 5K,Bengaluru,Globex
Rahul Nair,loadtest3090@loadtest.example.com,9000003090,agentic-ai,Load Test 5K,Mumbai,Initech
Pooja Nair,loadtest3091@loadtest.example.com,9000003091,ai-ml,Load Test 5K,Pune,Hooli
Aditya Nair,loadtest3092@loadtest.example.com,9000003092,,Load Test 5K,Chennai,Umbrella
Nisha Nair,loadtest3093@loadtest.example.com,9000003093,agentic-ai,Load Test 5K,Delhi,Stark Industries
Sanjay Mehta,loadtest3094@loadtest.example.com,9000003094,ai-ml,Load Test 5K,Kolkata,Wayne Enterprises
Kavya Mehta,loadtest3095@loadtest.example.com,9000003095,,Load Test 5K,Ahmedabad,Soylent
Manish Mehta,loadtest3096@loadtest.example.com,9000003096,agentic-ai,Load Test 5K,Hyderabad,Acme Corp
Ritu Mehta,loadtest3097@loadtest.example.com,9000003097,ai-ml,Load Test 5K,Bengaluru,Globex
Vivek Mehta,loadtest3098@loadtest.example.com,9000003098,,Load Test 5K,Mumbai,Initech
Shreya Mehta,loadtest3099@loadtest.example.com,9000003099,agentic-ai,Load Test 5K,Pune,Hooli
Aarav Mehta,loadtest3100@loadtest.example.com,9000003100,ai-ml,Load Test 5K,Chennai,Umbrella
Priya Iyer,loadtest3101@loadtest.example.com,9000003101,,Load Test 5K,Delhi,Stark Industries
Rohan Iyer,loadtest3102@loadtest.example.com,9000003102,agentic-ai,Load Test 5K,Kolkata,Wayne Enterprises
Meera Iyer,loadtest3103@loadtest.example.com,9000003103,ai-ml,Load Test 5K,Ahmedabad,Soylent
Vikram Iyer,loadtest3104@loadtest.example.com,9000003104,,Load Test 5K,Hyderabad,Acme Corp
Ananya Iyer,loadtest3105@loadtest.example.com,9000003105,agentic-ai,Load Test 5K,Bengaluru,Globex
Karthik Iyer,loadtest3106@loadtest.example.com,9000003106,ai-ml,Load Test 5K,Mumbai,Initech
Sneha Iyer,loadtest3107@loadtest.example.com,9000003107,,Load Test 5K,Pune,Hooli
Arjun Reddy,loadtest3108@loadtest.example.com,9000003108,agentic-ai,Load Test 5K,Chennai,Umbrella
Divya Reddy,loadtest3109@loadtest.example.com,9000003109,ai-ml,Load Test 5K,Delhi,Stark Industries
Rahul Reddy,loadtest3110@loadtest.example.com,9000003110,,Load Test 5K,Kolkata,Wayne Enterprises
Pooja Reddy,loadtest3111@loadtest.example.com,9000003111,agentic-ai,Load Test 5K,Ahmedabad,Soylent
Aditya Reddy,loadtest3112@loadtest.example.com,9000003112,ai-ml,Load Test 5K,Hyderabad,Acme Corp
Nisha Reddy,loadtest3113@loadtest.example.com,9000003113,,Load Test 5K,Bengaluru,Globex
Sanjay Reddy,loadtest3114@loadtest.example.com,9000003114,agentic-ai,Load Test 5K,Mumbai,Initech
Kavya Gupta,loadtest3115@loadtest.example.com,9000003115,ai-ml,Load Test 5K,Pune,Hooli
Manish Gupta,loadtest3116@loadtest.example.com,9000003116,,Load Test 5K,Chennai,Umbrella
Ritu Gupta,loadtest3117@loadtest.example.com,9000003117,agentic-ai,Load Test 5K,Delhi,Stark Industries
Vivek Gupta,loadtest3118@loadtest.example.com,9000003118,ai-ml,Load Test 5K,Kolkata,Wayne Enterprises
Shreya Gupta,loadtest3119@loadtest.example.com,9000003119,,Load Test 5K,Ahmedabad,Soylent
Aarav Gupta,loadtest3120@loadtest.example.com,9000003120,agentic-ai,Load Test 5K,Hyderabad,Acme Corp
Priya Gupta,loadtest3121@loadtest.example.com,9000003121,ai-ml,Load Test 5K,Bengaluru,Globex
Rohan Patel,loadtest3122@loadtest.example.com,9000003122,,Load Test 5K,Mumbai,Initech
Meera Patel,loadtest3123@loadtest.example.com,9000003123,agentic-ai,Load Test 5K,Pune,Hooli
Vikram Patel,loadtest3124@loadtest.example.com,9000003124,ai-ml,Load Test 5K,Chennai,Umbrella
Ananya Patel,loadtest3125@loadtest.example.com,9000003125,,Load Test 5K,Delhi,Stark Industries
Karthik Patel,loadtest3126@loadtest.example.com,9000003126,agentic-ai,Load Test 5K,Kolkata,Wayne Enterprises
Sneha Patel,loadtest3127@loadtest.example.com,9000003127,ai-ml,Load Test 5K,Ahmedabad,Soylent
Arjun Patel,loadtest3128@loadtest.example.com,9000003128,,Load Test 5K,Hyderabad,Acme Corp
Divya Rao,loadtest3129@loadtest.example.com,9000003129,agentic-ai,Load Test 5K,Bengaluru,Globex
Rahul Rao,loadtest3130@loadtest.example.com,9000003130,ai-ml,Load Test 5K,Mumbai,Initech
Pooja Rao,loadtest3131@loadtest.example.com,9000003131,,Load Test 5K,Pune,Hooli
Aditya Rao,loadtest3132@loadtest.example.com,9000003132,agentic-ai,Load Test 5K,Chennai,Umbrella
Nisha Rao,loadtest3133@loadtest.example.com,9000003133,ai-ml,Load Test 5K,Delhi,Stark Industries
Sanjay Rao,loadtest3134@loadtest.example.com,9000003134,,Load Test 5K,Kolkata,Wayne Enterprises
Kavya Rao,loadtest3135@loadtest.example.com,9000003135,agentic-ai,Load Test 5K,Ahmedabad,Soylent
Manish Singh,loadtest3136@loadtest.example.com,9000003136,ai-ml,Load Test 5K,Hyderabad,Acme Corp
Ritu Singh,loadtest3137@loadtest.example.com,9000003137,,Load Test 5K,Bengaluru,Globex
Vivek Singh,loadtest3138@loadtest.example.com,9000003138,agentic-ai,Load Test 5K,Mumbai,Initech
Shreya Singh,loadtest3139@loadtest.example.com,9000003139,ai-ml,Load Test 5K,Pune,Hooli
Aarav Singh,loadtest3140@loadtest.example.com,9000003140,,Load Test 5K,Chennai,Umbrella
Priya Singh,loadtest3141@loadtest.example.com,9000003141,agentic-ai,Load Test 5K,Delhi,Stark Industries
Rohan Singh,loadtest3142@loadtest.example.com,9000003142,ai-ml,Load Test 5K,Kolkata,Wayne Enterprises
Meera Joshi,loadtest3143@loadtest.example.com,9000003143,,Load Test 5K,Ahmedabad,Soylent
Vikram Joshi,loadtest3144@loadtest.example.com,9000003144,agentic-ai,Load Test 5K,Hyderabad,Acme Corp
Ananya Joshi,loadtest3145@loadtest.example.com,9000003145,ai-ml,Load Test 5K,Bengaluru,Globex
Karthik Joshi,loadtest3146@loadtest.example.com,9000003146,,Load Test 5K,Mumbai,Initech
Sneha Joshi,loadtest3147@loadtest.example.com,9000003147,agentic-ai,Load Test 5K,Pune,Hooli
Arjun Joshi,loadtest3148@loadtest.example.com,9000003148,ai-ml,Load Test 5K,Chennai,Umbrella
Divya Joshi,loadtest3149@loadtest.example.com,9000003149,,Load Test 5K,Delhi,Stark Industries
Rahul Kumar,loadtest3150@loadtest.example.com,9000003150,agentic-ai,Load Test 5K,Kolkata,Wayne Enterprises
Pooja Kumar,loadtest3151@loadtest.example.com,9000003151,ai-ml,Load Test 5K,Ahmedabad,Soylent
Aditya Kumar,loadtest3152@loadtest.example.com,9000003152,,Load Test 5K,Hyderabad,Acme Corp
Nisha Kumar,loadtest3153@loadtest.example.com,9000003153,agentic-ai,Load Test 5K,Bengaluru,Globex
Sanjay Kumar,loadtest3154@loadtest.example.com,9000003154,ai-ml,Load Test 5K,Mumbai,Initech
Kavya Kumar,loadtest3155@loadtest.example.com,9000003155,,Load Test 5K,Pune,Hooli
Manish Kumar,loadtest3156@loadtest.example.com,9000003156,agentic-ai,Load Test 5K,Chennai,Umbrella
Ritu Desai,loadtest3157@loadtest.example.com,9000003157,ai-ml,Load Test 5K,Delhi,Stark Industries
Vivek Desai,loadtest3158@loadtest.example.com,9000003158,,Load Test 5K,Kolkata,Wayne Enterprises
Shreya Desai,loadtest3159@loadtest.example.com,9000003159,agentic-ai,Load Test 5K,Ahmedabad,Soylent
Aarav Desai,loadtest3160@loadtest.example.com,9000003160,ai-ml,Load Test 5K,Hyderabad,Acme Corp
Priya Desai,loadtest3161@loadtest.example.com,9000003161,,Load Test 5K,Bengaluru,Globex
Rohan Desai,loadtest3162@loadtest.example.com,9000003162,agentic-ai,Load Test 5K,Mumbai,Initech
Meera Desai,loadtest3163@loadtest.example.com,9000003163,ai-ml,Load Test 5K,Pune,Hooli
Vikram Pillai,loadtest3164@loadtest.example.com,9000003164,,Load Test 5K,Chennai,Umbrella
Ananya Pillai,loadtest3165@loadtest.example.com,9000003165,agentic-ai,Load Test 5K,Delhi,Stark Industries
Karthik Pillai,loadtest3166@loadtest.example.com,9000003166,ai-ml,Load Test 5K,Kolkata,Wayne Enterprises
Sneha Pillai,loadtest3167@loadtest.example.com,9000003167,,Load Test 5K,Ahmedabad,Soylent
Arjun Pillai,loadtest3168@loadtest.example.com,9000003168,agentic-ai,Load Test 5K,Hyderabad,Acme Corp
Divya Pillai,loadtest3169@loadtest.example.com,9000003169,ai-ml,Load Test 5K,Bengaluru,Globex
Rahul Pillai,loadtest3170@loadtest.example.com,9000003170,,Load Test 5K,Mumbai,Initech
Pooja Bose,loadtest3171@loadtest.example.com,9000003171,agentic-ai,Load Test 5K,Pune,Hooli
Aditya Bose,loadtest3172@loadtest.example.com,9000003172,ai-ml,Load Test 5K,Chennai,Umbrella
Nisha Bose,loadtest3173@loadtest.example.com,9000003173,,Load Test 5K,Delhi,Stark Industries
Sanjay Bose,loadtest3174@loadtest.example.com,9000003174,agentic-ai,Load Test 5K,Kolkata,Wayne Enterprises
Kavya Bose,loadtest3175@loadtest.example.com,9000003175,ai-ml,Load Test 5K,Ahmedabad,Soylent
Manish Bose,loadtest3176@loadtest.example.com,9000003176,,Load Test 5K,Hyderabad,Acme Corp
Ritu Bose,loadtest3177@loadtest.example.com,9000003177,agentic-ai,Load Test 5K,Bengaluru,Globex
Vivek Menon,loadtest3178@loadtest.example.com,9000003178,ai-ml,Load Test 5K,Mumbai,Initech
Shreya Menon,loadtest3179@loadtest.example.com,9000003179,,Load Test 5K,Pune,Hooli
Aarav Menon,loadtest3180@loadtest.example.com,9000003180,agentic-ai,Load Test 5K,Chennai,Umbrella
Priya Menon,loadtest3181@loadtest.example.com,9000003181,ai-ml,Load Test 5K,Delhi,Stark Industries
Rohan Menon,loadtest3182@loadtest.example.com,9000003182,,Load Test 5K,Kolkata,Wayne Enterprises
Meera Menon,loadtest3183@loadtest.example.com,9000003183,agentic-ai,Load Test 5K,Ahmedabad,Soylent
Vikram Menon,loadtest3184@loadtest.example.com,9000003184,ai-ml,Load Test 5K,Hyderabad,Acme Corp
Ananya Chopra,loadtest3185@loadtest.example.com,9000003185,,Load Test 5K,Bengaluru,Globex
Karthik Chopra,loadtest3186@loadtest.example.com,9000003186,agentic-ai,Load Test 5K,Mumbai,Initech
Sneha Chopra,loadtest3187@loadtest.example.com,9000003187,ai-ml,Load Test 5K,Pune,Hooli
Arjun Chopra,loadtest3188@loadtest.example.com,9000003188,,Load Test 5K,Chennai,Umbrella
Divya Chopra,loadtest3189@loadtest.example.com,9000003189,agentic-ai,Load Test 5K,Delhi,Stark Industries
Rahul Chopra,loadtest3190@loadtest.example.com,9000003190,ai-ml,Load Test 5K,Kolkata,Wayne Enterprises
Pooja Chopra,loadtest3191@loadtest.example.com,9000003191,,Load Test 5K,Ahmedabad,Soylent
Aditya Verma,loadtest3192@loadtest.example.com,9000003192,agentic-ai,Load Test 5K,Hyderabad,Acme Corp
Nisha Verma,loadtest3193@loadtest.example.com,9000003193,ai-ml,Load Test 5K,Bengaluru,Globex
Sanjay Verma,loadtest3194@loadtest.example.com,9000003194,,Load Test 5K,Mumbai,Initech
Kavya Verma,loadtest3195@loadtest.example.com,9000003195,agentic-ai,Load Test 5K,Pune,Hooli
Manish Verma,loadtest3196@loadtest.example.com,9000003196,ai-ml,Load Test 5K,Chennai,Umbrella
Ritu Verma,loadtest3197@loadtest.example.com,9000003197,,Load Test 5K,Delhi,Stark Industries
Vivek Verma,loadtest3198@loadtest.example.com,9000003198,agentic-ai,Load Test 5K,Kolkata,Wayne Enterprises
Shreya Shetty,loadtest3199@loadtest.example.com,9000003199,ai-ml,Load Test 5K,Ahmedabad,Soylent
Aarav Shetty,loadtest3200@loadtest.example.com,9000003200,,Load Test 5K,Hyderabad,Acme Corp
Priya Shetty,loadtest3201@loadtest.example.com,9000003201,agentic-ai,Load Test 5K,Bengaluru,Globex
Rohan Shetty,loadtest3202@loadtest.example.com,9000003202,ai-ml,Load Test 5K,Mumbai,Initech
Meera Shetty,loadtest3203@loadtest.example.com,9000003203,,Load Test 5K,Pune,Hooli
Vikram Shetty,loadtest3204@loadtest.example.com,9000003204,agentic-ai,Load Test 5K,Chennai,Umbrella
Ananya Shetty,loadtest3205@loadtest.example.com,9000003205,ai-ml,Load Test 5K,Delhi,Stark Industries
Karthik Banerjee,loadtest3206@loadtest.example.com,9000003206,,Load Test 5K,Kolkata,Wayne Enterprises
Sneha Banerjee,loadtest3207@loadtest.example.com,9000003207,agentic-ai,Load Test 5K,Ahmedabad,Soylent
Arjun Banerjee,loadtest3208@loadtest.example.com,9000003208,ai-ml,Load Test 5K,Hyderabad,Acme Corp
Divya Banerjee,loadtest3209@loadtest.example.com,9000003209,,Load Test 5K,Bengaluru,Globex
Rahul Banerjee,loadtest3210@loadtest.example.com,9000003210,agentic-ai,Load Test 5K,Mumbai,Initech
Pooja Banerjee,loadtest3211@loadtest.example.com,9000003211,ai-ml,Load Test 5K,Pune,Hooli
Aditya Banerjee,loadtest3212@loadtest.example.com,9000003212,,Load Test 5K,Chennai,Umbrella
Nisha Kapoor,loadtest3213@loadtest.example.com,9000003213,agentic-ai,Load Test 5K,Delhi,Stark Industries
Sanjay Kapoor,loadtest3214@loadtest.example.com,9000003214,ai-ml,Load Test 5K,Kolkata,Wayne Enterprises
Kavya Kapoor,loadtest3215@loadtest.example.com,9000003215,,Load Test 5K,Ahmedabad,Soylent
Manish Kapoor,loadtest3216@loadtest.example.com,9000003216,agentic-ai,Load Test 5K,Hyderabad,Acme Corp
Ritu Kapoor,loadtest3217@loadtest.example.com,9000003217,ai-ml,Load Test 5K,Bengaluru,Globex
Vivek Kapoor,loadtest3218@loadtest.example.com,9000003218,,Load Test 5K,Mumbai,Initech
Shreya Kapoor,loadtest3219@loadtest.example.com,9000003219,agentic-ai,Load Test 5K,Pune,Hooli
Aarav Sharma,loadtest3220@loadtest.example.com,9000003220,ai-ml,Load Test 5K,Chennai,Umbrella
Priya Sharma,loadtest3221@loadtest.example.com,9000003221,,Load Test 5K,Delhi,Stark Industries
Rohan Sharma,loadtest3222@loadtest.example.com,9000003222,agentic-ai,Load Test 5K,Kolkata,Wayne Enterprises
Meera Sharma,loadtest3223@loadtest.example.com,9000003223,ai-ml,Load Test 5K,Ahmedabad,Soylent
Vikram Sharma,loadtest3224@loadtest.example.com,9000003224,,Load Test 5K,Hyderabad,Acme Corp
Ananya Sharma,loadtest3225@loadtest.example.com,9000003225,agentic-ai,Load Test 5K,Bengaluru,Globex
Karthik Sharma,loadtest3226@loadtest.example.com,9000003226,ai-ml,Load Test 5K,Mumbai,Initech
Sneha Nair,loadtest3227@loadtest.example.com,9000003227,,Load Test 5K,Pune,Hooli
Arjun Nair,loadtest3228@loadtest.example.com,9000003228,agentic-ai,Load Test 5K,Chennai,Umbrella
Divya Nair,loadtest3229@loadtest.example.com,9000003229,ai-ml,Load Test 5K,Delhi,Stark Industries
Rahul Nair,loadtest3230@loadtest.example.com,9000003230,,Load Test 5K,Kolkata,Wayne Enterprises
Pooja Nair,loadtest3231@loadtest.example.com,9000003231,agentic-ai,Load Test 5K,Ahmedabad,Soylent
Aditya Nair,loadtest3232@loadtest.example.com,9000003232,ai-ml,Load Test 5K,Hyderabad,Acme Corp
Nisha Nair,loadtest3233@loadtest.example.com,9000003233,,Load Test 5K,Bengaluru,Globex
Sanjay Mehta,loadtest3234@loadtest.example.com,9000003234,agentic-ai,Load Test 5K,Mumbai,Initech
Kavya Mehta,loadtest3235@loadtest.example.com,9000003235,ai-ml,Load Test 5K,Pune,Hooli
Manish Mehta,loadtest3236@loadtest.example.com,9000003236,,Load Test 5K,Chennai,Umbrella
Ritu Mehta,loadtest3237@loadtest.example.com,9000003237,agentic-ai,Load Test 5K,Delhi,Stark Industries
Vivek Mehta,loadtest3238@loadtest.example.com,9000003238,ai-ml,Load Test 5K,Kolkata,Wayne Enterprises
Shreya Mehta,loadtest3239@loadtest.example.com,9000003239,,Load Test 5K,Ahmedabad,Soylent
Aarav Mehta,loadtest3240@loadtest.example.com,9000003240,agentic-ai,Load Test 5K,Hyderabad,Acme Corp
Priya Iyer,loadtest3241@loadtest.example.com,9000003241,ai-ml,Load Test 5K,Bengaluru,Globex
Rohan Iyer,loadtest3242@loadtest.example.com,9000003242,,Load Test 5K,Mumbai,Initech
Meera Iyer,loadtest3243@loadtest.example.com,9000003243,agentic-ai,Load Test 5K,Pune,Hooli
Vikram Iyer,loadtest3244@loadtest.example.com,9000003244,ai-ml,Load Test 5K,Chennai,Umbrella
Ananya Iyer,loadtest3245@loadtest.example.com,9000003245,,Load Test 5K,Delhi,Stark Industries
Karthik Iyer,loadtest3246@loadtest.example.com,9000003246,agentic-ai,Load Test 5K,Kolkata,Wayne Enterprises
Sneha Iyer,loadtest3247@loadtest.example.com,9000003247,ai-ml,Load Test 5K,Ahmedabad,Soylent
Arjun Reddy,loadtest3248@loadtest.example.com,9000003248,,Load Test 5K,Hyderabad,Acme Corp
Divya Reddy,loadtest3249@loadtest.example.com,9000003249,agentic-ai,Load Test 5K,Bengaluru,Globex
Rahul Reddy,loadtest3250@loadtest.example.com,9000003250,ai-ml,Load Test 5K,Mumbai,Initech
Pooja Reddy,loadtest3251@loadtest.example.com,9000003251,,Load Test 5K,Pune,Hooli
Aditya Reddy,loadtest3252@loadtest.example.com,9000003252,agentic-ai,Load Test 5K,Chennai,Umbrella
Nisha Reddy,loadtest3253@loadtest.example.com,9000003253,ai-ml,Load Test 5K,Delhi,Stark Industries
Sanjay Reddy,loadtest3254@loadtest.example.com,9000003254,,Load Test 5K,Kolkata,Wayne Enterprises
Kavya Gupta,loadtest3255@loadtest.example.com,9000003255,agentic-ai,Load Test 5K,Ahmedabad,Soylent
Manish Gupta,loadtest3256@loadtest.example.com,9000003256,ai-ml,Load Test 5K,Hyderabad,Acme Corp
Ritu Gupta,loadtest3257@loadtest.example.com,9000003257,,Load Test 5K,Bengaluru,Globex
Vivek Gupta,loadtest3258@loadtest.example.com,9000003258,agentic-ai,Load Test 5K,Mumbai,Initech
Shreya Gupta,loadtest3259@loadtest.example.com,9000003259,ai-ml,Load Test 5K,Pune,Hooli
Aarav Gupta,loadtest3260@loadtest.example.com,9000003260,,Load Test 5K,Chennai,Umbrella
Priya Gupta,loadtest3261@loadtest.example.com,9000003261,agentic-ai,Load Test 5K,Delhi,Stark Industries
Rohan Patel,loadtest3262@loadtest.example.com,9000003262,ai-ml,Load Test 5K,Kolkata,Wayne Enterprises
Meera Patel,loadtest3263@loadtest.example.com,9000003263,,Load Test 5K,Ahmedabad,Soylent
Vikram Patel,loadtest3264@loadtest.example.com,9000003264,agentic-ai,Load Test 5K,Hyderabad,Acme Corp
Ananya Patel,loadtest3265@loadtest.example.com,9000003265,ai-ml,Load Test 5K,Bengaluru,Globex
Karthik Patel,loadtest3266@loadtest.example.com,9000003266,,Load Test 5K,Mumbai,Initech
Sneha Patel,loadtest3267@loadtest.example.com,9000003267,agentic-ai,Load Test 5K,Pune,Hooli
Arjun Patel,loadtest3268@loadtest.example.com,9000003268,ai-ml,Load Test 5K,Chennai,Umbrella
Divya Rao,loadtest3269@loadtest.example.com,9000003269,,Load Test 5K,Delhi,Stark Industries
Rahul Rao,loadtest3270@loadtest.example.com,9000003270,agentic-ai,Load Test 5K,Kolkata,Wayne Enterprises
Pooja Rao,loadtest3271@loadtest.example.com,9000003271,ai-ml,Load Test 5K,Ahmedabad,Soylent
Aditya Rao,loadtest3272@loadtest.example.com,9000003272,,Load Test 5K,Hyderabad,Acme Corp
Nisha Rao,loadtest3273@loadtest.example.com,9000003273,agentic-ai,Load Test 5K,Bengaluru,Globex
Sanjay Rao,loadtest3274@loadtest.example.com,9000003274,ai-ml,Load Test 5K,Mumbai,Initech
Kavya Rao,loadtest3275@loadtest.example.com,9000003275,,Load Test 5K,Pune,Hooli
Manish Singh,loadtest3276@loadtest.example.com,9000003276,agentic-ai,Load Test 5K,Chennai,Umbrella
Ritu Singh,loadtest3277@loadtest.example.com,9000003277,ai-ml,Load Test 5K,Delhi,Stark Industries
Vivek Singh,loadtest3278@loadtest.example.com,9000003278,,Load Test 5K,Kolkata,Wayne Enterprises
Shreya Singh,loadtest3279@loadtest.example.com,9000003279,agentic-ai,Load Test 5K,Ahmedabad,Soylent
Aarav Singh,loadtest3280@loadtest.example.com,9000003280,ai-ml,Load Test 5K,Hyderabad,Acme Corp
Priya Singh,loadtest3281@loadtest.example.com,9000003281,,Load Test 5K,Bengaluru,Globex
Rohan Singh,loadtest3282@loadtest.example.com,9000003282,agentic-ai,Load Test 5K,Mumbai,Initech
Meera Joshi,loadtest3283@loadtest.example.com,9000003283,ai-ml,Load Test 5K,Pune,Hooli
Vikram Joshi,loadtest3284@loadtest.example.com,9000003284,,Load Test 5K,Chennai,Umbrella
Ananya Joshi,loadtest3285@loadtest.example.com,9000003285,agentic-ai,Load Test 5K,Delhi,Stark Industries
Karthik Joshi,loadtest3286@loadtest.example.com,9000003286,ai-ml,Load Test 5K,Kolkata,Wayne Enterprises
Sneha Joshi,loadtest3287@loadtest.example.com,9000003287,,Load Test 5K,Ahmedabad,Soylent
Arjun Joshi,loadtest3288@loadtest.example.com,9000003288,agentic-ai,Load Test 5K,Hyderabad,Acme Corp
Divya Joshi,loadtest3289@loadtest.example.com,9000003289,ai-ml,Load Test 5K,Bengaluru,Globex
Rahul Kumar,loadtest3290@loadtest.example.com,9000003290,,Load Test 5K,Mumbai,Initech
Pooja Kumar,loadtest3291@loadtest.example.com,9000003291,agentic-ai,Load Test 5K,Pune,Hooli
Aditya Kumar,loadtest3292@loadtest.example.com,9000003292,ai-ml,Load Test 5K,Chennai,Umbrella
Nisha Kumar,loadtest3293@loadtest.example.com,9000003293,,Load Test 5K,Delhi,Stark Industries
Sanjay Kumar,loadtest3294@loadtest.example.com,9000003294,agentic-ai,Load Test 5K,Kolkata,Wayne Enterprises
Kavya Kumar,loadtest3295@loadtest.example.com,9000003295,ai-ml,Load Test 5K,Ahmedabad,Soylent
Manish Kumar,loadtest3296@loadtest.example.com,9000003296,,Load Test 5K,Hyderabad,Acme Corp
Ritu Desai,loadtest3297@loadtest.example.com,9000003297,agentic-ai,Load Test 5K,Bengaluru,Globex
Vivek Desai,loadtest3298@loadtest.example.com,9000003298,ai-ml,Load Test 5K,Mumbai,Initech
Shreya Desai,loadtest3299@loadtest.example.com,9000003299,,Load Test 5K,Pune,Hooli
Aarav Desai,loadtest3300@loadtest.example.com,9000003300,agentic-ai,Load Test 5K,Chennai,Umbrella
Priya Desai,loadtest3301@loadtest.example.com,9000003301,ai-ml,Load Test 5K,Delhi,Stark Industries
Rohan Desai,loadtest3302@loadtest.example.com,9000003302,,Load Test 5K,Kolkata,Wayne Enterprises
Meera Desai,loadtest3303@loadtest.example.com,9000003303,agentic-ai,Load Test 5K,Ahmedabad,Soylent
Vikram Pillai,loadtest3304@loadtest.example.com,9000003304,ai-ml,Load Test 5K,Hyderabad,Acme Corp
Ananya Pillai,loadtest3305@loadtest.example.com,9000003305,,Load Test 5K,Bengaluru,Globex
Karthik Pillai,loadtest3306@loadtest.example.com,9000003306,agentic-ai,Load Test 5K,Mumbai,Initech
Sneha Pillai,loadtest3307@loadtest.example.com,9000003307,ai-ml,Load Test 5K,Pune,Hooli
Arjun Pillai,loadtest3308@loadtest.example.com,9000003308,,Load Test 5K,Chennai,Umbrella
Divya Pillai,loadtest3309@loadtest.example.com,9000003309,agentic-ai,Load Test 5K,Delhi,Stark Industries
Rahul Pillai,loadtest3310@loadtest.example.com,9000003310,ai-ml,Load Test 5K,Kolkata,Wayne Enterprises
Pooja Bose,loadtest3311@loadtest.example.com,9000003311,,Load Test 5K,Ahmedabad,Soylent
Aditya Bose,loadtest3312@loadtest.example.com,9000003312,agentic-ai,Load Test 5K,Hyderabad,Acme Corp
Nisha Bose,loadtest3313@loadtest.example.com,9000003313,ai-ml,Load Test 5K,Bengaluru,Globex
Sanjay Bose,loadtest3314@loadtest.example.com,9000003314,,Load Test 5K,Mumbai,Initech
Kavya Bose,loadtest3315@loadtest.example.com,9000003315,agentic-ai,Load Test 5K,Pune,Hooli
Manish Bose,loadtest3316@loadtest.example.com,9000003316,ai-ml,Load Test 5K,Chennai,Umbrella
Ritu Bose,loadtest3317@loadtest.example.com,9000003317,,Load Test 5K,Delhi,Stark Industries
Vivek Menon,loadtest3318@loadtest.example.com,9000003318,agentic-ai,Load Test 5K,Kolkata,Wayne Enterprises
Shreya Menon,loadtest3319@loadtest.example.com,9000003319,ai-ml,Load Test 5K,Ahmedabad,Soylent
Aarav Menon,loadtest3320@loadtest.example.com,9000003320,,Load Test 5K,Hyderabad,Acme Corp
Priya Menon,loadtest3321@loadtest.example.com,9000003321,agentic-ai,Load Test 5K,Bengaluru,Globex
Rohan Menon,loadtest3322@loadtest.example.com,9000003322,ai-ml,Load Test 5K,Mumbai,Initech
Meera Menon,loadtest3323@loadtest.example.com,9000003323,,Load Test 5K,Pune,Hooli
Vikram Menon,loadtest3324@loadtest.example.com,9000003324,agentic-ai,Load Test 5K,Chennai,Umbrella
Ananya Chopra,loadtest3325@loadtest.example.com,9000003325,ai-ml,Load Test 5K,Delhi,Stark Industries
Karthik Chopra,loadtest3326@loadtest.example.com,9000003326,,Load Test 5K,Kolkata,Wayne Enterprises
Sneha Chopra,loadtest3327@loadtest.example.com,9000003327,agentic-ai,Load Test 5K,Ahmedabad,Soylent
Arjun Chopra,loadtest3328@loadtest.example.com,9000003328,ai-ml,Load Test 5K,Hyderabad,Acme Corp
Divya Chopra,loadtest3329@loadtest.example.com,9000003329,,Load Test 5K,Bengaluru,Globex
Rahul Chopra,loadtest3330@loadtest.example.com,9000003330,agentic-ai,Load Test 5K,Mumbai,Initech
Pooja Chopra,loadtest3331@loadtest.example.com,9000003331,ai-ml,Load Test 5K,Pune,Hooli
Aditya Verma,loadtest3332@loadtest.example.com,9000003332,,Load Test 5K,Chennai,Umbrella
Nisha Verma,loadtest3333@loadtest.example.com,9000003333,agentic-ai,Load Test 5K,Delhi,Stark Industries
Sanjay Verma,loadtest3334@loadtest.example.com,9000003334,ai-ml,Load Test 5K,Kolkata,Wayne Enterprises
Kavya Verma,loadtest3335@loadtest.example.com,9000003335,,Load Test 5K,Ahmedabad,Soylent
Manish Verma,loadtest3336@loadtest.example.com,9000003336,agentic-ai,Load Test 5K,Hyderabad,Acme Corp
Ritu Verma,loadtest3337@loadtest.example.com,9000003337,ai-ml,Load Test 5K,Bengaluru,Globex
Vivek Verma,loadtest3338@loadtest.example.com,9000003338,,Load Test 5K,Mumbai,Initech
Shreya Shetty,loadtest3339@loadtest.example.com,9000003339,agentic-ai,Load Test 5K,Pune,Hooli
Aarav Shetty,loadtest3340@loadtest.example.com,9000003340,ai-ml,Load Test 5K,Chennai,Umbrella
Priya Shetty,loadtest3341@loadtest.example.com,9000003341,,Load Test 5K,Delhi,Stark Industries
Rohan Shetty,loadtest3342@loadtest.example.com,9000003342,agentic-ai,Load Test 5K,Kolkata,Wayne Enterprises
Meera Shetty,loadtest3343@loadtest.example.com,9000003343,ai-ml,Load Test 5K,Ahmedabad,Soylent
Vikram Shetty,loadtest3344@loadtest.example.com,9000003344,,Load Test 5K,Hyderabad,Acme Corp
Ananya Shetty,loadtest3345@loadtest.example.com,9000003345,agentic-ai,Load Test 5K,Bengaluru,Globex
Karthik Banerjee,loadtest3346@loadtest.example.com,9000003346,ai-ml,Load Test 5K,Mumbai,Initech
Sneha Banerjee,loadtest3347@loadtest.example.com,9000003347,,Load Test 5K,Pune,Hooli
Arjun Banerjee,loadtest3348@loadtest.example.com,9000003348,agentic-ai,Load Test 5K,Chennai,Umbrella
Divya Banerjee,loadtest3349@loadtest.example.com,9000003349,ai-ml,Load Test 5K,Delhi,Stark Industries
Rahul Banerjee,loadtest3350@loadtest.example.com,9000003350,,Load Test 5K,Kolkata,Wayne Enterprises
Pooja Banerjee,loadtest3351@loadtest.example.com,9000003351,agentic-ai,Load Test 5K,Ahmedabad,Soylent
Aditya Banerjee,loadtest3352@loadtest.example.com,9000003352,ai-ml,Load Test 5K,Hyderabad,Acme Corp
Nisha Kapoor,loadtest3353@loadtest.example.com,9000003353,,Load Test 5K,Bengaluru,Globex
Sanjay Kapoor,loadtest3354@loadtest.example.com,9000003354,agentic-ai,Load Test 5K,Mumbai,Initech
Kavya Kapoor,loadtest3355@loadtest.example.com,9000003355,ai-ml,Load Test 5K,Pune,Hooli
Manish Kapoor,loadtest3356@loadtest.example.com,9000003356,,Load Test 5K,Chennai,Umbrella
Ritu Kapoor,loadtest3357@loadtest.example.com,9000003357,agentic-ai,Load Test 5K,Delhi,Stark Industries
Vivek Kapoor,loadtest3358@loadtest.example.com,9000003358,ai-ml,Load Test 5K,Kolkata,Wayne Enterprises
Shreya Kapoor,loadtest3359@loadtest.example.com,9000003359,,Load Test 5K,Ahmedabad,Soylent
Aarav Sharma,loadtest3360@loadtest.example.com,9000003360,agentic-ai,Load Test 5K,Hyderabad,Acme Corp
Priya Sharma,loadtest3361@loadtest.example.com,9000003361,ai-ml,Load Test 5K,Bengaluru,Globex
Rohan Sharma,loadtest3362@loadtest.example.com,9000003362,,Load Test 5K,Mumbai,Initech
Meera Sharma,loadtest3363@loadtest.example.com,9000003363,agentic-ai,Load Test 5K,Pune,Hooli
Vikram Sharma,loadtest3364@loadtest.example.com,9000003364,ai-ml,Load Test 5K,Chennai,Umbrella
Ananya Sharma,loadtest3365@loadtest.example.com,9000003365,,Load Test 5K,Delhi,Stark Industries
Karthik Sharma,loadtest3366@loadtest.example.com,9000003366,agentic-ai,Load Test 5K,Kolkata,Wayne Enterprises
Sneha Nair,loadtest3367@loadtest.example.com,9000003367,ai-ml,Load Test 5K,Ahmedabad,Soylent
Arjun Nair,loadtest3368@loadtest.example.com,9000003368,,Load Test 5K,Hyderabad,Acme Corp
Divya Nair,loadtest3369@loadtest.example.com,9000003369,agentic-ai,Load Test 5K,Bengaluru,Globex
Rahul Nair,loadtest3370@loadtest.example.com,9000003370,ai-ml,Load Test 5K,Mumbai,Initech
Pooja Nair,loadtest3371@loadtest.example.com,9000003371,,Load Test 5K,Pune,Hooli
Aditya Nair,loadtest3372@loadtest.example.com,9000003372,agentic-ai,Load Test 5K,Chennai,Umbrella
Nisha Nair,loadtest3373@loadtest.example.com,9000003373,ai-ml,Load Test 5K,Delhi,Stark Industries
Sanjay Mehta,loadtest3374@loadtest.example.com,9000003374,,Load Test 5K,Kolkata,Wayne Enterprises
Kavya Mehta,loadtest3375@loadtest.example.com,9000003375,agentic-ai,Load Test 5K,Ahmedabad,Soylent
Manish Mehta,loadtest3376@loadtest.example.com,9000003376,ai-ml,Load Test 5K,Hyderabad,Acme Corp
Ritu Mehta,loadtest3377@loadtest.example.com,9000003377,,Load Test 5K,Bengaluru,Globex
Vivek Mehta,loadtest3378@loadtest.example.com,9000003378,agentic-ai,Load Test 5K,Mumbai,Initech
Shreya Mehta,loadtest3379@loadtest.example.com,9000003379,ai-ml,Load Test 5K,Pune,Hooli
Aarav Mehta,loadtest3380@loadtest.example.com,9000003380,,Load Test 5K,Chennai,Umbrella
Priya Iyer,loadtest3381@loadtest.example.com,9000003381,agentic-ai,Load Test 5K,Delhi,Stark Industries
Rohan Iyer,loadtest3382@loadtest.example.com,9000003382,ai-ml,Load Test 5K,Kolkata,Wayne Enterprises
Meera Iyer,loadtest3383@loadtest.example.com,9000003383,,Load Test 5K,Ahmedabad,Soylent
Vikram Iyer,loadtest3384@loadtest.example.com,9000003384,agentic-ai,Load Test 5K,Hyderabad,Acme Corp
Ananya Iyer,loadtest3385@loadtest.example.com,9000003385,ai-ml,Load Test 5K,Bengaluru,Globex
Karthik Iyer,loadtest3386@loadtest.example.com,9000003386,,Load Test 5K,Mumbai,Initech
Sneha Iyer,loadtest3387@loadtest.example.com,9000003387,agentic-ai,Load Test 5K,Pune,Hooli
Arjun Reddy,loadtest3388@loadtest.example.com,9000003388,ai-ml,Load Test 5K,Chennai,Umbrella
Divya Reddy,loadtest3389@loadtest.example.com,9000003389,,Load Test 5K,Delhi,Stark Industries
Rahul Reddy,loadtest3390@loadtest.example.com,9000003390,agentic-ai,Load Test 5K,Kolkata,Wayne Enterprises
Pooja Reddy,loadtest3391@loadtest.example.com,9000003391,ai-ml,Load Test 5K,Ahmedabad,Soylent
Aditya Reddy,loadtest3392@loadtest.example.com,9000003392,,Load Test 5K,Hyderabad,Acme Corp
Nisha Reddy,loadtest3393@loadtest.example.com,9000003393,agentic-ai,Load Test 5K,Bengaluru,Globex
Sanjay Reddy,loadtest3394@loadtest.example.com,9000003394,ai-ml,Load Test 5K,Mumbai,Initech
Kavya Gupta,loadtest3395@loadtest.example.com,9000003395,,Load Test 5K,Pune,Hooli
Manish Gupta,loadtest3396@loadtest.example.com,9000003396,agentic-ai,Load Test 5K,Chennai,Umbrella
Ritu Gupta,loadtest3397@loadtest.example.com,9000003397,ai-ml,Load Test 5K,Delhi,Stark Industries
Vivek Gupta,loadtest3398@loadtest.example.com,9000003398,,Load Test 5K,Kolkata,Wayne Enterprises
Shreya Gupta,loadtest3399@loadtest.example.com,9000003399,agentic-ai,Load Test 5K,Ahmedabad,Soylent
Aarav Gupta,loadtest3400@loadtest.example.com,9000003400,ai-ml,Load Test 5K,Hyderabad,Acme Corp
Priya Gupta,loadtest3401@loadtest.example.com,9000003401,,Load Test 5K,Bengaluru,Globex
Rohan Patel,loadtest3402@loadtest.example.com,9000003402,agentic-ai,Load Test 5K,Mumbai,Initech
Meera Patel,loadtest3403@loadtest.example.com,9000003403,ai-ml,Load Test 5K,Pune,Hooli
Vikram Patel,loadtest3404@loadtest.example.com,9000003404,,Load Test 5K,Chennai,Umbrella
Ananya Patel,loadtest3405@loadtest.example.com,9000003405,agentic-ai,Load Test 5K,Delhi,Stark Industries
Karthik Patel,loadtest3406@loadtest.example.com,9000003406,ai-ml,Load Test 5K,Kolkata,Wayne Enterprises
Sneha Patel,loadtest3407@loadtest.example.com,9000003407,,Load Test 5K,Ahmedabad,Soylent
Arjun Patel,loadtest3408@loadtest.example.com,9000003408,agentic-ai,Load Test 5K,Hyderabad,Acme Corp
Divya Rao,loadtest3409@loadtest.example.com,9000003409,ai-ml,Load Test 5K,Bengaluru,Globex
Rahul Rao,loadtest3410@loadtest.example.com,9000003410,,Load Test 5K,Mumbai,Initech
Pooja Rao,loadtest3411@loadtest.example.com,9000003411,agentic-ai,Load Test 5K,Pune,Hooli
Aditya Rao,loadtest3412@loadtest.example.com,9000003412,ai-ml,Load Test 5K,Chennai,Umbrella
Nisha Rao,loadtest3413@loadtest.example.com,9000003413,,Load Test 5K,Delhi,Stark Industries
Sanjay Rao,loadtest3414@loadtest.example.com,9000003414,agentic-ai,Load Test 5K,Kolkata,Wayne Enterprises
Kavya Rao,loadtest3415@loadtest.example.com,9000003415,ai-ml,Load Test 5K,Ahmedabad,Soylent
Manish Singh,loadtest3416@loadtest.example.com,9000003416,,Load Test 5K,Hyderabad,Acme Corp
Ritu Singh,loadtest3417@loadtest.example.com,9000003417,agentic-ai,Load Test 5K,Bengaluru,Globex
Vivek Singh,loadtest3418@loadtest.example.com,9000003418,ai-ml,Load Test 5K,Mumbai,Initech
Shreya Singh,loadtest3419@loadtest.example.com,9000003419,,Load Test 5K,Pune,Hooli
Aarav Singh,loadtest3420@loadtest.example.com,9000003420,agentic-ai,Load Test 5K,Chennai,Umbrella
Priya Singh,loadtest3421@loadtest.example.com,9000003421,ai-ml,Load Test 5K,Delhi,Stark Industries
Rohan Singh,loadtest3422@loadtest.example.com,9000003422,,Load Test 5K,Kolkata,Wayne Enterprises
Meera Joshi,loadtest3423@loadtest.example.com,9000003423,agentic-ai,Load Test 5K,Ahmedabad,Soylent
Vikram Joshi,loadtest3424@loadtest.example.com,9000003424,ai-ml,Load Test 5K,Hyderabad,Acme Corp
Ananya Joshi,loadtest3425@loadtest.example.com,9000003425,,Load Test 5K,Bengaluru,Globex
Karthik Joshi,loadtest3426@loadtest.example.com,9000003426,agentic-ai,Load Test 5K,Mumbai,Initech
Sneha Joshi,loadtest3427@loadtest.example.com,9000003427,ai-ml,Load Test 5K,Pune,Hooli
Arjun Joshi,loadtest3428@loadtest.example.com,9000003428,,Load Test 5K,Chennai,Umbrella
Divya Joshi,loadtest3429@loadtest.example.com,9000003429,agentic-ai,Load Test 5K,Delhi,Stark Industries
Rahul Kumar,loadtest3430@loadtest.example.com,9000003430,ai-ml,Load Test 5K,Kolkata,Wayne Enterprises
Pooja Kumar,loadtest3431@loadtest.example.com,9000003431,,Load Test 5K,Ahmedabad,Soylent
Aditya Kumar,loadtest3432@loadtest.example.com,9000003432,agentic-ai,Load Test 5K,Hyderabad,Acme Corp
Nisha Kumar,loadtest3433@loadtest.example.com,9000003433,ai-ml,Load Test 5K,Bengaluru,Globex
Sanjay Kumar,loadtest3434@loadtest.example.com,9000003434,,Load Test 5K,Mumbai,Initech
Kavya Kumar,loadtest3435@loadtest.example.com,9000003435,agentic-ai,Load Test 5K,Pune,Hooli
Manish Kumar,loadtest3436@loadtest.example.com,9000003436,ai-ml,Load Test 5K,Chennai,Umbrella
Ritu Desai,loadtest3437@loadtest.example.com,9000003437,,Load Test 5K,Delhi,Stark Industries
Vivek Desai,loadtest3438@loadtest.example.com,9000003438,agentic-ai,Load Test 5K,Kolkata,Wayne Enterprises
Shreya Desai,loadtest3439@loadtest.example.com,9000003439,ai-ml,Load Test 5K,Ahmedabad,Soylent
Aarav Desai,loadtest3440@loadtest.example.com,9000003440,,Load Test 5K,Hyderabad,Acme Corp
Priya Desai,loadtest3441@loadtest.example.com,9000003441,agentic-ai,Load Test 5K,Bengaluru,Globex
Rohan Desai,loadtest3442@loadtest.example.com,9000003442,ai-ml,Load Test 5K,Mumbai,Initech
Meera Desai,loadtest3443@loadtest.example.com,9000003443,,Load Test 5K,Pune,Hooli
Vikram Pillai,loadtest3444@loadtest.example.com,9000003444,agentic-ai,Load Test 5K,Chennai,Umbrella
Ananya Pillai,loadtest3445@loadtest.example.com,9000003445,ai-ml,Load Test 5K,Delhi,Stark Industries
Karthik Pillai,loadtest3446@loadtest.example.com,9000003446,,Load Test 5K,Kolkata,Wayne Enterprises
Sneha Pillai,loadtest3447@loadtest.example.com,9000003447,agentic-ai,Load Test 5K,Ahmedabad,Soylent
Arjun Pillai,loadtest3448@loadtest.example.com,9000003448,ai-ml,Load Test 5K,Hyderabad,Acme Corp
Divya Pillai,loadtest3449@loadtest.example.com,9000003449,,Load Test 5K,Bengaluru,Globex
Rahul Pillai,loadtest3450@loadtest.example.com,9000003450,agentic-ai,Load Test 5K,Mumbai,Initech
Pooja Bose,loadtest3451@loadtest.example.com,9000003451,ai-ml,Load Test 5K,Pune,Hooli
Aditya Bose,loadtest3452@loadtest.example.com,9000003452,,Load Test 5K,Chennai,Umbrella
Nisha Bose,loadtest3453@loadtest.example.com,9000003453,agentic-ai,Load Test 5K,Delhi,Stark Industries
Sanjay Bose,loadtest3454@loadtest.example.com,9000003454,ai-ml,Load Test 5K,Kolkata,Wayne Enterprises
Kavya Bose,loadtest3455@loadtest.example.com,9000003455,,Load Test 5K,Ahmedabad,Soylent
Manish Bose,loadtest3456@loadtest.example.com,9000003456,agentic-ai,Load Test 5K,Hyderabad,Acme Corp
Ritu Bose,loadtest3457@loadtest.example.com,9000003457,ai-ml,Load Test 5K,Bengaluru,Globex
Vivek Menon,loadtest3458@loadtest.example.com,9000003458,,Load Test 5K,Mumbai,Initech
Shreya Menon,loadtest3459@loadtest.example.com,9000003459,agentic-ai,Load Test 5K,Pune,Hooli
Aarav Menon,loadtest3460@loadtest.example.com,9000003460,ai-ml,Load Test 5K,Chennai,Umbrella
Priya Menon,loadtest3461@loadtest.example.com,9000003461,,Load Test 5K,Delhi,Stark Industries
Rohan Menon,loadtest3462@loadtest.example.com,9000003462,agentic-ai,Load Test 5K,Kolkata,Wayne Enterprises
Meera Menon,loadtest3463@loadtest.example.com,9000003463,ai-ml,Load Test 5K,Ahmedabad,Soylent
Vikram Menon,loadtest3464@loadtest.example.com,9000003464,,Load Test 5K,Hyderabad,Acme Corp
Ananya Chopra,loadtest3465@loadtest.example.com,9000003465,agentic-ai,Load Test 5K,Bengaluru,Globex
Karthik Chopra,loadtest3466@loadtest.example.com,9000003466,ai-ml,Load Test 5K,Mumbai,Initech
Sneha Chopra,loadtest3467@loadtest.example.com,9000003467,,Load Test 5K,Pune,Hooli
Arjun Chopra,loadtest3468@loadtest.example.com,9000003468,agentic-ai,Load Test 5K,Chennai,Umbrella
Divya Chopra,loadtest3469@loadtest.example.com,9000003469,ai-ml,Load Test 5K,Delhi,Stark Industries
Rahul Chopra,loadtest3470@loadtest.example.com,9000003470,,Load Test 5K,Kolkata,Wayne Enterprises
Pooja Chopra,loadtest3471@loadtest.example.com,9000003471,agentic-ai,Load Test 5K,Ahmedabad,Soylent
Aditya Verma,loadtest3472@loadtest.example.com,9000003472,ai-ml,Load Test 5K,Hyderabad,Acme Corp
Nisha Verma,loadtest3473@loadtest.example.com,9000003473,,Load Test 5K,Bengaluru,Globex
Sanjay Verma,loadtest3474@loadtest.example.com,9000003474,agentic-ai,Load Test 5K,Mumbai,Initech
Kavya Verma,loadtest3475@loadtest.example.com,9000003475,ai-ml,Load Test 5K,Pune,Hooli
Manish Verma,loadtest3476@loadtest.example.com,9000003476,,Load Test 5K,Chennai,Umbrella
Ritu Verma,loadtest3477@loadtest.example.com,9000003477,agentic-ai,Load Test 5K,Delhi,Stark Industries
Vivek Verma,loadtest3478@loadtest.example.com,9000003478,ai-ml,Load Test 5K,Kolkata,Wayne Enterprises
Shreya Shetty,loadtest3479@loadtest.example.com,9000003479,,Load Test 5K,Ahmedabad,Soylent
Aarav Shetty,loadtest3480@loadtest.example.com,9000003480,agentic-ai,Load Test 5K,Hyderabad,Acme Corp
Priya Shetty,loadtest3481@loadtest.example.com,9000003481,ai-ml,Load Test 5K,Bengaluru,Globex
Rohan Shetty,loadtest3482@loadtest.example.com,9000003482,,Load Test 5K,Mumbai,Initech
Meera Shetty,loadtest3483@loadtest.example.com,9000003483,agentic-ai,Load Test 5K,Pune,Hooli
Vikram Shetty,loadtest3484@loadtest.example.com,9000003484,ai-ml,Load Test 5K,Chennai,Umbrella
Ananya Shetty,loadtest3485@loadtest.example.com,9000003485,,Load Test 5K,Delhi,Stark Industries
Karthik Banerjee,loadtest3486@loadtest.example.com,9000003486,agentic-ai,Load Test 5K,Kolkata,Wayne Enterprises
Sneha Banerjee,loadtest3487@loadtest.example.com,9000003487,ai-ml,Load Test 5K,Ahmedabad,Soylent
Arjun Banerjee,loadtest3488@loadtest.example.com,9000003488,,Load Test 5K,Hyderabad,Acme Corp
Divya Banerjee,loadtest3489@loadtest.example.com,9000003489,agentic-ai,Load Test 5K,Bengaluru,Globex
Rahul Banerjee,loadtest3490@loadtest.example.com,9000003490,ai-ml,Load Test 5K,Mumbai,Initech
Pooja Banerjee,loadtest3491@loadtest.example.com,9000003491,,Load Test 5K,Pune,Hooli
Aditya Banerjee,loadtest3492@loadtest.example.com,9000003492,agentic-ai,Load Test 5K,Chennai,Umbrella
Nisha Kapoor,loadtest3493@loadtest.example.com,9000003493,ai-ml,Load Test 5K,Delhi,Stark Industries
Sanjay Kapoor,loadtest3494@loadtest.example.com,9000003494,,Load Test 5K,Kolkata,Wayne Enterprises
Kavya Kapoor,loadtest3495@loadtest.example.com,9000003495,agentic-ai,Load Test 5K,Ahmedabad,Soylent
Manish Kapoor,loadtest3496@loadtest.example.com,9000003496,ai-ml,Load Test 5K,Hyderabad,Acme Corp
Ritu Kapoor,loadtest3497@loadtest.example.com,9000003497,,Load Test 5K,Bengaluru,Globex
Vivek Kapoor,loadtest3498@loadtest.example.com,9000003498,agentic-ai,Load Test 5K,Mumbai,Initech
Shreya Kapoor,loadtest3499@loadtest.example.com,9000003499,ai-ml,Load Test 5K,Pune,Hooli
Aarav Sharma,loadtest3500@loadtest.example.com,9000003500,,Load Test 5K,Chennai,Umbrella
Priya Sharma,loadtest3501@loadtest.example.com,9000003501,agentic-ai,Load Test 5K,Delhi,Stark Industries
Rohan Sharma,loadtest3502@loadtest.example.com,9000003502,ai-ml,Load Test 5K,Kolkata,Wayne Enterprises
Meera Sharma,loadtest3503@loadtest.example.com,9000003503,,Load Test 5K,Ahmedabad,Soylent
Vikram Sharma,loadtest3504@loadtest.example.com,9000003504,agentic-ai,Load Test 5K,Hyderabad,Acme Corp
Ananya Sharma,loadtest3505@loadtest.example.com,9000003505,ai-ml,Load Test 5K,Bengaluru,Globex
Karthik Sharma,loadtest3506@loadtest.example.com,9000003506,,Load Test 5K,Mumbai,Initech
Sneha Nair,loadtest3507@loadtest.example.com,9000003507,agentic-ai,Load Test 5K,Pune,Hooli
Arjun Nair,loadtest3508@loadtest.example.com,9000003508,ai-ml,Load Test 5K,Chennai,Umbrella
Divya Nair,loadtest3509@loadtest.example.com,9000003509,,Load Test 5K,Delhi,Stark Industries
Rahul Nair,loadtest3510@loadtest.example.com,9000003510,agentic-ai,Load Test 5K,Kolkata,Wayne Enterprises
Pooja Nair,loadtest3511@loadtest.example.com,9000003511,ai-ml,Load Test 5K,Ahmedabad,Soylent
Aditya Nair,loadtest3512@loadtest.example.com,9000003512,,Load Test 5K,Hyderabad,Acme Corp
Nisha Nair,loadtest3513@loadtest.example.com,9000003513,agentic-ai,Load Test 5K,Bengaluru,Globex
Sanjay Mehta,loadtest3514@loadtest.example.com,9000003514,ai-ml,Load Test 5K,Mumbai,Initech
Kavya Mehta,loadtest3515@loadtest.example.com,9000003515,,Load Test 5K,Pune,Hooli
Manish Mehta,loadtest3516@loadtest.example.com,9000003516,agentic-ai,Load Test 5K,Chennai,Umbrella
Ritu Mehta,loadtest3517@loadtest.example.com,9000003517,ai-ml,Load Test 5K,Delhi,Stark Industries
Vivek Mehta,loadtest3518@loadtest.example.com,9000003518,,Load Test 5K,Kolkata,Wayne Enterprises
Shreya Mehta,loadtest3519@loadtest.example.com,9000003519,agentic-ai,Load Test 5K,Ahmedabad,Soylent
Aarav Mehta,loadtest3520@loadtest.example.com,9000003520,ai-ml,Load Test 5K,Hyderabad,Acme Corp
Priya Iyer,loadtest3521@loadtest.example.com,9000003521,,Load Test 5K,Bengaluru,Globex
Rohan Iyer,loadtest3522@loadtest.example.com,9000003522,agentic-ai,Load Test 5K,Mumbai,Initech
Meera Iyer,loadtest3523@loadtest.example.com,9000003523,ai-ml,Load Test 5K,Pune,Hooli
Vikram Iyer,loadtest3524@loadtest.example.com,9000003524,,Load Test 5K,Chennai,Umbrella
Ananya Iyer,loadtest3525@loadtest.example.com,9000003525,agentic-ai,Load Test 5K,Delhi,Stark Industries
Karthik Iyer,loadtest3526@loadtest.example.com,9000003526,ai-ml,Load Test 5K,Kolkata,Wayne Enterprises
Sneha Iyer,loadtest3527@loadtest.example.com,9000003527,,Load Test 5K,Ahmedabad,Soylent
Arjun Reddy,loadtest3528@loadtest.example.com,9000003528,agentic-ai,Load Test 5K,Hyderabad,Acme Corp
Divya Reddy,loadtest3529@loadtest.example.com,9000003529,ai-ml,Load Test 5K,Bengaluru,Globex
Rahul Reddy,loadtest3530@loadtest.example.com,9000003530,,Load Test 5K,Mumbai,Initech
Pooja Reddy,loadtest3531@loadtest.example.com,9000003531,agentic-ai,Load Test 5K,Pune,Hooli
Aditya Reddy,loadtest3532@loadtest.example.com,9000003532,ai-ml,Load Test 5K,Chennai,Umbrella
Nisha Reddy,loadtest3533@loadtest.example.com,9000003533,,Load Test 5K,Delhi,Stark Industries
Sanjay Reddy,loadtest3534@loadtest.example.com,9000003534,agentic-ai,Load Test 5K,Kolkata,Wayne Enterprises
Kavya Gupta,loadtest3535@loadtest.example.com,9000003535,ai-ml,Load Test 5K,Ahmedabad,Soylent
Manish Gupta,loadtest3536@loadtest.example.com,9000003536,,Load Test 5K,Hyderabad,Acme Corp
Ritu Gupta,loadtest3537@loadtest.example.com,9000003537,agentic-ai,Load Test 5K,Bengaluru,Globex
Vivek Gupta,loadtest3538@loadtest.example.com,9000003538,ai-ml,Load Test 5K,Mumbai,Initech
Shreya Gupta,loadtest3539@loadtest.example.com,9000003539,,Load Test 5K,Pune,Hooli
Aarav Gupta,loadtest3540@loadtest.example.com,9000003540,agentic-ai,Load Test 5K,Chennai,Umbrella
Priya Gupta,loadtest3541@loadtest.example.com,9000003541,ai-ml,Load Test 5K,Delhi,Stark Industries
Rohan Patel,loadtest3542@loadtest.example.com,9000003542,,Load Test 5K,Kolkata,Wayne Enterprises
Meera Patel,loadtest3543@loadtest.example.com,9000003543,agentic-ai,Load Test 5K,Ahmedabad,Soylent
Vikram Patel,loadtest3544@loadtest.example.com,9000003544,ai-ml,Load Test 5K,Hyderabad,Acme Corp
Ananya Patel,loadtest3545@loadtest.example.com,9000003545,,Load Test 5K,Bengaluru,Globex
Karthik Patel,loadtest3546@loadtest.example.com,9000003546,agentic-ai,Load Test 5K,Mumbai,Initech
Sneha Patel,loadtest3547@loadtest.example.com,9000003547,ai-ml,Load Test 5K,Pune,Hooli
Arjun Patel,loadtest3548@loadtest.example.com,9000003548,,Load Test 5K,Chennai,Umbrella
Divya Rao,loadtest3549@loadtest.example.com,9000003549,agentic-ai,Load Test 5K,Delhi,Stark Industries
Rahul Rao,loadtest3550@loadtest.example.com,9000003550,ai-ml,Load Test 5K,Kolkata,Wayne Enterprises
Pooja Rao,loadtest3551@loadtest.example.com,9000003551,,Load Test 5K,Ahmedabad,Soylent
Aditya Rao,loadtest3552@loadtest.example.com,9000003552,agentic-ai,Load Test 5K,Hyderabad,Acme Corp
Nisha Rao,loadtest3553@loadtest.example.com,9000003553,ai-ml,Load Test 5K,Bengaluru,Globex
Sanjay Rao,loadtest3554@loadtest.example.com,9000003554,,Load Test 5K,Mumbai,Initech
Kavya Rao,loadtest3555@loadtest.example.com,9000003555,agentic-ai,Load Test 5K,Pune,Hooli
Manish Singh,loadtest3556@loadtest.example.com,9000003556,ai-ml,Load Test 5K,Chennai,Umbrella
Ritu Singh,loadtest3557@loadtest.example.com,9000003557,,Load Test 5K,Delhi,Stark Industries
Vivek Singh,loadtest3558@loadtest.example.com,9000003558,agentic-ai,Load Test 5K,Kolkata,Wayne Enterprises
Shreya Singh,loadtest3559@loadtest.example.com,9000003559,ai-ml,Load Test 5K,Ahmedabad,Soylent
Aarav Singh,loadtest3560@loadtest.example.com,9000003560,,Load Test 5K,Hyderabad,Acme Corp
Priya Singh,loadtest3561@loadtest.example.com,9000003561,agentic-ai,Load Test 5K,Bengaluru,Globex
Rohan Singh,loadtest3562@loadtest.example.com,9000003562,ai-ml,Load Test 5K,Mumbai,Initech
Meera Joshi,loadtest3563@loadtest.example.com,9000003563,,Load Test 5K,Pune,Hooli
Vikram Joshi,loadtest3564@loadtest.example.com,9000003564,agentic-ai,Load Test 5K,Chennai,Umbrella
Ananya Joshi,loadtest3565@loadtest.example.com,9000003565,ai-ml,Load Test 5K,Delhi,Stark Industries
Karthik Joshi,loadtest3566@loadtest.example.com,9000003566,,Load Test 5K,Kolkata,Wayne Enterprises
Sneha Joshi,loadtest3567@loadtest.example.com,9000003567,agentic-ai,Load Test 5K,Ahmedabad,Soylent
Arjun Joshi,loadtest3568@loadtest.example.com,9000003568,ai-ml,Load Test 5K,Hyderabad,Acme Corp
Divya Joshi,loadtest3569@loadtest.example.com,9000003569,,Load Test 5K,Bengaluru,Globex
Rahul Kumar,loadtest3570@loadtest.example.com,9000003570,agentic-ai,Load Test 5K,Mumbai,Initech
Pooja Kumar,loadtest3571@loadtest.example.com,9000003571,ai-ml,Load Test 5K,Pune,Hooli
Aditya Kumar,loadtest3572@loadtest.example.com,9000003572,,Load Test 5K,Chennai,Umbrella
Nisha Kumar,loadtest3573@loadtest.example.com,9000003573,agentic-ai,Load Test 5K,Delhi,Stark Industries
Sanjay Kumar,loadtest3574@loadtest.example.com,9000003574,ai-ml,Load Test 5K,Kolkata,Wayne Enterprises
Kavya Kumar,loadtest3575@loadtest.example.com,9000003575,,Load Test 5K,Ahmedabad,Soylent
Manish Kumar,loadtest3576@loadtest.example.com,9000003576,agentic-ai,Load Test 5K,Hyderabad,Acme Corp
Ritu Desai,loadtest3577@loadtest.example.com,9000003577,ai-ml,Load Test 5K,Bengaluru,Globex
Vivek Desai,loadtest3578@loadtest.example.com,9000003578,,Load Test 5K,Mumbai,Initech
Shreya Desai,loadtest3579@loadtest.example.com,9000003579,agentic-ai,Load Test 5K,Pune,Hooli
Aarav Desai,loadtest3580@loadtest.example.com,9000003580,ai-ml,Load Test 5K,Chennai,Umbrella
Priya Desai,loadtest3581@loadtest.example.com,9000003581,,Load Test 5K,Delhi,Stark Industries
Rohan Desai,loadtest3582@loadtest.example.com,9000003582,agentic-ai,Load Test 5K,Kolkata,Wayne Enterprises
Meera Desai,loadtest3583@loadtest.example.com,9000003583,ai-ml,Load Test 5K,Ahmedabad,Soylent
Vikram Pillai,loadtest3584@loadtest.example.com,9000003584,,Load Test 5K,Hyderabad,Acme Corp
Ananya Pillai,loadtest3585@loadtest.example.com,9000003585,agentic-ai,Load Test 5K,Bengaluru,Globex
Karthik Pillai,loadtest3586@loadtest.example.com,9000003586,ai-ml,Load Test 5K,Mumbai,Initech
Sneha Pillai,loadtest3587@loadtest.example.com,9000003587,,Load Test 5K,Pune,Hooli
Arjun Pillai,loadtest3588@loadtest.example.com,9000003588,agentic-ai,Load Test 5K,Chennai,Umbrella
Divya Pillai,loadtest3589@loadtest.example.com,9000003589,ai-ml,Load Test 5K,Delhi,Stark Industries
Rahul Pillai,loadtest3590@loadtest.example.com,9000003590,,Load Test 5K,Kolkata,Wayne Enterprises
Pooja Bose,loadtest3591@loadtest.example.com,9000003591,agentic-ai,Load Test 5K,Ahmedabad,Soylent
Aditya Bose,loadtest3592@loadtest.example.com,9000003592,ai-ml,Load Test 5K,Hyderabad,Acme Corp
Nisha Bose,loadtest3593@loadtest.example.com,9000003593,,Load Test 5K,Bengaluru,Globex
Sanjay Bose,loadtest3594@loadtest.example.com,9000003594,agentic-ai,Load Test 5K,Mumbai,Initech
Kavya Bose,loadtest3595@loadtest.example.com,9000003595,ai-ml,Load Test 5K,Pune,Hooli
Manish Bose,loadtest3596@loadtest.example.com,9000003596,,Load Test 5K,Chennai,Umbrella
Ritu Bose,loadtest3597@loadtest.example.com,9000003597,agentic-ai,Load Test 5K,Delhi,Stark Industries
Vivek Menon,loadtest3598@loadtest.example.com,9000003598,ai-ml,Load Test 5K,Kolkata,Wayne Enterprises
Shreya Menon,loadtest3599@loadtest.example.com,9000003599,,Load Test 5K,Ahmedabad,Soylent
Aarav Menon,loadtest3600@loadtest.example.com,9000003600,agentic-ai,Load Test 5K,Hyderabad,Acme Corp
Priya Menon,loadtest3601@loadtest.example.com,9000003601,ai-ml,Load Test 5K,Bengaluru,Globex
Rohan Menon,loadtest3602@loadtest.example.com,9000003602,,Load Test 5K,Mumbai,Initech
Meera Menon,loadtest3603@loadtest.example.com,9000003603,agentic-ai,Load Test 5K,Pune,Hooli
Vikram Menon,loadtest3604@loadtest.example.com,9000003604,ai-ml,Load Test 5K,Chennai,Umbrella
Ananya Chopra,loadtest3605@loadtest.example.com,9000003605,,Load Test 5K,Delhi,Stark Industries
Karthik Chopra,loadtest3606@loadtest.example.com,9000003606,agentic-ai,Load Test 5K,Kolkata,Wayne Enterprises
Sneha Chopra,loadtest3607@loadtest.example.com,9000003607,ai-ml,Load Test 5K,Ahmedabad,Soylent
Arjun Chopra,loadtest3608@loadtest.example.com,9000003608,,Load Test 5K,Hyderabad,Acme Corp
Divya Chopra,loadtest3609@loadtest.example.com,9000003609,agentic-ai,Load Test 5K,Bengaluru,Globex
Rahul Chopra,loadtest3610@loadtest.example.com,9000003610,ai-ml,Load Test 5K,Mumbai,Initech
Pooja Chopra,loadtest3611@loadtest.example.com,9000003611,,Load Test 5K,Pune,Hooli
Aditya Verma,loadtest3612@loadtest.example.com,9000003612,agentic-ai,Load Test 5K,Chennai,Umbrella
Nisha Verma,loadtest3613@loadtest.example.com,9000003613,ai-ml,Load Test 5K,Delhi,Stark Industries
Sanjay Verma,loadtest3614@loadtest.example.com,9000003614,,Load Test 5K,Kolkata,Wayne Enterprises
Kavya Verma,loadtest3615@loadtest.example.com,9000003615,agentic-ai,Load Test 5K,Ahmedabad,Soylent
Manish Verma,loadtest3616@loadtest.example.com,9000003616,ai-ml,Load Test 5K,Hyderabad,Acme Corp
Ritu Verma,loadtest3617@loadtest.example.com,9000003617,,Load Test 5K,Bengaluru,Globex
Vivek Verma,loadtest3618@loadtest.example.com,9000003618,agentic-ai,Load Test 5K,Mumbai,Initech
Shreya Shetty,loadtest3619@loadtest.example.com,9000003619,ai-ml,Load Test 5K,Pune,Hooli
Aarav Shetty,loadtest3620@loadtest.example.com,9000003620,,Load Test 5K,Chennai,Umbrella
Priya Shetty,loadtest3621@loadtest.example.com,9000003621,agentic-ai,Load Test 5K,Delhi,Stark Industries
Rohan Shetty,loadtest3622@loadtest.example.com,9000003622,ai-ml,Load Test 5K,Kolkata,Wayne Enterprises
Meera Shetty,loadtest3623@loadtest.example.com,9000003623,,Load Test 5K,Ahmedabad,Soylent
Vikram Shetty,loadtest3624@loadtest.example.com,9000003624,agentic-ai,Load Test 5K,Hyderabad,Acme Corp
Ananya Shetty,loadtest3625@loadtest.example.com,9000003625,ai-ml,Load Test 5K,Bengaluru,Globex
Karthik Banerjee,loadtest3626@loadtest.example.com,9000003626,,Load Test 5K,Mumbai,Initech
Sneha Banerjee,loadtest3627@loadtest.example.com,9000003627,agentic-ai,Load Test 5K,Pune,Hooli
Arjun Banerjee,loadtest3628@loadtest.example.com,9000003628,ai-ml,Load Test 5K,Chennai,Umbrella
Divya Banerjee,loadtest3629@loadtest.example.com,9000003629,,Load Test 5K,Delhi,Stark Industries
Rahul Banerjee,loadtest3630@loadtest.example.com,9000003630,agentic-ai,Load Test 5K,Kolkata,Wayne Enterprises
Pooja Banerjee,loadtest3631@loadtest.example.com,9000003631,ai-ml,Load Test 5K,Ahmedabad,Soylent
Aditya Banerjee,loadtest3632@loadtest.example.com,9000003632,,Load Test 5K,Hyderabad,Acme Corp
Nisha Kapoor,loadtest3633@loadtest.example.com,9000003633,agentic-ai,Load Test 5K,Bengaluru,Globex
Sanjay Kapoor,loadtest3634@loadtest.example.com,9000003634,ai-ml,Load Test 5K,Mumbai,Initech
Kavya Kapoor,loadtest3635@loadtest.example.com,9000003635,,Load Test 5K,Pune,Hooli
Manish Kapoor,loadtest3636@loadtest.example.com,9000003636,agentic-ai,Load Test 5K,Chennai,Umbrella
Ritu Kapoor,loadtest3637@loadtest.example.com,9000003637,ai-ml,Load Test 5K,Delhi,Stark Industries
Vivek Kapoor,loadtest3638@loadtest.example.com,9000003638,,Load Test 5K,Kolkata,Wayne Enterprises
Shreya Kapoor,loadtest3639@loadtest.example.com,9000003639,agentic-ai,Load Test 5K,Ahmedabad,Soylent
Aarav Sharma,loadtest3640@loadtest.example.com,9000003640,ai-ml,Load Test 5K,Hyderabad,Acme Corp
Priya Sharma,loadtest3641@loadtest.example.com,9000003641,,Load Test 5K,Bengaluru,Globex
Rohan Sharma,loadtest3642@loadtest.example.com,9000003642,agentic-ai,Load Test 5K,Mumbai,Initech
Meera Sharma,loadtest3643@loadtest.example.com,9000003643,ai-ml,Load Test 5K,Pune,Hooli
Vikram Sharma,loadtest3644@loadtest.example.com,9000003644,,Load Test 5K,Chennai,Umbrella
Ananya Sharma,loadtest3645@loadtest.example.com,9000003645,agentic-ai,Load Test 5K,Delhi,Stark Industries
Karthik Sharma,loadtest3646@loadtest.example.com,9000003646,ai-ml,Load Test 5K,Kolkata,Wayne Enterprises
Sneha Nair,loadtest3647@loadtest.example.com,9000003647,,Load Test 5K,Ahmedabad,Soylent
Arjun Nair,loadtest3648@loadtest.example.com,9000003648,agentic-ai,Load Test 5K,Hyderabad,Acme Corp
Divya Nair,loadtest3649@loadtest.example.com,9000003649,ai-ml,Load Test 5K,Bengaluru,Globex
Rahul Nair,loadtest3650@loadtest.example.com,9000003650,,Load Test 5K,Mumbai,Initech
Pooja Nair,loadtest3651@loadtest.example.com,9000003651,agentic-ai,Load Test 5K,Pune,Hooli
Aditya Nair,loadtest3652@loadtest.example.com,9000003652,ai-ml,Load Test 5K,Chennai,Umbrella
Nisha Nair,loadtest3653@loadtest.example.com,9000003653,,Load Test 5K,Delhi,Stark Industries
Sanjay Mehta,loadtest3654@loadtest.example.com,9000003654,agentic-ai,Load Test 5K,Kolkata,Wayne Enterprises
Kavya Mehta,loadtest3655@loadtest.example.com,9000003655,ai-ml,Load Test 5K,Ahmedabad,Soylent
Manish Mehta,loadtest3656@loadtest.example.com,9000003656,,Load Test 5K,Hyderabad,Acme Corp
Ritu Mehta,loadtest3657@loadtest.example.com,9000003657,agentic-ai,Load Test 5K,Bengaluru,Globex
Vivek Mehta,loadtest3658@loadtest.example.com,9000003658,ai-ml,Load Test 5K,Mumbai,Initech
Shreya Mehta,loadtest3659@loadtest.example.com,9000003659,,Load Test 5K,Pune,Hooli
Aarav Mehta,loadtest3660@loadtest.example.com,9000003660,agentic-ai,Load Test 5K,Chennai,Umbrella
Priya Iyer,loadtest3661@loadtest.example.com,9000003661,ai-ml,Load Test 5K,Delhi,Stark Industries
Rohan Iyer,loadtest3662@loadtest.example.com,9000003662,,Load Test 5K,Kolkata,Wayne Enterprises
Meera Iyer,loadtest3663@loadtest.example.com,9000003663,agentic-ai,Load Test 5K,Ahmedabad,Soylent
Vikram Iyer,loadtest3664@loadtest.example.com,9000003664,ai-ml,Load Test 5K,Hyderabad,Acme Corp
Ananya Iyer,loadtest3665@loadtest.example.com,9000003665,,Load Test 5K,Bengaluru,Globex
Karthik Iyer,loadtest3666@loadtest.example.com,9000003666,agentic-ai,Load Test 5K,Mumbai,Initech
Sneha Iyer,loadtest3667@loadtest.example.com,9000003667,ai-ml,Load Test 5K,Pune,Hooli
Arjun Reddy,loadtest3668@loadtest.example.com,9000003668,,Load Test 5K,Chennai,Umbrella
Divya Reddy,loadtest3669@loadtest.example.com,9000003669,agentic-ai,Load Test 5K,Delhi,Stark Industries
Rahul Reddy,loadtest3670@loadtest.example.com,9000003670,ai-ml,Load Test 5K,Kolkata,Wayne Enterprises
Pooja Reddy,loadtest3671@loadtest.example.com,9000003671,,Load Test 5K,Ahmedabad,Soylent
Aditya Reddy,loadtest3672@loadtest.example.com,9000003672,agentic-ai,Load Test 5K,Hyderabad,Acme Corp
Nisha Reddy,loadtest3673@loadtest.example.com,9000003673,ai-ml,Load Test 5K,Bengaluru,Globex
Sanjay Reddy,loadtest3674@loadtest.example.com,9000003674,,Load Test 5K,Mumbai,Initech
Kavya Gupta,loadtest3675@loadtest.example.com,9000003675,agentic-ai,Load Test 5K,Pune,Hooli
Manish Gupta,loadtest3676@loadtest.example.com,9000003676,ai-ml,Load Test 5K,Chennai,Umbrella
Ritu Gupta,loadtest3677@loadtest.example.com,9000003677,,Load Test 5K,Delhi,Stark Industries
Vivek Gupta,loadtest3678@loadtest.example.com,9000003678,agentic-ai,Load Test 5K,Kolkata,Wayne Enterprises
Shreya Gupta,loadtest3679@loadtest.example.com,9000003679,ai-ml,Load Test 5K,Ahmedabad,Soylent
Aarav Gupta,loadtest3680@loadtest.example.com,9000003680,,Load Test 5K,Hyderabad,Acme Corp
Priya Gupta,loadtest3681@loadtest.example.com,9000003681,agentic-ai,Load Test 5K,Bengaluru,Globex
Rohan Patel,loadtest3682@loadtest.example.com,9000003682,ai-ml,Load Test 5K,Mumbai,Initech
Meera Patel,loadtest3683@loadtest.example.com,9000003683,,Load Test 5K,Pune,Hooli
Vikram Patel,loadtest3684@loadtest.example.com,9000003684,agentic-ai,Load Test 5K,Chennai,Umbrella
Ananya Patel,loadtest3685@loadtest.example.com,9000003685,ai-ml,Load Test 5K,Delhi,Stark Industries
Karthik Patel,loadtest3686@loadtest.example.com,9000003686,,Load Test 5K,Kolkata,Wayne Enterprises
Sneha Patel,loadtest3687@loadtest.example.com,9000003687,agentic-ai,Load Test 5K,Ahmedabad,Soylent
Arjun Patel,loadtest3688@loadtest.example.com,9000003688,ai-ml,Load Test 5K,Hyderabad,Acme Corp
Divya Rao,loadtest3689@loadtest.example.com,9000003689,,Load Test 5K,Bengaluru,Globex
Rahul Rao,loadtest3690@loadtest.example.com,9000003690,agentic-ai,Load Test 5K,Mumbai,Initech
Pooja Rao,loadtest3691@loadtest.example.com,9000003691,ai-ml,Load Test 5K,Pune,Hooli
Aditya Rao,loadtest3692@loadtest.example.com,9000003692,,Load Test 5K,Chennai,Umbrella
Nisha Rao,loadtest3693@loadtest.example.com,9000003693,agentic-ai,Load Test 5K,Delhi,Stark Industries
Sanjay Rao,loadtest3694@loadtest.example.com,9000003694,ai-ml,Load Test 5K,Kolkata,Wayne Enterprises
Kavya Rao,loadtest3695@loadtest.example.com,9000003695,,Load Test 5K,Ahmedabad,Soylent
Manish Singh,loadtest3696@loadtest.example.com,9000003696,agentic-ai,Load Test 5K,Hyderabad,Acme Corp
Ritu Singh,loadtest3697@loadtest.example.com,9000003697,ai-ml,Load Test 5K,Bengaluru,Globex
Vivek Singh,loadtest3698@loadtest.example.com,9000003698,,Load Test 5K,Mumbai,Initech
Shreya Singh,loadtest3699@loadtest.example.com,9000003699,agentic-ai,Load Test 5K,Pune,Hooli
Aarav Singh,loadtest3700@loadtest.example.com,9000003700,ai-ml,Load Test 5K,Chennai,Umbrella
Priya Singh,loadtest3701@loadtest.example.com,9000003701,,Load Test 5K,Delhi,Stark Industries
Rohan Singh,loadtest3702@loadtest.example.com,9000003702,agentic-ai,Load Test 5K,Kolkata,Wayne Enterprises
Meera Joshi,loadtest3703@loadtest.example.com,9000003703,ai-ml,Load Test 5K,Ahmedabad,Soylent
Vikram Joshi,loadtest3704@loadtest.example.com,9000003704,,Load Test 5K,Hyderabad,Acme Corp
Ananya Joshi,loadtest3705@loadtest.example.com,9000003705,agentic-ai,Load Test 5K,Bengaluru,Globex
Karthik Joshi,loadtest3706@loadtest.example.com,9000003706,ai-ml,Load Test 5K,Mumbai,Initech
Sneha Joshi,loadtest3707@loadtest.example.com,9000003707,,Load Test 5K,Pune,Hooli
Arjun Joshi,loadtest3708@loadtest.example.com,9000003708,agentic-ai,Load Test 5K,Chennai,Umbrella
Divya Joshi,loadtest3709@loadtest.example.com,9000003709,ai-ml,Load Test 5K,Delhi,Stark Industries
Rahul Kumar,loadtest3710@loadtest.example.com,9000003710,,Load Test 5K,Kolkata,Wayne Enterprises
Pooja Kumar,loadtest3711@loadtest.example.com,9000003711,agentic-ai,Load Test 5K,Ahmedabad,Soylent
Aditya Kumar,loadtest3712@loadtest.example.com,9000003712,ai-ml,Load Test 5K,Hyderabad,Acme Corp
Nisha Kumar,loadtest3713@loadtest.example.com,9000003713,,Load Test 5K,Bengaluru,Globex
Sanjay Kumar,loadtest3714@loadtest.example.com,9000003714,agentic-ai,Load Test 5K,Mumbai,Initech
Kavya Kumar,loadtest3715@loadtest.example.com,9000003715,ai-ml,Load Test 5K,Pune,Hooli
Manish Kumar,loadtest3716@loadtest.example.com,9000003716,,Load Test 5K,Chennai,Umbrella
Ritu Desai,loadtest3717@loadtest.example.com,9000003717,agentic-ai,Load Test 5K,Delhi,Stark Industries
Vivek Desai,loadtest3718@loadtest.example.com,9000003718,ai-ml,Load Test 5K,Kolkata,Wayne Enterprises
Shreya Desai,loadtest3719@loadtest.example.com,9000003719,,Load Test 5K,Ahmedabad,Soylent
Aarav Desai,loadtest3720@loadtest.example.com,9000003720,agentic-ai,Load Test 5K,Hyderabad,Acme Corp
Priya Desai,loadtest3721@loadtest.example.com,9000003721,ai-ml,Load Test 5K,Bengaluru,Globex
Rohan Desai,loadtest3722@loadtest.example.com,9000003722,,Load Test 5K,Mumbai,Initech
Meera Desai,loadtest3723@loadtest.example.com,9000003723,agentic-ai,Load Test 5K,Pune,Hooli
Vikram Pillai,loadtest3724@loadtest.example.com,9000003724,ai-ml,Load Test 5K,Chennai,Umbrella
Ananya Pillai,loadtest3725@loadtest.example.com,9000003725,,Load Test 5K,Delhi,Stark Industries
Karthik Pillai,loadtest3726@loadtest.example.com,9000003726,agentic-ai,Load Test 5K,Kolkata,Wayne Enterprises
Sneha Pillai,loadtest3727@loadtest.example.com,9000003727,ai-ml,Load Test 5K,Ahmedabad,Soylent
Arjun Pillai,loadtest3728@loadtest.example.com,9000003728,,Load Test 5K,Hyderabad,Acme Corp
Divya Pillai,loadtest3729@loadtest.example.com,9000003729,agentic-ai,Load Test 5K,Bengaluru,Globex
Rahul Pillai,loadtest3730@loadtest.example.com,9000003730,ai-ml,Load Test 5K,Mumbai,Initech
Pooja Bose,loadtest3731@loadtest.example.com,9000003731,,Load Test 5K,Pune,Hooli
Aditya Bose,loadtest3732@loadtest.example.com,9000003732,agentic-ai,Load Test 5K,Chennai,Umbrella
Nisha Bose,loadtest3733@loadtest.example.com,9000003733,ai-ml,Load Test 5K,Delhi,Stark Industries
Sanjay Bose,loadtest3734@loadtest.example.com,9000003734,,Load Test 5K,Kolkata,Wayne Enterprises
Kavya Bose,loadtest3735@loadtest.example.com,9000003735,agentic-ai,Load Test 5K,Ahmedabad,Soylent
Manish Bose,loadtest3736@loadtest.example.com,9000003736,ai-ml,Load Test 5K,Hyderabad,Acme Corp
Ritu Bose,loadtest3737@loadtest.example.com,9000003737,,Load Test 5K,Bengaluru,Globex
Vivek Menon,loadtest3738@loadtest.example.com,9000003738,agentic-ai,Load Test 5K,Mumbai,Initech
Shreya Menon,loadtest3739@loadtest.example.com,9000003739,ai-ml,Load Test 5K,Pune,Hooli
Aarav Menon,loadtest3740@loadtest.example.com,9000003740,,Load Test 5K,Chennai,Umbrella
Priya Menon,loadtest3741@loadtest.example.com,9000003741,agentic-ai,Load Test 5K,Delhi,Stark Industries
Rohan Menon,loadtest3742@loadtest.example.com,9000003742,ai-ml,Load Test 5K,Kolkata,Wayne Enterprises
Meera Menon,loadtest3743@loadtest.example.com,9000003743,,Load Test 5K,Ahmedabad,Soylent
Vikram Menon,loadtest3744@loadtest.example.com,9000003744,agentic-ai,Load Test 5K,Hyderabad,Acme Corp
Ananya Chopra,loadtest3745@loadtest.example.com,9000003745,ai-ml,Load Test 5K,Bengaluru,Globex
Karthik Chopra,loadtest3746@loadtest.example.com,9000003746,,Load Test 5K,Mumbai,Initech
Sneha Chopra,loadtest3747@loadtest.example.com,9000003747,agentic-ai,Load Test 5K,Pune,Hooli
Arjun Chopra,loadtest3748@loadtest.example.com,9000003748,ai-ml,Load Test 5K,Chennai,Umbrella
Divya Chopra,loadtest3749@loadtest.example.com,9000003749,,Load Test 5K,Delhi,Stark Industries
Rahul Chopra,loadtest3750@loadtest.example.com,9000003750,agentic-ai,Load Test 5K,Kolkata,Wayne Enterprises
Pooja Chopra,loadtest3751@loadtest.example.com,9000003751,ai-ml,Load Test 5K,Ahmedabad,Soylent
Aditya Verma,loadtest3752@loadtest.example.com,9000003752,,Load Test 5K,Hyderabad,Acme Corp
Nisha Verma,loadtest3753@loadtest.example.com,9000003753,agentic-ai,Load Test 5K,Bengaluru,Globex
Sanjay Verma,loadtest3754@loadtest.example.com,9000003754,ai-ml,Load Test 5K,Mumbai,Initech
Kavya Verma,loadtest3755@loadtest.example.com,9000003755,,Load Test 5K,Pune,Hooli
Manish Verma,loadtest3756@loadtest.example.com,9000003756,agentic-ai,Load Test 5K,Chennai,Umbrella
Ritu Verma,loadtest3757@loadtest.example.com,9000003757,ai-ml,Load Test 5K,Delhi,Stark Industries
Vivek Verma,loadtest3758@loadtest.example.com,9000003758,,Load Test 5K,Kolkata,Wayne Enterprises
Shreya Shetty,loadtest3759@loadtest.example.com,9000003759,agentic-ai,Load Test 5K,Ahmedabad,Soylent
Aarav Shetty,loadtest3760@loadtest.example.com,9000003760,ai-ml,Load Test 5K,Hyderabad,Acme Corp
Priya Shetty,loadtest3761@loadtest.example.com,9000003761,,Load Test 5K,Bengaluru,Globex
Rohan Shetty,loadtest3762@loadtest.example.com,9000003762,agentic-ai,Load Test 5K,Mumbai,Initech
Meera Shetty,loadtest3763@loadtest.example.com,9000003763,ai-ml,Load Test 5K,Pune,Hooli
Vikram Shetty,loadtest3764@loadtest.example.com,9000003764,,Load Test 5K,Chennai,Umbrella
Ananya Shetty,loadtest3765@loadtest.example.com,9000003765,agentic-ai,Load Test 5K,Delhi,Stark Industries
Karthik Banerjee,loadtest3766@loadtest.example.com,9000003766,ai-ml,Load Test 5K,Kolkata,Wayne Enterprises
Sneha Banerjee,loadtest3767@loadtest.example.com,9000003767,,Load Test 5K,Ahmedabad,Soylent
Arjun Banerjee,loadtest3768@loadtest.example.com,9000003768,agentic-ai,Load Test 5K,Hyderabad,Acme Corp
Divya Banerjee,loadtest3769@loadtest.example.com,9000003769,ai-ml,Load Test 5K,Bengaluru,Globex
Rahul Banerjee,loadtest3770@loadtest.example.com,9000003770,,Load Test 5K,Mumbai,Initech
Pooja Banerjee,loadtest3771@loadtest.example.com,9000003771,agentic-ai,Load Test 5K,Pune,Hooli
Aditya Banerjee,loadtest3772@loadtest.example.com,9000003772,ai-ml,Load Test 5K,Chennai,Umbrella
Nisha Kapoor,loadtest3773@loadtest.example.com,9000003773,,Load Test 5K,Delhi,Stark Industries
Sanjay Kapoor,loadtest3774@loadtest.example.com,9000003774,agentic-ai,Load Test 5K,Kolkata,Wayne Enterprises
Kavya Kapoor,loadtest3775@loadtest.example.com,9000003775,ai-ml,Load Test 5K,Ahmedabad,Soylent
Manish Kapoor,loadtest3776@loadtest.example.com,9000003776,,Load Test 5K,Hyderabad,Acme Corp
Ritu Kapoor,loadtest3777@loadtest.example.com,9000003777,agentic-ai,Load Test 5K,Bengaluru,Globex
Vivek Kapoor,loadtest3778@loadtest.example.com,9000003778,ai-ml,Load Test 5K,Mumbai,Initech
Shreya Kapoor,loadtest3779@loadtest.example.com,9000003779,,Load Test 5K,Pune,Hooli
Aarav Sharma,loadtest3780@loadtest.example.com,9000003780,agentic-ai,Load Test 5K,Chennai,Umbrella
Priya Sharma,loadtest3781@loadtest.example.com,9000003781,ai-ml,Load Test 5K,Delhi,Stark Industries
Rohan Sharma,loadtest3782@loadtest.example.com,9000003782,,Load Test 5K,Kolkata,Wayne Enterprises
Meera Sharma,loadtest3783@loadtest.example.com,9000003783,agentic-ai,Load Test 5K,Ahmedabad,Soylent
Vikram Sharma,loadtest3784@loadtest.example.com,9000003784,ai-ml,Load Test 5K,Hyderabad,Acme Corp
Ananya Sharma,loadtest3785@loadtest.example.com,9000003785,,Load Test 5K,Bengaluru,Globex
Karthik Sharma,loadtest3786@loadtest.example.com,9000003786,agentic-ai,Load Test 5K,Mumbai,Initech
Sneha Nair,loadtest3787@loadtest.example.com,9000003787,ai-ml,Load Test 5K,Pune,Hooli
Arjun Nair,loadtest3788@loadtest.example.com,9000003788,,Load Test 5K,Chennai,Umbrella
Divya Nair,loadtest3789@loadtest.example.com,9000003789,agentic-ai,Load Test 5K,Delhi,Stark Industries
Rahul Nair,loadtest3790@loadtest.example.com,9000003790,ai-ml,Load Test 5K,Kolkata,Wayne Enterprises
Pooja Nair,loadtest3791@loadtest.example.com,9000003791,,Load Test 5K,Ahmedabad,Soylent
Aditya Nair,loadtest3792@loadtest.example.com,9000003792,agentic-ai,Load Test 5K,Hyderabad,Acme Corp
Nisha Nair,loadtest3793@loadtest.example.com,9000003793,ai-ml,Load Test 5K,Bengaluru,Globex
Sanjay Mehta,loadtest3794@loadtest.example.com,9000003794,,Load Test 5K,Mumbai,Initech
Kavya Mehta,loadtest3795@loadtest.example.com,9000003795,agentic-ai,Load Test 5K,Pune,Hooli
Manish Mehta,loadtest3796@loadtest.example.com,9000003796,ai-ml,Load Test 5K,Chennai,Umbrella
Ritu Mehta,loadtest3797@loadtest.example.com,9000003797,,Load Test 5K,Delhi,Stark Industries
Vivek Mehta,loadtest3798@loadtest.example.com,9000003798,agentic-ai,Load Test 5K,Kolkata,Wayne Enterprises
Shreya Mehta,loadtest3799@loadtest.example.com,9000003799,ai-ml,Load Test 5K,Ahmedabad,Soylent
Aarav Mehta,loadtest3800@loadtest.example.com,9000003800,,Load Test 5K,Hyderabad,Acme Corp
Priya Iyer,loadtest3801@loadtest.example.com,9000003801,agentic-ai,Load Test 5K,Bengaluru,Globex
Rohan Iyer,loadtest3802@loadtest.example.com,9000003802,ai-ml,Load Test 5K,Mumbai,Initech
Meera Iyer,loadtest3803@loadtest.example.com,9000003803,,Load Test 5K,Pune,Hooli
Vikram Iyer,loadtest3804@loadtest.example.com,9000003804,agentic-ai,Load Test 5K,Chennai,Umbrella
Ananya Iyer,loadtest3805@loadtest.example.com,9000003805,ai-ml,Load Test 5K,Delhi,Stark Industries
Karthik Iyer,loadtest3806@loadtest.example.com,9000003806,,Load Test 5K,Kolkata,Wayne Enterprises
Sneha Iyer,loadtest3807@loadtest.example.com,9000003807,agentic-ai,Load Test 5K,Ahmedabad,Soylent
Arjun Reddy,loadtest3808@loadtest.example.com,9000003808,ai-ml,Load Test 5K,Hyderabad,Acme Corp
Divya Reddy,loadtest3809@loadtest.example.com,9000003809,,Load Test 5K,Bengaluru,Globex
Rahul Reddy,loadtest3810@loadtest.example.com,9000003810,agentic-ai,Load Test 5K,Mumbai,Initech
Pooja Reddy,loadtest3811@loadtest.example.com,9000003811,ai-ml,Load Test 5K,Pune,Hooli
Aditya Reddy,loadtest3812@loadtest.example.com,9000003812,,Load Test 5K,Chennai,Umbrella
Nisha Reddy,loadtest3813@loadtest.example.com,9000003813,agentic-ai,Load Test 5K,Delhi,Stark Industries
Sanjay Reddy,loadtest3814@loadtest.example.com,9000003814,ai-ml,Load Test 5K,Kolkata,Wayne Enterprises
Kavya Gupta,loadtest3815@loadtest.example.com,9000003815,,Load Test 5K,Ahmedabad,Soylent
Manish Gupta,loadtest3816@loadtest.example.com,9000003816,agentic-ai,Load Test 5K,Hyderabad,Acme Corp
Ritu Gupta,loadtest3817@loadtest.example.com,9000003817,ai-ml,Load Test 5K,Bengaluru,Globex
Vivek Gupta,loadtest3818@loadtest.example.com,9000003818,,Load Test 5K,Mumbai,Initech
Shreya Gupta,loadtest3819@loadtest.example.com,9000003819,agentic-ai,Load Test 5K,Pune,Hooli
Aarav Gupta,loadtest3820@loadtest.example.com,9000003820,ai-ml,Load Test 5K,Chennai,Umbrella
Priya Gupta,loadtest3821@loadtest.example.com,9000003821,,Load Test 5K,Delhi,Stark Industries
Rohan Patel,loadtest3822@loadtest.example.com,9000003822,agentic-ai,Load Test 5K,Kolkata,Wayne Enterprises
Meera Patel,loadtest3823@loadtest.example.com,9000003823,ai-ml,Load Test 5K,Ahmedabad,Soylent
Vikram Patel,loadtest3824@loadtest.example.com,9000003824,,Load Test 5K,Hyderabad,Acme Corp
Ananya Patel,loadtest3825@loadtest.example.com,9000003825,agentic-ai,Load Test 5K,Bengaluru,Globex
Karthik Patel,loadtest3826@loadtest.example.com,9000003826,ai-ml,Load Test 5K,Mumbai,Initech
Sneha Patel,loadtest3827@loadtest.example.com,9000003827,,Load Test 5K,Pune,Hooli
Arjun Patel,loadtest3828@loadtest.example.com,9000003828,agentic-ai,Load Test 5K,Chennai,Umbrella
Divya Rao,loadtest3829@loadtest.example.com,9000003829,ai-ml,Load Test 5K,Delhi,Stark Industries
Rahul Rao,loadtest3830@loadtest.example.com,9000003830,,Load Test 5K,Kolkata,Wayne Enterprises
Pooja Rao,loadtest3831@loadtest.example.com,9000003831,agentic-ai,Load Test 5K,Ahmedabad,Soylent
Aditya Rao,loadtest3832@loadtest.example.com,9000003832,ai-ml,Load Test 5K,Hyderabad,Acme Corp
Nisha Rao,loadtest3833@loadtest.example.com,9000003833,,Load Test 5K,Bengaluru,Globex
Sanjay Rao,loadtest3834@loadtest.example.com,9000003834,agentic-ai,Load Test 5K,Mumbai,Initech
Kavya Rao,loadtest3835@loadtest.example.com,9000003835,ai-ml,Load Test 5K,Pune,Hooli
Manish Singh,loadtest3836@loadtest.example.com,9000003836,,Load Test 5K,Chennai,Umbrella
Ritu Singh,loadtest3837@loadtest.example.com,9000003837,agentic-ai,Load Test 5K,Delhi,Stark Industries
Vivek Singh,loadtest3838@loadtest.example.com,9000003838,ai-ml,Load Test 5K,Kolkata,Wayne Enterprises
Shreya Singh,loadtest3839@loadtest.example.com,9000003839,,Load Test 5K,Ahmedabad,Soylent
Aarav Singh,loadtest3840@loadtest.example.com,9000003840,agentic-ai,Load Test 5K,Hyderabad,Acme Corp
Priya Singh,loadtest3841@loadtest.example.com,9000003841,ai-ml,Load Test 5K,Bengaluru,Globex
Rohan Singh,loadtest3842@loadtest.example.com,9000003842,,Load Test 5K,Mumbai,Initech
Meera Joshi,loadtest3843@loadtest.example.com,9000003843,agentic-ai,Load Test 5K,Pune,Hooli
Vikram Joshi,loadtest3844@loadtest.example.com,9000003844,ai-ml,Load Test 5K,Chennai,Umbrella
Ananya Joshi,loadtest3845@loadtest.example.com,9000003845,,Load Test 5K,Delhi,Stark Industries
Karthik Joshi,loadtest3846@loadtest.example.com,9000003846,agentic-ai,Load Test 5K,Kolkata,Wayne Enterprises
Sneha Joshi,loadtest3847@loadtest.example.com,9000003847,ai-ml,Load Test 5K,Ahmedabad,Soylent
Arjun Joshi,loadtest3848@loadtest.example.com,9000003848,,Load Test 5K,Hyderabad,Acme Corp
Divya Joshi,loadtest3849@loadtest.example.com,9000003849,agentic-ai,Load Test 5K,Bengaluru,Globex
Rahul Kumar,loadtest3850@loadtest.example.com,9000003850,ai-ml,Load Test 5K,Mumbai,Initech
Pooja Kumar,loadtest3851@loadtest.example.com,9000003851,,Load Test 5K,Pune,Hooli
Aditya Kumar,loadtest3852@loadtest.example.com,9000003852,agentic-ai,Load Test 5K,Chennai,Umbrella
Nisha Kumar,loadtest3853@loadtest.example.com,9000003853,ai-ml,Load Test 5K,Delhi,Stark Industries
Sanjay Kumar,loadtest3854@loadtest.example.com,9000003854,,Load Test 5K,Kolkata,Wayne Enterprises
Kavya Kumar,loadtest3855@loadtest.example.com,9000003855,agentic-ai,Load Test 5K,Ahmedabad,Soylent
Manish Kumar,loadtest3856@loadtest.example.com,9000003856,ai-ml,Load Test 5K,Hyderabad,Acme Corp
Ritu Desai,loadtest3857@loadtest.example.com,9000003857,,Load Test 5K,Bengaluru,Globex
Vivek Desai,loadtest3858@loadtest.example.com,9000003858,agentic-ai,Load Test 5K,Mumbai,Initech
Shreya Desai,loadtest3859@loadtest.example.com,9000003859,ai-ml,Load Test 5K,Pune,Hooli
Aarav Desai,loadtest3860@loadtest.example.com,9000003860,,Load Test 5K,Chennai,Umbrella
Priya Desai,loadtest3861@loadtest.example.com,9000003861,agentic-ai,Load Test 5K,Delhi,Stark Industries
Rohan Desai,loadtest3862@loadtest.example.com,9000003862,ai-ml,Load Test 5K,Kolkata,Wayne Enterprises
Meera Desai,loadtest3863@loadtest.example.com,9000003863,,Load Test 5K,Ahmedabad,Soylent
Vikram Pillai,loadtest3864@loadtest.example.com,9000003864,agentic-ai,Load Test 5K,Hyderabad,Acme Corp
Ananya Pillai,loadtest3865@loadtest.example.com,9000003865,ai-ml,Load Test 5K,Bengaluru,Globex
Karthik Pillai,loadtest3866@loadtest.example.com,9000003866,,Load Test 5K,Mumbai,Initech
Sneha Pillai,loadtest3867@loadtest.example.com,9000003867,agentic-ai,Load Test 5K,Pune,Hooli
Arjun Pillai,loadtest3868@loadtest.example.com,9000003868,ai-ml,Load Test 5K,Chennai,Umbrella
Divya Pillai,loadtest3869@loadtest.example.com,9000003869,,Load Test 5K,Delhi,Stark Industries
Rahul Pillai,loadtest3870@loadtest.example.com,9000003870,agentic-ai,Load Test 5K,Kolkata,Wayne Enterprises
Pooja Bose,loadtest3871@loadtest.example.com,9000003871,ai-ml,Load Test 5K,Ahmedabad,Soylent
Aditya Bose,loadtest3872@loadtest.example.com,9000003872,,Load Test 5K,Hyderabad,Acme Corp
Nisha Bose,loadtest3873@loadtest.example.com,9000003873,agentic-ai,Load Test 5K,Bengaluru,Globex
Sanjay Bose,loadtest3874@loadtest.example.com,9000003874,ai-ml,Load Test 5K,Mumbai,Initech
Kavya Bose,loadtest3875@loadtest.example.com,9000003875,,Load Test 5K,Pune,Hooli
Manish Bose,loadtest3876@loadtest.example.com,9000003876,agentic-ai,Load Test 5K,Chennai,Umbrella
Ritu Bose,loadtest3877@loadtest.example.com,9000003877,ai-ml,Load Test 5K,Delhi,Stark Industries
Vivek Menon,loadtest3878@loadtest.example.com,9000003878,,Load Test 5K,Kolkata,Wayne Enterprises
Shreya Menon,loadtest3879@loadtest.example.com,9000003879,agentic-ai,Load Test 5K,Ahmedabad,Soylent
Aarav Menon,loadtest3880@loadtest.example.com,9000003880,ai-ml,Load Test 5K,Hyderabad,Acme Corp
Priya Menon,loadtest3881@loadtest.example.com,9000003881,,Load Test 5K,Bengaluru,Globex
Rohan Menon,loadtest3882@loadtest.example.com,9000003882,agentic-ai,Load Test 5K,Mumbai,Initech
Meera Menon,loadtest3883@loadtest.example.com,9000003883,ai-ml,Load Test 5K,Pune,Hooli
Vikram Menon,loadtest3884@loadtest.example.com,9000003884,,Load Test 5K,Chennai,Umbrella
Ananya Chopra,loadtest3885@loadtest.example.com,9000003885,agentic-ai,Load Test 5K,Delhi,Stark Industries
Karthik Chopra,loadtest3886@loadtest.example.com,9000003886,ai-ml,Load Test 5K,Kolkata,Wayne Enterprises
Sneha Chopra,loadtest3887@loadtest.example.com,9000003887,,Load Test 5K,Ahmedabad,Soylent
Arjun Chopra,loadtest3888@loadtest.example.com,9000003888,agentic-ai,Load Test 5K,Hyderabad,Acme Corp
Divya Chopra,loadtest3889@loadtest.example.com,9000003889,ai-ml,Load Test 5K,Bengaluru,Globex
Rahul Chopra,loadtest3890@loadtest.example.com,9000003890,,Load Test 5K,Mumbai,Initech
Pooja Chopra,loadtest3891@loadtest.example.com,9000003891,agentic-ai,Load Test 5K,Pune,Hooli
Aditya Verma,loadtest3892@loadtest.example.com,9000003892,ai-ml,Load Test 5K,Chennai,Umbrella
Nisha Verma,loadtest3893@loadtest.example.com,9000003893,,Load Test 5K,Delhi,Stark Industries
Sanjay Verma,loadtest3894@loadtest.example.com,9000003894,agentic-ai,Load Test 5K,Kolkata,Wayne Enterprises
Kavya Verma,loadtest3895@loadtest.example.com,9000003895,ai-ml,Load Test 5K,Ahmedabad,Soylent
Manish Verma,loadtest3896@loadtest.example.com,9000003896,,Load Test 5K,Hyderabad,Acme Corp
Ritu Verma,loadtest3897@loadtest.example.com,9000003897,agentic-ai,Load Test 5K,Bengaluru,Globex
Vivek Verma,loadtest3898@loadtest.example.com,9000003898,ai-ml,Load Test 5K,Mumbai,Initech
Shreya Shetty,loadtest3899@loadtest.example.com,9000003899,,Load Test 5K,Pune,Hooli
Aarav Shetty,loadtest3900@loadtest.example.com,9000003900,agentic-ai,Load Test 5K,Chennai,Umbrella
Priya Shetty,loadtest3901@loadtest.example.com,9000003901,ai-ml,Load Test 5K,Delhi,Stark Industries
Rohan Shetty,loadtest3902@loadtest.example.com,9000003902,,Load Test 5K,Kolkata,Wayne Enterprises
Meera Shetty,loadtest3903@loadtest.example.com,9000003903,agentic-ai,Load Test 5K,Ahmedabad,Soylent
Vikram Shetty,loadtest3904@loadtest.example.com,9000003904,ai-ml,Load Test 5K,Hyderabad,Acme Corp
Ananya Shetty,loadtest3905@loadtest.example.com,9000003905,,Load Test 5K,Bengaluru,Globex
Karthik Banerjee,loadtest3906@loadtest.example.com,9000003906,agentic-ai,Load Test 5K,Mumbai,Initech
Sneha Banerjee,loadtest3907@loadtest.example.com,9000003907,ai-ml,Load Test 5K,Pune,Hooli
Arjun Banerjee,loadtest3908@loadtest.example.com,9000003908,,Load Test 5K,Chennai,Umbrella
Divya Banerjee,loadtest3909@loadtest.example.com,9000003909,agentic-ai,Load Test 5K,Delhi,Stark Industries
Rahul Banerjee,loadtest3910@loadtest.example.com,9000003910,ai-ml,Load Test 5K,Kolkata,Wayne Enterprises
Pooja Banerjee,loadtest3911@loadtest.example.com,9000003911,,Load Test 5K,Ahmedabad,Soylent
Aditya Banerjee,loadtest3912@loadtest.example.com,9000003912,agentic-ai,Load Test 5K,Hyderabad,Acme Corp
Nisha Kapoor,loadtest3913@loadtest.example.com,9000003913,ai-ml,Load Test 5K,Bengaluru,Globex
Sanjay Kapoor,loadtest3914@loadtest.example.com,9000003914,,Load Test 5K,Mumbai,Initech
Kavya Kapoor,loadtest3915@loadtest.example.com,9000003915,agentic-ai,Load Test 5K,Pune,Hooli
Manish Kapoor,loadtest3916@loadtest.example.com,9000003916,ai-ml,Load Test 5K,Chennai,Umbrella
Ritu Kapoor,loadtest3917@loadtest.example.com,9000003917,,Load Test 5K,Delhi,Stark Industries
Vivek Kapoor,loadtest3918@loadtest.example.com,9000003918,agentic-ai,Load Test 5K,Kolkata,Wayne Enterprises
Shreya Kapoor,loadtest3919@loadtest.example.com,9000003919,ai-ml,Load Test 5K,Ahmedabad,Soylent
Aarav Sharma,loadtest3920@loadtest.example.com,9000003920,,Load Test 5K,Hyderabad,Acme Corp
Priya Sharma,loadtest3921@loadtest.example.com,9000003921,agentic-ai,Load Test 5K,Bengaluru,Globex
Rohan Sharma,loadtest3922@loadtest.example.com,9000003922,ai-ml,Load Test 5K,Mumbai,Initech
Meera Sharma,loadtest3923@loadtest.example.com,9000003923,,Load Test 5K,Pune,Hooli
Vikram Sharma,loadtest3924@loadtest.example.com,9000003924,agentic-ai,Load Test 5K,Chennai,Umbrella
Ananya Sharma,loadtest3925@loadtest.example.com,9000003925,ai-ml,Load Test 5K,Delhi,Stark Industries
Karthik Sharma,loadtest3926@loadtest.example.com,9000003926,,Load Test 5K,Kolkata,Wayne Enterprises
Sneha Nair,loadtest3927@loadtest.example.com,9000003927,agentic-ai,Load Test 5K,Ahmedabad,Soylent
Arjun Nair,loadtest3928@loadtest.example.com,9000003928,ai-ml,Load Test 5K,Hyderabad,Acme Corp
Divya Nair,loadtest3929@loadtest.example.com,9000003929,,Load Test 5K,Bengaluru,Globex
Rahul Nair,loadtest3930@loadtest.example.com,9000003930,agentic-ai,Load Test 5K,Mumbai,Initech
Pooja Nair,loadtest3931@loadtest.example.com,9000003931,ai-ml,Load Test 5K,Pune,Hooli
Aditya Nair,loadtest3932@loadtest.example.com,9000003932,,Load Test 5K,Chennai,Umbrella
Nisha Nair,loadtest3933@loadtest.example.com,9000003933,agentic-ai,Load Test 5K,Delhi,Stark Industries
Sanjay Mehta,loadtest3934@loadtest.example.com,9000003934,ai-ml,Load Test 5K,Kolkata,Wayne Enterprises
Kavya Mehta,loadtest3935@loadtest.example.com,9000003935,,Load Test 5K,Ahmedabad,Soylent
Manish Mehta,loadtest3936@loadtest.example.com,9000003936,agentic-ai,Load Test 5K,Hyderabad,Acme Corp
Ritu Mehta,loadtest3937@loadtest.example.com,9000003937,ai-ml,Load Test 5K,Bengaluru,Globex
Vivek Mehta,loadtest3938@loadtest.example.com,9000003938,,Load Test 5K,Mumbai,Initech
Shreya Mehta,loadtest3939@loadtest.example.com,9000003939,agentic-ai,Load Test 5K,Pune,Hooli
Aarav Mehta,loadtest3940@loadtest.example.com,9000003940,ai-ml,Load Test 5K,Chennai,Umbrella
Priya Iyer,loadtest3941@loadtest.example.com,9000003941,,Load Test 5K,Delhi,Stark Industries
Rohan Iyer,loadtest3942@loadtest.example.com,9000003942,agentic-ai,Load Test 5K,Kolkata,Wayne Enterprises
Meera Iyer,loadtest3943@loadtest.example.com,9000003943,ai-ml,Load Test 5K,Ahmedabad,Soylent
Vikram Iyer,loadtest3944@loadtest.example.com,9000003944,,Load Test 5K,Hyderabad,Acme Corp
Ananya Iyer,loadtest3945@loadtest.example.com,9000003945,agentic-ai,Load Test 5K,Bengaluru,Globex
Karthik Iyer,loadtest3946@loadtest.example.com,9000003946,ai-ml,Load Test 5K,Mumbai,Initech
Sneha Iyer,loadtest3947@loadtest.example.com,9000003947,,Load Test 5K,Pune,Hooli
Arjun Reddy,loadtest3948@loadtest.example.com,9000003948,agentic-ai,Load Test 5K,Chennai,Umbrella
Divya Reddy,loadtest3949@loadtest.example.com,9000003949,ai-ml,Load Test 5K,Delhi,Stark Industries
Rahul Reddy,loadtest3950@loadtest.example.com,9000003950,,Load Test 5K,Kolkata,Wayne Enterprises
Pooja Reddy,loadtest3951@loadtest.example.com,9000003951,agentic-ai,Load Test 5K,Ahmedabad,Soylent
Aditya Reddy,loadtest3952@loadtest.example.com,9000003952,ai-ml,Load Test 5K,Hyderabad,Acme Corp
Nisha Reddy,loadtest3953@loadtest.example.com,9000003953,,Load Test 5K,Bengaluru,Globex
Sanjay Reddy,loadtest3954@loadtest.example.com,9000003954,agentic-ai,Load Test 5K,Mumbai,Initech
Kavya Gupta,loadtest3955@loadtest.example.com,9000003955,ai-ml,Load Test 5K,Pune,Hooli
Manish Gupta,loadtest3956@loadtest.example.com,9000003956,,Load Test 5K,Chennai,Umbrella
Ritu Gupta,loadtest3957@loadtest.example.com,9000003957,agentic-ai,Load Test 5K,Delhi,Stark Industries
Vivek Gupta,loadtest3958@loadtest.example.com,9000003958,ai-ml,Load Test 5K,Kolkata,Wayne Enterprises
Shreya Gupta,loadtest3959@loadtest.example.com,9000003959,,Load Test 5K,Ahmedabad,Soylent
Aarav Gupta,loadtest3960@loadtest.example.com,9000003960,agentic-ai,Load Test 5K,Hyderabad,Acme Corp
Priya Gupta,loadtest3961@loadtest.example.com,9000003961,ai-ml,Load Test 5K,Bengaluru,Globex
Rohan Patel,loadtest3962@loadtest.example.com,9000003962,,Load Test 5K,Mumbai,Initech
Meera Patel,loadtest3963@loadtest.example.com,9000003963,agentic-ai,Load Test 5K,Pune,Hooli
Vikram Patel,loadtest3964@loadtest.example.com,9000003964,ai-ml,Load Test 5K,Chennai,Umbrella
Ananya Patel,loadtest3965@loadtest.example.com,9000003965,,Load Test 5K,Delhi,Stark Industries
Karthik Patel,loadtest3966@loadtest.example.com,9000003966,agentic-ai,Load Test 5K,Kolkata,Wayne Enterprises
Sneha Patel,loadtest3967@loadtest.example.com,9000003967,ai-ml,Load Test 5K,Ahmedabad,Soylent
Arjun Patel,loadtest3968@loadtest.example.com,9000003968,,Load Test 5K,Hyderabad,Acme Corp
Divya Rao,loadtest3969@loadtest.example.com,9000003969,agentic-ai,Load Test 5K,Bengaluru,Globex
Rahul Rao,loadtest3970@loadtest.example.com,9000003970,ai-ml,Load Test 5K,Mumbai,Initech
Pooja Rao,loadtest3971@loadtest.example.com,9000003971,,Load Test 5K,Pune,Hooli
Aditya Rao,loadtest3972@loadtest.example.com,9000003972,agentic-ai,Load Test 5K,Chennai,Umbrella
Nisha Rao,loadtest3973@loadtest.example.com,9000003973,ai-ml,Load Test 5K,Delhi,Stark Industries
Sanjay Rao,loadtest3974@loadtest.example.com,9000003974,,Load Test 5K,Kolkata,Wayne Enterprises
Kavya Rao,loadtest3975@loadtest.example.com,9000003975,agentic-ai,Load Test 5K,Ahmedabad,Soylent
Manish Singh,loadtest3976@loadtest.example.com,9000003976,ai-ml,Load Test 5K,Hyderabad,Acme Corp
Ritu Singh,loadtest3977@loadtest.example.com,9000003977,,Load Test 5K,Bengaluru,Globex
Vivek Singh,loadtest3978@loadtest.example.com,9000003978,agentic-ai,Load Test 5K,Mumbai,Initech
Shreya Singh,loadtest3979@loadtest.example.com,9000003979,ai-ml,Load Test 5K,Pune,Hooli
Aarav Singh,loadtest3980@loadtest.example.com,9000003980,,Load Test 5K,Chennai,Umbrella
Priya Singh,loadtest3981@loadtest.example.com,9000003981,agentic-ai,Load Test 5K,Delhi,Stark Industries
Rohan Singh,loadtest3982@loadtest.example.com,9000003982,ai-ml,Load Test 5K,Kolkata,Wayne Enterprises
Meera Joshi,loadtest3983@loadtest.example.com,9000003983,,Load Test 5K,Ahmedabad,Soylent
Vikram Joshi,loadtest3984@loadtest.example.com,9000003984,agentic-ai,Load Test 5K,Hyderabad,Acme Corp
Ananya Joshi,loadtest3985@loadtest.example.com,9000003985,ai-ml,Load Test 5K,Bengaluru,Globex
Karthik Joshi,loadtest3986@loadtest.example.com,9000003986,,Load Test 5K,Mumbai,Initech
Sneha Joshi,loadtest3987@loadtest.example.com,9000003987,agentic-ai,Load Test 5K,Pune,Hooli
Arjun Joshi,loadtest3988@loadtest.example.com,9000003988,ai-ml,Load Test 5K,Chennai,Umbrella
Divya Joshi,loadtest3989@loadtest.example.com,9000003989,,Load Test 5K,Delhi,Stark Industries
Rahul Kumar,loadtest3990@loadtest.example.com,9000003990,agentic-ai,Load Test 5K,Kolkata,Wayne Enterprises
Pooja Kumar,loadtest3991@loadtest.example.com,9000003991,ai-ml,Load Test 5K,Ahmedabad,Soylent
Aditya Kumar,loadtest3992@loadtest.example.com,9000003992,,Load Test 5K,Hyderabad,Acme Corp
Nisha Kumar,loadtest3993@loadtest.example.com,9000003993,agentic-ai,Load Test 5K,Bengaluru,Globex
Sanjay Kumar,loadtest3994@loadtest.example.com,9000003994,ai-ml,Load Test 5K,Mumbai,Initech
Kavya Kumar,loadtest3995@loadtest.example.com,9000003995,,Load Test 5K,Pune,Hooli
Manish Kumar,loadtest3996@loadtest.example.com,9000003996,agentic-ai,Load Test 5K,Chennai,Umbrella
Ritu Desai,loadtest3997@loadtest.example.com,9000003997,ai-ml,Load Test 5K,Delhi,Stark Industries
Vivek Desai,loadtest3998@loadtest.example.com,9000003998,,Load Test 5K,Kolkata,Wayne Enterprises
Shreya Desai,loadtest3999@loadtest.example.com,9000003999,agentic-ai,Load Test 5K,Ahmedabad,Soylent
Aarav Desai,loadtest4000@loadtest.example.com,9000004000,ai-ml,Load Test 5K,Hyderabad,Acme Corp
Priya Desai,loadtest4001@loadtest.example.com,9000004001,,Load Test 5K,Bengaluru,Globex
Rohan Desai,loadtest4002@loadtest.example.com,9000004002,agentic-ai,Load Test 5K,Mumbai,Initech
Meera Desai,loadtest4003@loadtest.example.com,9000004003,ai-ml,Load Test 5K,Pune,Hooli
Vikram Pillai,loadtest4004@loadtest.example.com,9000004004,,Load Test 5K,Chennai,Umbrella
Ananya Pillai,loadtest4005@loadtest.example.com,9000004005,agentic-ai,Load Test 5K,Delhi,Stark Industries
Karthik Pillai,loadtest4006@loadtest.example.com,9000004006,ai-ml,Load Test 5K,Kolkata,Wayne Enterprises
Sneha Pillai,loadtest4007@loadtest.example.com,9000004007,,Load Test 5K,Ahmedabad,Soylent
Arjun Pillai,loadtest4008@loadtest.example.com,9000004008,agentic-ai,Load Test 5K,Hyderabad,Acme Corp
Divya Pillai,loadtest4009@loadtest.example.com,9000004009,ai-ml,Load Test 5K,Bengaluru,Globex
Rahul Pillai,loadtest4010@loadtest.example.com,9000004010,,Load Test 5K,Mumbai,Initech
Pooja Bose,loadtest4011@loadtest.example.com,9000004011,agentic-ai,Load Test 5K,Pune,Hooli
Aditya Bose,loadtest4012@loadtest.example.com,9000004012,ai-ml,Load Test 5K,Chennai,Umbrella
Nisha Bose,loadtest4013@loadtest.example.com,9000004013,,Load Test 5K,Delhi,Stark Industries
Sanjay Bose,loadtest4014@loadtest.example.com,9000004014,agentic-ai,Load Test 5K,Kolkata,Wayne Enterprises
Kavya Bose,loadtest4015@loadtest.example.com,9000004015,ai-ml,Load Test 5K,Ahmedabad,Soylent
Manish Bose,loadtest4016@loadtest.example.com,9000004016,,Load Test 5K,Hyderabad,Acme Corp
Ritu Bose,loadtest4017@loadtest.example.com,9000004017,agentic-ai,Load Test 5K,Bengaluru,Globex
Vivek Menon,loadtest4018@loadtest.example.com,9000004018,ai-ml,Load Test 5K,Mumbai,Initech
Shreya Menon,loadtest4019@loadtest.example.com,9000004019,,Load Test 5K,Pune,Hooli
Aarav Menon,loadtest4020@loadtest.example.com,9000004020,agentic-ai,Load Test 5K,Chennai,Umbrella
Priya Menon,loadtest4021@loadtest.example.com,9000004021,ai-ml,Load Test 5K,Delhi,Stark Industries
Rohan Menon,loadtest4022@loadtest.example.com,9000004022,,Load Test 5K,Kolkata,Wayne Enterprises
Meera Menon,loadtest4023@loadtest.example.com,9000004023,agentic-ai,Load Test 5K,Ahmedabad,Soylent
Vikram Menon,loadtest4024@loadtest.example.com,9000004024,ai-ml,Load Test 5K,Hyderabad,Acme Corp
Ananya Chopra,loadtest4025@loadtest.example.com,9000004025,,Load Test 5K,Bengaluru,Globex
Karthik Chopra,loadtest4026@loadtest.example.com,9000004026,agentic-ai,Load Test 5K,Mumbai,Initech
Sneha Chopra,loadtest4027@loadtest.example.com,9000004027,ai-ml,Load Test 5K,Pune,Hooli
Arjun Chopra,loadtest4028@loadtest.example.com,9000004028,,Load Test 5K,Chennai,Umbrella
Divya Chopra,loadtest4029@loadtest.example.com,9000004029,agentic-ai,Load Test 5K,Delhi,Stark Industries
Rahul Chopra,loadtest4030@loadtest.example.com,9000004030,ai-ml,Load Test 5K,Kolkata,Wayne Enterprises
Pooja Chopra,loadtest4031@loadtest.example.com,9000004031,,Load Test 5K,Ahmedabad,Soylent
Aditya Verma,loadtest4032@loadtest.example.com,9000004032,agentic-ai,Load Test 5K,Hyderabad,Acme Corp
Nisha Verma,loadtest4033@loadtest.example.com,9000004033,ai-ml,Load Test 5K,Bengaluru,Globex
Sanjay Verma,loadtest4034@loadtest.example.com,9000004034,,Load Test 5K,Mumbai,Initech
Kavya Verma,loadtest4035@loadtest.example.com,9000004035,agentic-ai,Load Test 5K,Pune,Hooli
Manish Verma,loadtest4036@loadtest.example.com,9000004036,ai-ml,Load Test 5K,Chennai,Umbrella
Ritu Verma,loadtest4037@loadtest.example.com,9000004037,,Load Test 5K,Delhi,Stark Industries
Vivek Verma,loadtest4038@loadtest.example.com,9000004038,agentic-ai,Load Test 5K,Kolkata,Wayne Enterprises
Shreya Shetty,loadtest4039@loadtest.example.com,9000004039,ai-ml,Load Test 5K,Ahmedabad,Soylent
Aarav Shetty,loadtest4040@loadtest.example.com,9000004040,,Load Test 5K,Hyderabad,Acme Corp
Priya Shetty,loadtest4041@loadtest.example.com,9000004041,agentic-ai,Load Test 5K,Bengaluru,Globex
Rohan Shetty,loadtest4042@loadtest.example.com,9000004042,ai-ml,Load Test 5K,Mumbai,Initech
Meera Shetty,loadtest4043@loadtest.example.com,9000004043,,Load Test 5K,Pune,Hooli
Vikram Shetty,loadtest4044@loadtest.example.com,9000004044,agentic-ai,Load Test 5K,Chennai,Umbrella
Ananya Shetty,loadtest4045@loadtest.example.com,9000004045,ai-ml,Load Test 5K,Delhi,Stark Industries
Karthik Banerjee,loadtest4046@loadtest.example.com,9000004046,,Load Test 5K,Kolkata,Wayne Enterprises
Sneha Banerjee,loadtest4047@loadtest.example.com,9000004047,agentic-ai,Load Test 5K,Ahmedabad,Soylent
Arjun Banerjee,loadtest4048@loadtest.example.com,9000004048,ai-ml,Load Test 5K,Hyderabad,Acme Corp
Divya Banerjee,loadtest4049@loadtest.example.com,9000004049,,Load Test 5K,Bengaluru,Globex
Rahul Banerjee,loadtest4050@loadtest.example.com,9000004050,agentic-ai,Load Test 5K,Mumbai,Initech
Pooja Banerjee,loadtest4051@loadtest.example.com,9000004051,ai-ml,Load Test 5K,Pune,Hooli
Aditya Banerjee,loadtest4052@loadtest.example.com,9000004052,,Load Test 5K,Chennai,Umbrella
Nisha Kapoor,loadtest4053@loadtest.example.com,9000004053,agentic-ai,Load Test 5K,Delhi,Stark Industries
Sanjay Kapoor,loadtest4054@loadtest.example.com,9000004054,ai-ml,Load Test 5K,Kolkata,Wayne Enterprises
Kavya Kapoor,loadtest4055@loadtest.example.com,9000004055,,Load Test 5K,Ahmedabad,Soylent
Manish Kapoor,loadtest4056@loadtest.example.com,9000004056,agentic-ai,Load Test 5K,Hyderabad,Acme Corp
Ritu Kapoor,loadtest4057@loadtest.example.com,9000004057,ai-ml,Load Test 5K,Bengaluru,Globex
Vivek Kapoor,loadtest4058@loadtest.example.com,9000004058,,Load Test 5K,Mumbai,Initech
Shreya Kapoor,loadtest4059@loadtest.example.com,9000004059,agentic-ai,Load Test 5K,Pune,Hooli
Aarav Sharma,loadtest4060@loadtest.example.com,9000004060,ai-ml,Load Test 5K,Chennai,Umbrella
Priya Sharma,loadtest4061@loadtest.example.com,9000004061,,Load Test 5K,Delhi,Stark Industries
Rohan Sharma,loadtest4062@loadtest.example.com,9000004062,agentic-ai,Load Test 5K,Kolkata,Wayne Enterprises
Meera Sharma,loadtest4063@loadtest.example.com,9000004063,ai-ml,Load Test 5K,Ahmedabad,Soylent
Vikram Sharma,loadtest4064@loadtest.example.com,9000004064,,Load Test 5K,Hyderabad,Acme Corp
Ananya Sharma,loadtest4065@loadtest.example.com,9000004065,agentic-ai,Load Test 5K,Bengaluru,Globex
Karthik Sharma,loadtest4066@loadtest.example.com,9000004066,ai-ml,Load Test 5K,Mumbai,Initech
Sneha Nair,loadtest4067@loadtest.example.com,9000004067,,Load Test 5K,Pune,Hooli
Arjun Nair,loadtest4068@loadtest.example.com,9000004068,agentic-ai,Load Test 5K,Chennai,Umbrella
Divya Nair,loadtest4069@loadtest.example.com,9000004069,ai-ml,Load Test 5K,Delhi,Stark Industries
Rahul Nair,loadtest4070@loadtest.example.com,9000004070,,Load Test 5K,Kolkata,Wayne Enterprises
Pooja Nair,loadtest4071@loadtest.example.com,9000004071,agentic-ai,Load Test 5K,Ahmedabad,Soylent
Aditya Nair,loadtest4072@loadtest.example.com,9000004072,ai-ml,Load Test 5K,Hyderabad,Acme Corp
Nisha Nair,loadtest4073@loadtest.example.com,9000004073,,Load Test 5K,Bengaluru,Globex
Sanjay Mehta,loadtest4074@loadtest.example.com,9000004074,agentic-ai,Load Test 5K,Mumbai,Initech
Kavya Mehta,loadtest4075@loadtest.example.com,9000004075,ai-ml,Load Test 5K,Pune,Hooli
Manish Mehta,loadtest4076@loadtest.example.com,9000004076,,Load Test 5K,Chennai,Umbrella
Ritu Mehta,loadtest4077@loadtest.example.com,9000004077,agentic-ai,Load Test 5K,Delhi,Stark Industries
Vivek Mehta,loadtest4078@loadtest.example.com,9000004078,ai-ml,Load Test 5K,Kolkata,Wayne Enterprises
Shreya Mehta,loadtest4079@loadtest.example.com,9000004079,,Load Test 5K,Ahmedabad,Soylent
Aarav Mehta,loadtest4080@loadtest.example.com,9000004080,agentic-ai,Load Test 5K,Hyderabad,Acme Corp
Priya Iyer,loadtest4081@loadtest.example.com,9000004081,ai-ml,Load Test 5K,Bengaluru,Globex
Rohan Iyer,loadtest4082@loadtest.example.com,9000004082,,Load Test 5K,Mumbai,Initech
Meera Iyer,loadtest4083@loadtest.example.com,9000004083,agentic-ai,Load Test 5K,Pune,Hooli
Vikram Iyer,loadtest4084@loadtest.example.com,9000004084,ai-ml,Load Test 5K,Chennai,Umbrella
Ananya Iyer,loadtest4085@loadtest.example.com,9000004085,,Load Test 5K,Delhi,Stark Industries
Karthik Iyer,loadtest4086@loadtest.example.com,9000004086,agentic-ai,Load Test 5K,Kolkata,Wayne Enterprises
Sneha Iyer,loadtest4087@loadtest.example.com,9000004087,ai-ml,Load Test 5K,Ahmedabad,Soylent
Arjun Reddy,loadtest4088@loadtest.example.com,9000004088,,Load Test 5K,Hyderabad,Acme Corp
Divya Reddy,loadtest4089@loadtest.example.com,9000004089,agentic-ai,Load Test 5K,Bengaluru,Globex
Rahul Reddy,loadtest4090@loadtest.example.com,9000004090,ai-ml,Load Test 5K,Mumbai,Initech
Pooja Reddy,loadtest4091@loadtest.example.com,9000004091,,Load Test 5K,Pune,Hooli
Aditya Reddy,loadtest4092@loadtest.example.com,9000004092,agentic-ai,Load Test 5K,Chennai,Umbrella
Nisha Reddy,loadtest4093@loadtest.example.com,9000004093,ai-ml,Load Test 5K,Delhi,Stark Industries
Sanjay Reddy,loadtest4094@loadtest.example.com,9000004094,,Load Test 5K,Kolkata,Wayne Enterprises
Kavya Gupta,loadtest4095@loadtest.example.com,9000004095,agentic-ai,Load Test 5K,Ahmedabad,Soylent
Manish Gupta,loadtest4096@loadtest.example.com,9000004096,ai-ml,Load Test 5K,Hyderabad,Acme Corp
Ritu Gupta,loadtest4097@loadtest.example.com,9000004097,,Load Test 5K,Bengaluru,Globex
Vivek Gupta,loadtest4098@loadtest.example.com,9000004098,agentic-ai,Load Test 5K,Mumbai,Initech
Shreya Gupta,loadtest4099@loadtest.example.com,9000004099,ai-ml,Load Test 5K,Pune,Hooli
Aarav Gupta,loadtest4100@loadtest.example.com,9000004100,,Load Test 5K,Chennai,Umbrella
Priya Gupta,loadtest4101@loadtest.example.com,9000004101,agentic-ai,Load Test 5K,Delhi,Stark Industries
Rohan Patel,loadtest4102@loadtest.example.com,9000004102,ai-ml,Load Test 5K,Kolkata,Wayne Enterprises
Meera Patel,loadtest4103@loadtest.example.com,9000004103,,Load Test 5K,Ahmedabad,Soylent
Vikram Patel,loadtest4104@loadtest.example.com,9000004104,agentic-ai,Load Test 5K,Hyderabad,Acme Corp
Ananya Patel,loadtest4105@loadtest.example.com,9000004105,ai-ml,Load Test 5K,Bengaluru,Globex
Karthik Patel,loadtest4106@loadtest.example.com,9000004106,,Load Test 5K,Mumbai,Initech
Sneha Patel,loadtest4107@loadtest.example.com,9000004107,agentic-ai,Load Test 5K,Pune,Hooli
Arjun Patel,loadtest4108@loadtest.example.com,9000004108,ai-ml,Load Test 5K,Chennai,Umbrella
Divya Rao,loadtest4109@loadtest.example.com,9000004109,,Load Test 5K,Delhi,Stark Industries
Rahul Rao,loadtest4110@loadtest.example.com,9000004110,agentic-ai,Load Test 5K,Kolkata,Wayne Enterprises
Pooja Rao,loadtest4111@loadtest.example.com,9000004111,ai-ml,Load Test 5K,Ahmedabad,Soylent
Aditya Rao,loadtest4112@loadtest.example.com,9000004112,,Load Test 5K,Hyderabad,Acme Corp
Nisha Rao,loadtest4113@loadtest.example.com,9000004113,agentic-ai,Load Test 5K,Bengaluru,Globex
Sanjay Rao,loadtest4114@loadtest.example.com,9000004114,ai-ml,Load Test 5K,Mumbai,Initech
Kavya Rao,loadtest4115@loadtest.example.com,9000004115,,Load Test 5K,Pune,Hooli
Manish Singh,loadtest4116@loadtest.example.com,9000004116,agentic-ai,Load Test 5K,Chennai,Umbrella
Ritu Singh,loadtest4117@loadtest.example.com,9000004117,ai-ml,Load Test 5K,Delhi,Stark Industries
Vivek Singh,loadtest4118@loadtest.example.com,9000004118,,Load Test 5K,Kolkata,Wayne Enterprises
Shreya Singh,loadtest4119@loadtest.example.com,9000004119,agentic-ai,Load Test 5K,Ahmedabad,Soylent
Aarav Singh,loadtest4120@loadtest.example.com,9000004120,ai-ml,Load Test 5K,Hyderabad,Acme Corp
Priya Singh,loadtest4121@loadtest.example.com,9000004121,,Load Test 5K,Bengaluru,Globex
Rohan Singh,loadtest4122@loadtest.example.com,9000004122,agentic-ai,Load Test 5K,Mumbai,Initech
Meera Joshi,loadtest4123@loadtest.example.com,9000004123,ai-ml,Load Test 5K,Pune,Hooli
Vikram Joshi,loadtest4124@loadtest.example.com,9000004124,,Load Test 5K,Chennai,Umbrella
Ananya Joshi,loadtest4125@loadtest.example.com,9000004125,agentic-ai,Load Test 5K,Delhi,Stark Industries
Karthik Joshi,loadtest4126@loadtest.example.com,9000004126,ai-ml,Load Test 5K,Kolkata,Wayne Enterprises
Sneha Joshi,loadtest4127@loadtest.example.com,9000004127,,Load Test 5K,Ahmedabad,Soylent
Arjun Joshi,loadtest4128@loadtest.example.com,9000004128,agentic-ai,Load Test 5K,Hyderabad,Acme Corp
Divya Joshi,loadtest4129@loadtest.example.com,9000004129,ai-ml,Load Test 5K,Bengaluru,Globex
Rahul Kumar,loadtest4130@loadtest.example.com,9000004130,,Load Test 5K,Mumbai,Initech
Pooja Kumar,loadtest4131@loadtest.example.com,9000004131,agentic-ai,Load Test 5K,Pune,Hooli
Aditya Kumar,loadtest4132@loadtest.example.com,9000004132,ai-ml,Load Test 5K,Chennai,Umbrella
Nisha Kumar,loadtest4133@loadtest.example.com,9000004133,,Load Test 5K,Delhi,Stark Industries
Sanjay Kumar,loadtest4134@loadtest.example.com,9000004134,agentic-ai,Load Test 5K,Kolkata,Wayne Enterprises
Kavya Kumar,loadtest4135@loadtest.example.com,9000004135,ai-ml,Load Test 5K,Ahmedabad,Soylent
Manish Kumar,loadtest4136@loadtest.example.com,9000004136,,Load Test 5K,Hyderabad,Acme Corp
Ritu Desai,loadtest4137@loadtest.example.com,9000004137,agentic-ai,Load Test 5K,Bengaluru,Globex
Vivek Desai,loadtest4138@loadtest.example.com,9000004138,ai-ml,Load Test 5K,Mumbai,Initech
Shreya Desai,loadtest4139@loadtest.example.com,9000004139,,Load Test 5K,Pune,Hooli
Aarav Desai,loadtest4140@loadtest.example.com,9000004140,agentic-ai,Load Test 5K,Chennai,Umbrella
Priya Desai,loadtest4141@loadtest.example.com,9000004141,ai-ml,Load Test 5K,Delhi,Stark Industries
Rohan Desai,loadtest4142@loadtest.example.com,9000004142,,Load Test 5K,Kolkata,Wayne Enterprises
Meera Desai,loadtest4143@loadtest.example.com,9000004143,agentic-ai,Load Test 5K,Ahmedabad,Soylent
Vikram Pillai,loadtest4144@loadtest.example.com,9000004144,ai-ml,Load Test 5K,Hyderabad,Acme Corp
Ananya Pillai,loadtest4145@loadtest.example.com,9000004145,,Load Test 5K,Bengaluru,Globex
Karthik Pillai,loadtest4146@loadtest.example.com,9000004146,agentic-ai,Load Test 5K,Mumbai,Initech
Sneha Pillai,loadtest4147@loadtest.example.com,9000004147,ai-ml,Load Test 5K,Pune,Hooli
Arjun Pillai,loadtest4148@loadtest.example.com,9000004148,,Load Test 5K,Chennai,Umbrella
Divya Pillai,loadtest4149@loadtest.example.com,9000004149,agentic-ai,Load Test 5K,Delhi,Stark Industries
Rahul Pillai,loadtest4150@loadtest.example.com,9000004150,ai-ml,Load Test 5K,Kolkata,Wayne Enterprises
Pooja Bose,loadtest4151@loadtest.example.com,9000004151,,Load Test 5K,Ahmedabad,Soylent
Aditya Bose,loadtest4152@loadtest.example.com,9000004152,agentic-ai,Load Test 5K,Hyderabad,Acme Corp
Nisha Bose,loadtest4153@loadtest.example.com,9000004153,ai-ml,Load Test 5K,Bengaluru,Globex
Sanjay Bose,loadtest4154@loadtest.example.com,9000004154,,Load Test 5K,Mumbai,Initech
Kavya Bose,loadtest4155@loadtest.example.com,9000004155,agentic-ai,Load Test 5K,Pune,Hooli
Manish Bose,loadtest4156@loadtest.example.com,9000004156,ai-ml,Load Test 5K,Chennai,Umbrella
Ritu Bose,loadtest4157@loadtest.example.com,9000004157,,Load Test 5K,Delhi,Stark Industries
Vivek Menon,loadtest4158@loadtest.example.com,9000004158,agentic-ai,Load Test 5K,Kolkata,Wayne Enterprises
Shreya Menon,loadtest4159@loadtest.example.com,9000004159,ai-ml,Load Test 5K,Ahmedabad,Soylent
Aarav Menon,loadtest4160@loadtest.example.com,9000004160,,Load Test 5K,Hyderabad,Acme Corp
Priya Menon,loadtest4161@loadtest.example.com,9000004161,agentic-ai,Load Test 5K,Bengaluru,Globex
Rohan Menon,loadtest4162@loadtest.example.com,9000004162,ai-ml,Load Test 5K,Mumbai,Initech
Meera Menon,loadtest4163@loadtest.example.com,9000004163,,Load Test 5K,Pune,Hooli
Vikram Menon,loadtest4164@loadtest.example.com,9000004164,agentic-ai,Load Test 5K,Chennai,Umbrella
Ananya Chopra,loadtest4165@loadtest.example.com,9000004165,ai-ml,Load Test 5K,Delhi,Stark Industries
Karthik Chopra,loadtest4166@loadtest.example.com,9000004166,,Load Test 5K,Kolkata,Wayne Enterprises
Sneha Chopra,loadtest4167@loadtest.example.com,9000004167,agentic-ai,Load Test 5K,Ahmedabad,Soylent
Arjun Chopra,loadtest4168@loadtest.example.com,9000004168,ai-ml,Load Test 5K,Hyderabad,Acme Corp
Divya Chopra,loadtest4169@loadtest.example.com,9000004169,,Load Test 5K,Bengaluru,Globex
Rahul Chopra,loadtest4170@loadtest.example.com,9000004170,agentic-ai,Load Test 5K,Mumbai,Initech
Pooja Chopra,loadtest4171@loadtest.example.com,9000004171,ai-ml,Load Test 5K,Pune,Hooli
Aditya Verma,loadtest4172@loadtest.example.com,9000004172,,Load Test 5K,Chennai,Umbrella
Nisha Verma,loadtest4173@loadtest.example.com,9000004173,agentic-ai,Load Test 5K,Delhi,Stark Industries
Sanjay Verma,loadtest4174@loadtest.example.com,9000004174,ai-ml,Load Test 5K,Kolkata,Wayne Enterprises
Kavya Verma,loadtest4175@loadtest.example.com,9000004175,,Load Test 5K,Ahmedabad,Soylent
Manish Verma,loadtest4176@loadtest.example.com,9000004176,agentic-ai,Load Test 5K,Hyderabad,Acme Corp
Ritu Verma,loadtest4177@loadtest.example.com,9000004177,ai-ml,Load Test 5K,Bengaluru,Globex
Vivek Verma,loadtest4178@loadtest.example.com,9000004178,,Load Test 5K,Mumbai,Initech
Shreya Shetty,loadtest4179@loadtest.example.com,9000004179,agentic-ai,Load Test 5K,Pune,Hooli
Aarav Shetty,loadtest4180@loadtest.example.com,9000004180,ai-ml,Load Test 5K,Chennai,Umbrella
Priya Shetty,loadtest4181@loadtest.example.com,9000004181,,Load Test 5K,Delhi,Stark Industries
Rohan Shetty,loadtest4182@loadtest.example.com,9000004182,agentic-ai,Load Test 5K,Kolkata,Wayne Enterprises
Meera Shetty,loadtest4183@loadtest.example.com,9000004183,ai-ml,Load Test 5K,Ahmedabad,Soylent
Vikram Shetty,loadtest4184@loadtest.example.com,9000004184,,Load Test 5K,Hyderabad,Acme Corp
Ananya Shetty,loadtest4185@loadtest.example.com,9000004185,agentic-ai,Load Test 5K,Bengaluru,Globex
Karthik Banerjee,loadtest4186@loadtest.example.com,9000004186,ai-ml,Load Test 5K,Mumbai,Initech
Sneha Banerjee,loadtest4187@loadtest.example.com,9000004187,,Load Test 5K,Pune,Hooli
Arjun Banerjee,loadtest4188@loadtest.example.com,9000004188,agentic-ai,Load Test 5K,Chennai,Umbrella
Divya Banerjee,loadtest4189@loadtest.example.com,9000004189,ai-ml,Load Test 5K,Delhi,Stark Industries
Rahul Banerjee,loadtest4190@loadtest.example.com,9000004190,,Load Test 5K,Kolkata,Wayne Enterprises
Pooja Banerjee,loadtest4191@loadtest.example.com,9000004191,agentic-ai,Load Test 5K,Ahmedabad,Soylent
Aditya Banerjee,loadtest4192@loadtest.example.com,9000004192,ai-ml,Load Test 5K,Hyderabad,Acme Corp
Nisha Kapoor,loadtest4193@loadtest.example.com,9000004193,,Load Test 5K,Bengaluru,Globex
Sanjay Kapoor,loadtest4194@loadtest.example.com,9000004194,agentic-ai,Load Test 5K,Mumbai,Initech
Kavya Kapoor,loadtest4195@loadtest.example.com,9000004195,ai-ml,Load Test 5K,Pune,Hooli
Manish Kapoor,loadtest4196@loadtest.example.com,9000004196,,Load Test 5K,Chennai,Umbrella
Ritu Kapoor,loadtest4197@loadtest.example.com,9000004197,agentic-ai,Load Test 5K,Delhi,Stark Industries
Vivek Kapoor,loadtest4198@loadtest.example.com,9000004198,ai-ml,Load Test 5K,Kolkata,Wayne Enterprises
Shreya Kapoor,loadtest4199@loadtest.example.com,9000004199,,Load Test 5K,Ahmedabad,Soylent
Aarav Sharma,loadtest4200@loadtest.example.com,9000004200,agentic-ai,Load Test 5K,Hyderabad,Acme Corp
Priya Sharma,loadtest4201@loadtest.example.com,9000004201,ai-ml,Load Test 5K,Bengaluru,Globex
Rohan Sharma,loadtest4202@loadtest.example.com,9000004202,,Load Test 5K,Mumbai,Initech
Meera Sharma,loadtest4203@loadtest.example.com,9000004203,agentic-ai,Load Test 5K,Pune,Hooli
Vikram Sharma,loadtest4204@loadtest.example.com,9000004204,ai-ml,Load Test 5K,Chennai,Umbrella
Ananya Sharma,loadtest4205@loadtest.example.com,9000004205,,Load Test 5K,Delhi,Stark Industries
Karthik Sharma,loadtest4206@loadtest.example.com,9000004206,agentic-ai,Load Test 5K,Kolkata,Wayne Enterprises
Sneha Nair,loadtest4207@loadtest.example.com,9000004207,ai-ml,Load Test 5K,Ahmedabad,Soylent
Arjun Nair,loadtest4208@loadtest.example.com,9000004208,,Load Test 5K,Hyderabad,Acme Corp
Divya Nair,loadtest4209@loadtest.example.com,9000004209,agentic-ai,Load Test 5K,Bengaluru,Globex
Rahul Nair,loadtest4210@loadtest.example.com,9000004210,ai-ml,Load Test 5K,Mumbai,Initech
Pooja Nair,loadtest4211@loadtest.example.com,9000004211,,Load Test 5K,Pune,Hooli
Aditya Nair,loadtest4212@loadtest.example.com,9000004212,agentic-ai,Load Test 5K,Chennai,Umbrella
Nisha Nair,loadtest4213@loadtest.example.com,9000004213,ai-ml,Load Test 5K,Delhi,Stark Industries
Sanjay Mehta,loadtest4214@loadtest.example.com,9000004214,,Load Test 5K,Kolkata,Wayne Enterprises
Kavya Mehta,loadtest4215@loadtest.example.com,9000004215,agentic-ai,Load Test 5K,Ahmedabad,Soylent
Manish Mehta,loadtest4216@loadtest.example.com,9000004216,ai-ml,Load Test 5K,Hyderabad,Acme Corp
Ritu Mehta,loadtest4217@loadtest.example.com,9000004217,,Load Test 5K,Bengaluru,Globex
Vivek Mehta,loadtest4218@loadtest.example.com,9000004218,agentic-ai,Load Test 5K,Mumbai,Initech
Shreya Mehta,loadtest4219@loadtest.example.com,9000004219,ai-ml,Load Test 5K,Pune,Hooli
Aarav Mehta,loadtest4220@loadtest.example.com,9000004220,,Load Test 5K,Chennai,Umbrella
Priya Iyer,loadtest4221@loadtest.example.com,9000004221,agentic-ai,Load Test 5K,Delhi,Stark Industries
Rohan Iyer,loadtest4222@loadtest.example.com,9000004222,ai-ml,Load Test 5K,Kolkata,Wayne Enterprises
Meera Iyer,loadtest4223@loadtest.example.com,9000004223,,Load Test 5K,Ahmedabad,Soylent
Vikram Iyer,loadtest4224@loadtest.example.com,9000004224,agentic-ai,Load Test 5K,Hyderabad,Acme Corp
Ananya Iyer,loadtest4225@loadtest.example.com,9000004225,ai-ml,Load Test 5K,Bengaluru,Globex
Karthik Iyer,loadtest4226@loadtest.example.com,9000004226,,Load Test 5K,Mumbai,Initech
Sneha Iyer,loadtest4227@loadtest.example.com,9000004227,agentic-ai,Load Test 5K,Pune,Hooli
Arjun Reddy,loadtest4228@loadtest.example.com,9000004228,ai-ml,Load Test 5K,Chennai,Umbrella
Divya Reddy,loadtest4229@loadtest.example.com,9000004229,,Load Test 5K,Delhi,Stark Industries
Rahul Reddy,loadtest4230@loadtest.example.com,9000004230,agentic-ai,Load Test 5K,Kolkata,Wayne Enterprises
Pooja Reddy,loadtest4231@loadtest.example.com,9000004231,ai-ml,Load Test 5K,Ahmedabad,Soylent
Aditya Reddy,loadtest4232@loadtest.example.com,9000004232,,Load Test 5K,Hyderabad,Acme Corp
Nisha Reddy,loadtest4233@loadtest.example.com,9000004233,agentic-ai,Load Test 5K,Bengaluru,Globex
Sanjay Reddy,loadtest4234@loadtest.example.com,9000004234,ai-ml,Load Test 5K,Mumbai,Initech
Kavya Gupta,loadtest4235@loadtest.example.com,9000004235,,Load Test 5K,Pune,Hooli
Manish Gupta,loadtest4236@loadtest.example.com,9000004236,agentic-ai,Load Test 5K,Chennai,Umbrella
Ritu Gupta,loadtest4237@loadtest.example.com,9000004237,ai-ml,Load Test 5K,Delhi,Stark Industries
Vivek Gupta,loadtest4238@loadtest.example.com,9000004238,,Load Test 5K,Kolkata,Wayne Enterprises
Shreya Gupta,loadtest4239@loadtest.example.com,9000004239,agentic-ai,Load Test 5K,Ahmedabad,Soylent
Aarav Gupta,loadtest4240@loadtest.example.com,9000004240,ai-ml,Load Test 5K,Hyderabad,Acme Corp
Priya Gupta,loadtest4241@loadtest.example.com,9000004241,,Load Test 5K,Bengaluru,Globex
Rohan Patel,loadtest4242@loadtest.example.com,9000004242,agentic-ai,Load Test 5K,Mumbai,Initech
Meera Patel,loadtest4243@loadtest.example.com,9000004243,ai-ml,Load Test 5K,Pune,Hooli
Vikram Patel,loadtest4244@loadtest.example.com,9000004244,,Load Test 5K,Chennai,Umbrella
Ananya Patel,loadtest4245@loadtest.example.com,9000004245,agentic-ai,Load Test 5K,Delhi,Stark Industries
Karthik Patel,loadtest4246@loadtest.example.com,9000004246,ai-ml,Load Test 5K,Kolkata,Wayne Enterprises
Sneha Patel,loadtest4247@loadtest.example.com,9000004247,,Load Test 5K,Ahmedabad,Soylent
Arjun Patel,loadtest4248@loadtest.example.com,9000004248,agentic-ai,Load Test 5K,Hyderabad,Acme Corp
Divya Rao,loadtest4249@loadtest.example.com,9000004249,ai-ml,Load Test 5K,Bengaluru,Globex
Rahul Rao,loadtest4250@loadtest.example.com,9000004250,,Load Test 5K,Mumbai,Initech
Pooja Rao,loadtest4251@loadtest.example.com,9000004251,agentic-ai,Load Test 5K,Pune,Hooli
Aditya Rao,loadtest4252@loadtest.example.com,9000004252,ai-ml,Load Test 5K,Chennai,Umbrella
Nisha Rao,loadtest4253@loadtest.example.com,9000004253,,Load Test 5K,Delhi,Stark Industries
Sanjay Rao,loadtest4254@loadtest.example.com,9000004254,agentic-ai,Load Test 5K,Kolkata,Wayne Enterprises
Kavya Rao,loadtest4255@loadtest.example.com,9000004255,ai-ml,Load Test 5K,Ahmedabad,Soylent
Manish Singh,loadtest4256@loadtest.example.com,9000004256,,Load Test 5K,Hyderabad,Acme Corp
Ritu Singh,loadtest4257@loadtest.example.com,9000004257,agentic-ai,Load Test 5K,Bengaluru,Globex
Vivek Singh,loadtest4258@loadtest.example.com,9000004258,ai-ml,Load Test 5K,Mumbai,Initech
Shreya Singh,loadtest4259@loadtest.example.com,9000004259,,Load Test 5K,Pune,Hooli
Aarav Singh,loadtest4260@loadtest.example.com,9000004260,agentic-ai,Load Test 5K,Chennai,Umbrella
Priya Singh,loadtest4261@loadtest.example.com,9000004261,ai-ml,Load Test 5K,Delhi,Stark Industries
Rohan Singh,loadtest4262@loadtest.example.com,9000004262,,Load Test 5K,Kolkata,Wayne Enterprises
Meera Joshi,loadtest4263@loadtest.example.com,9000004263,agentic-ai,Load Test 5K,Ahmedabad,Soylent
Vikram Joshi,loadtest4264@loadtest.example.com,9000004264,ai-ml,Load Test 5K,Hyderabad,Acme Corp
Ananya Joshi,loadtest4265@loadtest.example.com,9000004265,,Load Test 5K,Bengaluru,Globex
Karthik Joshi,loadtest4266@loadtest.example.com,9000004266,agentic-ai,Load Test 5K,Mumbai,Initech
Sneha Joshi,loadtest4267@loadtest.example.com,9000004267,ai-ml,Load Test 5K,Pune,Hooli
Arjun Joshi,loadtest4268@loadtest.example.com,9000004268,,Load Test 5K,Chennai,Umbrella
Divya Joshi,loadtest4269@loadtest.example.com,9000004269,agentic-ai,Load Test 5K,Delhi,Stark Industries
Rahul Kumar,loadtest4270@loadtest.example.com,9000004270,ai-ml,Load Test 5K,Kolkata,Wayne Enterprises
Pooja Kumar,loadtest4271@loadtest.example.com,9000004271,,Load Test 5K,Ahmedabad,Soylent
Aditya Kumar,loadtest4272@loadtest.example.com,9000004272,agentic-ai,Load Test 5K,Hyderabad,Acme Corp
Nisha Kumar,loadtest4273@loadtest.example.com,9000004273,ai-ml,Load Test 5K,Bengaluru,Globex
Sanjay Kumar,loadtest4274@loadtest.example.com,9000004274,,Load Test 5K,Mumbai,Initech
Kavya Kumar,loadtest4275@loadtest.example.com,9000004275,agentic-ai,Load Test 5K,Pune,Hooli
Manish Kumar,loadtest4276@loadtest.example.com,9000004276,ai-ml,Load Test 5K,Chennai,Umbrella
Ritu Desai,loadtest4277@loadtest.example.com,9000004277,,Load Test 5K,Delhi,Stark Industries
Vivek Desai,loadtest4278@loadtest.example.com,9000004278,agentic-ai,Load Test 5K,Kolkata,Wayne Enterprises
Shreya Desai,loadtest4279@loadtest.example.com,9000004279,ai-ml,Load Test 5K,Ahmedabad,Soylent
Aarav Desai,loadtest4280@loadtest.example.com,9000004280,,Load Test 5K,Hyderabad,Acme Corp
Priya Desai,loadtest4281@loadtest.example.com,9000004281,agentic-ai,Load Test 5K,Bengaluru,Globex
Rohan Desai,loadtest4282@loadtest.example.com,9000004282,ai-ml,Load Test 5K,Mumbai,Initech
Meera Desai,loadtest4283@loadtest.example.com,9000004283,,Load Test 5K,Pune,Hooli
Vikram Pillai,loadtest4284@loadtest.example.com,9000004284,agentic-ai,Load Test 5K,Chennai,Umbrella
Ananya Pillai,loadtest4285@loadtest.example.com,9000004285,ai-ml,Load Test 5K,Delhi,Stark Industries
Karthik Pillai,loadtest4286@loadtest.example.com,9000004286,,Load Test 5K,Kolkata,Wayne Enterprises
Sneha Pillai,loadtest4287@loadtest.example.com,9000004287,agentic-ai,Load Test 5K,Ahmedabad,Soylent
Arjun Pillai,loadtest4288@loadtest.example.com,9000004288,ai-ml,Load Test 5K,Hyderabad,Acme Corp
Divya Pillai,loadtest4289@loadtest.example.com,9000004289,,Load Test 5K,Bengaluru,Globex
Rahul Pillai,loadtest4290@loadtest.example.com,9000004290,agentic-ai,Load Test 5K,Mumbai,Initech
Pooja Bose,loadtest4291@loadtest.example.com,9000004291,ai-ml,Load Test 5K,Pune,Hooli
Aditya Bose,loadtest4292@loadtest.example.com,9000004292,,Load Test 5K,Chennai,Umbrella
Nisha Bose,loadtest4293@loadtest.example.com,9000004293,agentic-ai,Load Test 5K,Delhi,Stark Industries
Sanjay Bose,loadtest4294@loadtest.example.com,9000004294,ai-ml,Load Test 5K,Kolkata,Wayne Enterprises
Kavya Bose,loadtest4295@loadtest.example.com,9000004295,,Load Test 5K,Ahmedabad,Soylent
Manish Bose,loadtest4296@loadtest.example.com,9000004296,agentic-ai,Load Test 5K,Hyderabad,Acme Corp
Ritu Bose,loadtest4297@loadtest.example.com,9000004297,ai-ml,Load Test 5K,Bengaluru,Globex
Vivek Menon,loadtest4298@loadtest.example.com,9000004298,,Load Test 5K,Mumbai,Initech
Shreya Menon,loadtest4299@loadtest.example.com,9000004299,agentic-ai,Load Test 5K,Pune,Hooli
Aarav Menon,loadtest4300@loadtest.example.com,9000004300,ai-ml,Load Test 5K,Chennai,Umbrella
Priya Menon,loadtest4301@loadtest.example.com,9000004301,,Load Test 5K,Delhi,Stark Industries
Rohan Menon,loadtest4302@loadtest.example.com,9000004302,agentic-ai,Load Test 5K,Kolkata,Wayne Enterprises
Meera Menon,loadtest4303@loadtest.example.com,9000004303,ai-ml,Load Test 5K,Ahmedabad,Soylent
Vikram Menon,loadtest4304@loadtest.example.com,9000004304,,Load Test 5K,Hyderabad,Acme Corp
Ananya Chopra,loadtest4305@loadtest.example.com,9000004305,agentic-ai,Load Test 5K,Bengaluru,Globex
Karthik Chopra,loadtest4306@loadtest.example.com,9000004306,ai-ml,Load Test 5K,Mumbai,Initech
Sneha Chopra,loadtest4307@loadtest.example.com,9000004307,,Load Test 5K,Pune,Hooli
Arjun Chopra,loadtest4308@loadtest.example.com,9000004308,agentic-ai,Load Test 5K,Chennai,Umbrella
Divya Chopra,loadtest4309@loadtest.example.com,9000004309,ai-ml,Load Test 5K,Delhi,Stark Industries
Rahul Chopra,loadtest4310@loadtest.example.com,9000004310,,Load Test 5K,Kolkata,Wayne Enterprises
Pooja Chopra,loadtest4311@loadtest.example.com,9000004311,agentic-ai,Load Test 5K,Ahmedabad,Soylent
Aditya Verma,loadtest4312@loadtest.example.com,9000004312,ai-ml,Load Test 5K,Hyderabad,Acme Corp
Nisha Verma,loadtest4313@loadtest.example.com,9000004313,,Load Test 5K,Bengaluru,Globex
Sanjay Verma,loadtest4314@loadtest.example.com,9000004314,agentic-ai,Load Test 5K,Mumbai,Initech
Kavya Verma,loadtest4315@loadtest.example.com,9000004315,ai-ml,Load Test 5K,Pune,Hooli
Manish Verma,loadtest4316@loadtest.example.com,9000004316,,Load Test 5K,Chennai,Umbrella
Ritu Verma,loadtest4317@loadtest.example.com,9000004317,agentic-ai,Load Test 5K,Delhi,Stark Industries
Vivek Verma,loadtest4318@loadtest.example.com,9000004318,ai-ml,Load Test 5K,Kolkata,Wayne Enterprises
Shreya Shetty,loadtest4319@loadtest.example.com,9000004319,,Load Test 5K,Ahmedabad,Soylent
Aarav Shetty,loadtest4320@loadtest.example.com,9000004320,agentic-ai,Load Test 5K,Hyderabad,Acme Corp
Priya Shetty,loadtest4321@loadtest.example.com,9000004321,ai-ml,Load Test 5K,Bengaluru,Globex
Rohan Shetty,loadtest4322@loadtest.example.com,9000004322,,Load Test 5K,Mumbai,Initech
Meera Shetty,loadtest4323@loadtest.example.com,9000004323,agentic-ai,Load Test 5K,Pune,Hooli
Vikram Shetty,loadtest4324@loadtest.example.com,9000004324,ai-ml,Load Test 5K,Chennai,Umbrella
Ananya Shetty,loadtest4325@loadtest.example.com,9000004325,,Load Test 5K,Delhi,Stark Industries
Karthik Banerjee,loadtest4326@loadtest.example.com,9000004326,agentic-ai,Load Test 5K,Kolkata,Wayne Enterprises
Sneha Banerjee,loadtest4327@loadtest.example.com,9000004327,ai-ml,Load Test 5K,Ahmedabad,Soylent
Arjun Banerjee,loadtest4328@loadtest.example.com,9000004328,,Load Test 5K,Hyderabad,Acme Corp
Divya Banerjee,loadtest4329@loadtest.example.com,9000004329,agentic-ai,Load Test 5K,Bengaluru,Globex
Rahul Banerjee,loadtest4330@loadtest.example.com,9000004330,ai-ml,Load Test 5K,Mumbai,Initech
Pooja Banerjee,loadtest4331@loadtest.example.com,9000004331,,Load Test 5K,Pune,Hooli
Aditya Banerjee,loadtest4332@loadtest.example.com,9000004332,agentic-ai,Load Test 5K,Chennai,Umbrella
Nisha Kapoor,loadtest4333@loadtest.example.com,9000004333,ai-ml,Load Test 5K,Delhi,Stark Industries
Sanjay Kapoor,loadtest4334@loadtest.example.com,9000004334,,Load Test 5K,Kolkata,Wayne Enterprises
Kavya Kapoor,loadtest4335@loadtest.example.com,9000004335,agentic-ai,Load Test 5K,Ahmedabad,Soylent
Manish Kapoor,loadtest4336@loadtest.example.com,9000004336,ai-ml,Load Test 5K,Hyderabad,Acme Corp
Ritu Kapoor,loadtest4337@loadtest.example.com,9000004337,,Load Test 5K,Bengaluru,Globex
Vivek Kapoor,loadtest4338@loadtest.example.com,9000004338,agentic-ai,Load Test 5K,Mumbai,Initech
Shreya Kapoor,loadtest4339@loadtest.example.com,9000004339,ai-ml,Load Test 5K,Pune,Hooli
Aarav Sharma,loadtest4340@loadtest.example.com,9000004340,,Load Test 5K,Chennai,Umbrella
Priya Sharma,loadtest4341@loadtest.example.com,9000004341,agentic-ai,Load Test 5K,Delhi,Stark Industries
Rohan Sharma,loadtest4342@loadtest.example.com,9000004342,ai-ml,Load Test 5K,Kolkata,Wayne Enterprises
Meera Sharma,loadtest4343@loadtest.example.com,9000004343,,Load Test 5K,Ahmedabad,Soylent
Vikram Sharma,loadtest4344@loadtest.example.com,9000004344,agentic-ai,Load Test 5K,Hyderabad,Acme Corp
Ananya Sharma,loadtest4345@loadtest.example.com,9000004345,ai-ml,Load Test 5K,Bengaluru,Globex
Karthik Sharma,loadtest4346@loadtest.example.com,9000004346,,Load Test 5K,Mumbai,Initech
Sneha Nair,loadtest4347@loadtest.example.com,9000004347,agentic-ai,Load Test 5K,Pune,Hooli
Arjun Nair,loadtest4348@loadtest.example.com,9000004348,ai-ml,Load Test 5K,Chennai,Umbrella
Divya Nair,loadtest4349@loadtest.example.com,9000004349,,Load Test 5K,Delhi,Stark Industries
Rahul Nair,loadtest4350@loadtest.example.com,9000004350,agentic-ai,Load Test 5K,Kolkata,Wayne Enterprises
Pooja Nair,loadtest4351@loadtest.example.com,9000004351,ai-ml,Load Test 5K,Ahmedabad,Soylent
Aditya Nair,loadtest4352@loadtest.example.com,9000004352,,Load Test 5K,Hyderabad,Acme Corp
Nisha Nair,loadtest4353@loadtest.example.com,9000004353,agentic-ai,Load Test 5K,Bengaluru,Globex
Sanjay Mehta,loadtest4354@loadtest.example.com,9000004354,ai-ml,Load Test 5K,Mumbai,Initech
Kavya Mehta,loadtest4355@loadtest.example.com,9000004355,,Load Test 5K,Pune,Hooli
Manish Mehta,loadtest4356@loadtest.example.com,9000004356,agentic-ai,Load Test 5K,Chennai,Umbrella
Ritu Mehta,loadtest4357@loadtest.example.com,9000004357,ai-ml,Load Test 5K,Delhi,Stark Industries
Vivek Mehta,loadtest4358@loadtest.example.com,9000004358,,Load Test 5K,Kolkata,Wayne Enterprises
Shreya Mehta,loadtest4359@loadtest.example.com,9000004359,agentic-ai,Load Test 5K,Ahmedabad,Soylent
Aarav Mehta,loadtest4360@loadtest.example.com,9000004360,ai-ml,Load Test 5K,Hyderabad,Acme Corp
Priya Iyer,loadtest4361@loadtest.example.com,9000004361,,Load Test 5K,Bengaluru,Globex
Rohan Iyer,loadtest4362@loadtest.example.com,9000004362,agentic-ai,Load Test 5K,Mumbai,Initech
Meera Iyer,loadtest4363@loadtest.example.com,9000004363,ai-ml,Load Test 5K,Pune,Hooli
Vikram Iyer,loadtest4364@loadtest.example.com,9000004364,,Load Test 5K,Chennai,Umbrella
Ananya Iyer,loadtest4365@loadtest.example.com,9000004365,agentic-ai,Load Test 5K,Delhi,Stark Industries
Karthik Iyer,loadtest4366@loadtest.example.com,9000004366,ai-ml,Load Test 5K,Kolkata,Wayne Enterprises
Sneha Iyer,loadtest4367@loadtest.example.com,9000004367,,Load Test 5K,Ahmedabad,Soylent
Arjun Reddy,loadtest4368@loadtest.example.com,9000004368,agentic-ai,Load Test 5K,Hyderabad,Acme Corp
Divya Reddy,loadtest4369@loadtest.example.com,9000004369,ai-ml,Load Test 5K,Bengaluru,Globex
Rahul Reddy,loadtest4370@loadtest.example.com,9000004370,,Load Test 5K,Mumbai,Initech
Pooja Reddy,loadtest4371@loadtest.example.com,9000004371,agentic-ai,Load Test 5K,Pune,Hooli
Aditya Reddy,loadtest4372@loadtest.example.com,9000004372,ai-ml,Load Test 5K,Chennai,Umbrella
Nisha Reddy,loadtest4373@loadtest.example.com,9000004373,,Load Test 5K,Delhi,Stark Industries
Sanjay Reddy,loadtest4374@loadtest.example.com,9000004374,agentic-ai,Load Test 5K,Kolkata,Wayne Enterprises
Kavya Gupta,loadtest4375@loadtest.example.com,9000004375,ai-ml,Load Test 5K,Ahmedabad,Soylent
Manish Gupta,loadtest4376@loadtest.example.com,9000004376,,Load Test 5K,Hyderabad,Acme Corp
Ritu Gupta,loadtest4377@loadtest.example.com,9000004377,agentic-ai,Load Test 5K,Bengaluru,Globex
Vivek Gupta,loadtest4378@loadtest.example.com,9000004378,ai-ml,Load Test 5K,Mumbai,Initech
Shreya Gupta,loadtest4379@loadtest.example.com,9000004379,,Load Test 5K,Pune,Hooli
Aarav Gupta,loadtest4380@loadtest.example.com,9000004380,agentic-ai,Load Test 5K,Chennai,Umbrella
Priya Gupta,loadtest4381@loadtest.example.com,9000004381,ai-ml,Load Test 5K,Delhi,Stark Industries
Rohan Patel,loadtest4382@loadtest.example.com,9000004382,,Load Test 5K,Kolkata,Wayne Enterprises
Meera Patel,loadtest4383@loadtest.example.com,9000004383,agentic-ai,Load Test 5K,Ahmedabad,Soylent
Vikram Patel,loadtest4384@loadtest.example.com,9000004384,ai-ml,Load Test 5K,Hyderabad,Acme Corp
Ananya Patel,loadtest4385@loadtest.example.com,9000004385,,Load Test 5K,Bengaluru,Globex
Karthik Patel,loadtest4386@loadtest.example.com,9000004386,agentic-ai,Load Test 5K,Mumbai,Initech
Sneha Patel,loadtest4387@loadtest.example.com,9000004387,ai-ml,Load Test 5K,Pune,Hooli
Arjun Patel,loadtest4388@loadtest.example.com,9000004388,,Load Test 5K,Chennai,Umbrella
Divya Rao,loadtest4389@loadtest.example.com,9000004389,agentic-ai,Load Test 5K,Delhi,Stark Industries
Rahul Rao,loadtest4390@loadtest.example.com,9000004390,ai-ml,Load Test 5K,Kolkata,Wayne Enterprises
Pooja Rao,loadtest4391@loadtest.example.com,9000004391,,Load Test 5K,Ahmedabad,Soylent
Aditya Rao,loadtest4392@loadtest.example.com,9000004392,agentic-ai,Load Test 5K,Hyderabad,Acme Corp
Nisha Rao,loadtest4393@loadtest.example.com,9000004393,ai-ml,Load Test 5K,Bengaluru,Globex
Sanjay Rao,loadtest4394@loadtest.example.com,9000004394,,Load Test 5K,Mumbai,Initech
Kavya Rao,loadtest4395@loadtest.example.com,9000004395,agentic-ai,Load Test 5K,Pune,Hooli
Manish Singh,loadtest4396@loadtest.example.com,9000004396,ai-ml,Load Test 5K,Chennai,Umbrella
Ritu Singh,loadtest4397@loadtest.example.com,9000004397,,Load Test 5K,Delhi,Stark Industries
Vivek Singh,loadtest4398@loadtest.example.com,9000004398,agentic-ai,Load Test 5K,Kolkata,Wayne Enterprises
Shreya Singh,loadtest4399@loadtest.example.com,9000004399,ai-ml,Load Test 5K,Ahmedabad,Soylent
Aarav Singh,loadtest4400@loadtest.example.com,9000004400,,Load Test 5K,Hyderabad,Acme Corp
Priya Singh,loadtest4401@loadtest.example.com,9000004401,agentic-ai,Load Test 5K,Bengaluru,Globex
Rohan Singh,loadtest4402@loadtest.example.com,9000004402,ai-ml,Load Test 5K,Mumbai,Initech
Meera Joshi,loadtest4403@loadtest.example.com,9000004403,,Load Test 5K,Pune,Hooli
Vikram Joshi,loadtest4404@loadtest.example.com,9000004404,agentic-ai,Load Test 5K,Chennai,Umbrella
Ananya Joshi,loadtest4405@loadtest.example.com,9000004405,ai-ml,Load Test 5K,Delhi,Stark Industries
Karthik Joshi,loadtest4406@loadtest.example.com,9000004406,,Load Test 5K,Kolkata,Wayne Enterprises
Sneha Joshi,loadtest4407@loadtest.example.com,9000004407,agentic-ai,Load Test 5K,Ahmedabad,Soylent
Arjun Joshi,loadtest4408@loadtest.example.com,9000004408,ai-ml,Load Test 5K,Hyderabad,Acme Corp
Divya Joshi,loadtest4409@loadtest.example.com,9000004409,,Load Test 5K,Bengaluru,Globex
Rahul Kumar,loadtest4410@loadtest.example.com,9000004410,agentic-ai,Load Test 5K,Mumbai,Initech
Pooja Kumar,loadtest4411@loadtest.example.com,9000004411,ai-ml,Load Test 5K,Pune,Hooli
Aditya Kumar,loadtest4412@loadtest.example.com,9000004412,,Load Test 5K,Chennai,Umbrella
Nisha Kumar,loadtest4413@loadtest.example.com,9000004413,agentic-ai,Load Test 5K,Delhi,Stark Industries
Sanjay Kumar,loadtest4414@loadtest.example.com,9000004414,ai-ml,Load Test 5K,Kolkata,Wayne Enterprises
Kavya Kumar,loadtest4415@loadtest.example.com,9000004415,,Load Test 5K,Ahmedabad,Soylent
Manish Kumar,loadtest4416@loadtest.example.com,9000004416,agentic-ai,Load Test 5K,Hyderabad,Acme Corp
Ritu Desai,loadtest4417@loadtest.example.com,9000004417,ai-ml,Load Test 5K,Bengaluru,Globex
Vivek Desai,loadtest4418@loadtest.example.com,9000004418,,Load Test 5K,Mumbai,Initech
Shreya Desai,loadtest4419@loadtest.example.com,9000004419,agentic-ai,Load Test 5K,Pune,Hooli
Aarav Desai,loadtest4420@loadtest.example.com,9000004420,ai-ml,Load Test 5K,Chennai,Umbrella
Priya Desai,loadtest4421@loadtest.example.com,9000004421,,Load Test 5K,Delhi,Stark Industries
Rohan Desai,loadtest4422@loadtest.example.com,9000004422,agentic-ai,Load Test 5K,Kolkata,Wayne Enterprises
Meera Desai,loadtest4423@loadtest.example.com,9000004423,ai-ml,Load Test 5K,Ahmedabad,Soylent
Vikram Pillai,loadtest4424@loadtest.example.com,9000004424,,Load Test 5K,Hyderabad,Acme Corp
Ananya Pillai,loadtest4425@loadtest.example.com,9000004425,agentic-ai,Load Test 5K,Bengaluru,Globex
Karthik Pillai,loadtest4426@loadtest.example.com,9000004426,ai-ml,Load Test 5K,Mumbai,Initech
Sneha Pillai,loadtest4427@loadtest.example.com,9000004427,,Load Test 5K,Pune,Hooli
Arjun Pillai,loadtest4428@loadtest.example.com,9000004428,agentic-ai,Load Test 5K,Chennai,Umbrella
Divya Pillai,loadtest4429@loadtest.example.com,9000004429,ai-ml,Load Test 5K,Delhi,Stark Industries
Rahul Pillai,loadtest4430@loadtest.example.com,9000004430,,Load Test 5K,Kolkata,Wayne Enterprises
Pooja Bose,loadtest4431@loadtest.example.com,9000004431,agentic-ai,Load Test 5K,Ahmedabad,Soylent
Aditya Bose,loadtest4432@loadtest.example.com,9000004432,ai-ml,Load Test 5K,Hyderabad,Acme Corp
Nisha Bose,loadtest4433@loadtest.example.com,9000004433,,Load Test 5K,Bengaluru,Globex
Sanjay Bose,loadtest4434@loadtest.example.com,9000004434,agentic-ai,Load Test 5K,Mumbai,Initech
Kavya Bose,loadtest4435@loadtest.example.com,9000004435,ai-ml,Load Test 5K,Pune,Hooli
Manish Bose,loadtest4436@loadtest.example.com,9000004436,,Load Test 5K,Chennai,Umbrella
Ritu Bose,loadtest4437@loadtest.example.com,9000004437,agentic-ai,Load Test 5K,Delhi,Stark Industries
Vivek Menon,loadtest4438@loadtest.example.com,9000004438,ai-ml,Load Test 5K,Kolkata,Wayne Enterprises
Shreya Menon,loadtest4439@loadtest.example.com,9000004439,,Load Test 5K,Ahmedabad,Soylent
Aarav Menon,loadtest4440@loadtest.example.com,9000004440,agentic-ai,Load Test 5K,Hyderabad,Acme Corp
Priya Menon,loadtest4441@loadtest.example.com,9000004441,ai-ml,Load Test 5K,Bengaluru,Globex
Rohan Menon,loadtest4442@loadtest.example.com,9000004442,,Load Test 5K,Mumbai,Initech
Meera Menon,loadtest4443@loadtest.example.com,9000004443,agentic-ai,Load Test 5K,Pune,Hooli
Vikram Menon,loadtest4444@loadtest.example.com,9000004444,ai-ml,Load Test 5K,Chennai,Umbrella
Ananya Chopra,loadtest4445@loadtest.example.com,9000004445,,Load Test 5K,Delhi,Stark Industries
Karthik Chopra,loadtest4446@loadtest.example.com,9000004446,agentic-ai,Load Test 5K,Kolkata,Wayne Enterprises
Sneha Chopra,loadtest4447@loadtest.example.com,9000004447,ai-ml,Load Test 5K,Ahmedabad,Soylent
Arjun Chopra,loadtest4448@loadtest.example.com,9000004448,,Load Test 5K,Hyderabad,Acme Corp
Divya Chopra,loadtest4449@loadtest.example.com,9000004449,agentic-ai,Load Test 5K,Bengaluru,Globex
Rahul Chopra,loadtest4450@loadtest.example.com,9000004450,ai-ml,Load Test 5K,Mumbai,Initech
Pooja Chopra,loadtest4451@loadtest.example.com,9000004451,,Load Test 5K,Pune,Hooli
Aditya Verma,loadtest4452@loadtest.example.com,9000004452,agentic-ai,Load Test 5K,Chennai,Umbrella
Nisha Verma,loadtest4453@loadtest.example.com,9000004453,ai-ml,Load Test 5K,Delhi,Stark Industries
Sanjay Verma,loadtest4454@loadtest.example.com,9000004454,,Load Test 5K,Kolkata,Wayne Enterprises
Kavya Verma,loadtest4455@loadtest.example.com,9000004455,agentic-ai,Load Test 5K,Ahmedabad,Soylent
Manish Verma,loadtest4456@loadtest.example.com,9000004456,ai-ml,Load Test 5K,Hyderabad,Acme Corp
Ritu Verma,loadtest4457@loadtest.example.com,9000004457,,Load Test 5K,Bengaluru,Globex
Vivek Verma,loadtest4458@loadtest.example.com,9000004458,agentic-ai,Load Test 5K,Mumbai,Initech
Shreya Shetty,loadtest4459@loadtest.example.com,9000004459,ai-ml,Load Test 5K,Pune,Hooli
Aarav Shetty,loadtest4460@loadtest.example.com,9000004460,,Load Test 5K,Chennai,Umbrella
Priya Shetty,loadtest4461@loadtest.example.com,9000004461,agentic-ai,Load Test 5K,Delhi,Stark Industries
Rohan Shetty,loadtest4462@loadtest.example.com,9000004462,ai-ml,Load Test 5K,Kolkata,Wayne Enterprises
Meera Shetty,loadtest4463@loadtest.example.com,9000004463,,Load Test 5K,Ahmedabad,Soylent
Vikram Shetty,loadtest4464@loadtest.example.com,9000004464,agentic-ai,Load Test 5K,Hyderabad,Acme Corp
Ananya Shetty,loadtest4465@loadtest.example.com,9000004465,ai-ml,Load Test 5K,Bengaluru,Globex
Karthik Banerjee,loadtest4466@loadtest.example.com,9000004466,,Load Test 5K,Mumbai,Initech
Sneha Banerjee,loadtest4467@loadtest.example.com,9000004467,agentic-ai,Load Test 5K,Pune,Hooli
Arjun Banerjee,loadtest4468@loadtest.example.com,9000004468,ai-ml,Load Test 5K,Chennai,Umbrella
Divya Banerjee,loadtest4469@loadtest.example.com,9000004469,,Load Test 5K,Delhi,Stark Industries
Rahul Banerjee,loadtest4470@loadtest.example.com,9000004470,agentic-ai,Load Test 5K,Kolkata,Wayne Enterprises
Pooja Banerjee,loadtest4471@loadtest.example.com,9000004471,ai-ml,Load Test 5K,Ahmedabad,Soylent
Aditya Banerjee,loadtest4472@loadtest.example.com,9000004472,,Load Test 5K,Hyderabad,Acme Corp
Nisha Kapoor,loadtest4473@loadtest.example.com,9000004473,agentic-ai,Load Test 5K,Bengaluru,Globex
Sanjay Kapoor,loadtest4474@loadtest.example.com,9000004474,ai-ml,Load Test 5K,Mumbai,Initech
Kavya Kapoor,loadtest4475@loadtest.example.com,9000004475,,Load Test 5K,Pune,Hooli
Manish Kapoor,loadtest4476@loadtest.example.com,9000004476,agentic-ai,Load Test 5K,Chennai,Umbrella
Ritu Kapoor,loadtest4477@loadtest.example.com,9000004477,ai-ml,Load Test 5K,Delhi,Stark Industries
Vivek Kapoor,loadtest4478@loadtest.example.com,9000004478,,Load Test 5K,Kolkata,Wayne Enterprises
Shreya Kapoor,loadtest4479@loadtest.example.com,9000004479,agentic-ai,Load Test 5K,Ahmedabad,Soylent
Aarav Sharma,loadtest4480@loadtest.example.com,9000004480,ai-ml,Load Test 5K,Hyderabad,Acme Corp
Priya Sharma,loadtest4481@loadtest.example.com,9000004481,,Load Test 5K,Bengaluru,Globex
Rohan Sharma,loadtest4482@loadtest.example.com,9000004482,agentic-ai,Load Test 5K,Mumbai,Initech
Meera Sharma,loadtest4483@loadtest.example.com,9000004483,ai-ml,Load Test 5K,Pune,Hooli
Vikram Sharma,loadtest4484@loadtest.example.com,9000004484,,Load Test 5K,Chennai,Umbrella
Ananya Sharma,loadtest4485@loadtest.example.com,9000004485,agentic-ai,Load Test 5K,Delhi,Stark Industries
Karthik Sharma,loadtest4486@loadtest.example.com,9000004486,ai-ml,Load Test 5K,Kolkata,Wayne Enterprises
Sneha Nair,loadtest4487@loadtest.example.com,9000004487,,Load Test 5K,Ahmedabad,Soylent
Arjun Nair,loadtest4488@loadtest.example.com,9000004488,agentic-ai,Load Test 5K,Hyderabad,Acme Corp
Divya Nair,loadtest4489@loadtest.example.com,9000004489,ai-ml,Load Test 5K,Bengaluru,Globex
Rahul Nair,loadtest4490@loadtest.example.com,9000004490,,Load Test 5K,Mumbai,Initech
Pooja Nair,loadtest4491@loadtest.example.com,9000004491,agentic-ai,Load Test 5K,Pune,Hooli
Aditya Nair,loadtest4492@loadtest.example.com,9000004492,ai-ml,Load Test 5K,Chennai,Umbrella
Nisha Nair,loadtest4493@loadtest.example.com,9000004493,,Load Test 5K,Delhi,Stark Industries
Sanjay Mehta,loadtest4494@loadtest.example.com,9000004494,agentic-ai,Load Test 5K,Kolkata,Wayne Enterprises
Kavya Mehta,loadtest4495@loadtest.example.com,9000004495,ai-ml,Load Test 5K,Ahmedabad,Soylent
Manish Mehta,loadtest4496@loadtest.example.com,9000004496,,Load Test 5K,Hyderabad,Acme Corp
Ritu Mehta,loadtest4497@loadtest.example.com,9000004497,agentic-ai,Load Test 5K,Bengaluru,Globex
Vivek Mehta,loadtest4498@loadtest.example.com,9000004498,ai-ml,Load Test 5K,Mumbai,Initech
Shreya Mehta,loadtest4499@loadtest.example.com,9000004499,,Load Test 5K,Pune,Hooli
Aarav Mehta,loadtest4500@loadtest.example.com,9000004500,agentic-ai,Load Test 5K,Chennai,Umbrella
Priya Iyer,loadtest4501@loadtest.example.com,9000004501,ai-ml,Load Test 5K,Delhi,Stark Industries
Rohan Iyer,loadtest4502@loadtest.example.com,9000004502,,Load Test 5K,Kolkata,Wayne Enterprises
Meera Iyer,loadtest4503@loadtest.example.com,9000004503,agentic-ai,Load Test 5K,Ahmedabad,Soylent
Vikram Iyer,loadtest4504@loadtest.example.com,9000004504,ai-ml,Load Test 5K,Hyderabad,Acme Corp
Ananya Iyer,loadtest4505@loadtest.example.com,9000004505,,Load Test 5K,Bengaluru,Globex
Karthik Iyer,loadtest4506@loadtest.example.com,9000004506,agentic-ai,Load Test 5K,Mumbai,Initech
Sneha Iyer,loadtest4507@loadtest.example.com,9000004507,ai-ml,Load Test 5K,Pune,Hooli
Arjun Reddy,loadtest4508@loadtest.example.com,9000004508,,Load Test 5K,Chennai,Umbrella
Divya Reddy,loadtest4509@loadtest.example.com,9000004509,agentic-ai,Load Test 5K,Delhi,Stark Industries
Rahul Reddy,loadtest4510@loadtest.example.com,9000004510,ai-ml,Load Test 5K,Kolkata,Wayne Enterprises
Pooja Reddy,loadtest4511@loadtest.example.com,9000004511,,Load Test 5K,Ahmedabad,Soylent
Aditya Reddy,loadtest4512@loadtest.example.com,9000004512,agentic-ai,Load Test 5K,Hyderabad,Acme Corp
Nisha Reddy,loadtest4513@loadtest.example.com,9000004513,ai-ml,Load Test 5K,Bengaluru,Globex
Sanjay Reddy,loadtest4514@loadtest.example.com,9000004514,,Load Test 5K,Mumbai,Initech
Kavya Gupta,loadtest4515@loadtest.example.com,9000004515,agentic-ai,Load Test 5K,Pune,Hooli
Manish Gupta,loadtest4516@loadtest.example.com,9000004516,ai-ml,Load Test 5K,Chennai,Umbrella
Ritu Gupta,loadtest4517@loadtest.example.com,9000004517,,Load Test 5K,Delhi,Stark Industries
Vivek Gupta,loadtest4518@loadtest.example.com,9000004518,agentic-ai,Load Test 5K,Kolkata,Wayne Enterprises
Shreya Gupta,loadtest4519@loadtest.example.com,9000004519,ai-ml,Load Test 5K,Ahmedabad,Soylent
Aarav Gupta,loadtest4520@loadtest.example.com,9000004520,,Load Test 5K,Hyderabad,Acme Corp
Priya Gupta,loadtest4521@loadtest.example.com,9000004521,agentic-ai,Load Test 5K,Bengaluru,Globex
Rohan Patel,loadtest4522@loadtest.example.com,9000004522,ai-ml,Load Test 5K,Mumbai,Initech
Meera Patel,loadtest4523@loadtest.example.com,9000004523,,Load Test 5K,Pune,Hooli
Vikram Patel,loadtest4524@loadtest.example.com,9000004524,agentic-ai,Load Test 5K,Chennai,Umbrella
Ananya Patel,loadtest4525@loadtest.example.com,9000004525,ai-ml,Load Test 5K,Delhi,Stark Industries
Karthik Patel,loadtest4526@loadtest.example.com,9000004526,,Load Test 5K,Kolkata,Wayne Enterprises
Sneha Patel,loadtest4527@loadtest.example.com,9000004527,agentic-ai,Load Test 5K,Ahmedabad,Soylent
Arjun Patel,loadtest4528@loadtest.example.com,9000004528,ai-ml,Load Test 5K,Hyderabad,Acme Corp
Divya Rao,loadtest4529@loadtest.example.com,9000004529,,Load Test 5K,Bengaluru,Globex
Rahul Rao,loadtest4530@loadtest.example.com,9000004530,agentic-ai,Load Test 5K,Mumbai,Initech
Pooja Rao,loadtest4531@loadtest.example.com,9000004531,ai-ml,Load Test 5K,Pune,Hooli
Aditya Rao,loadtest4532@loadtest.example.com,9000004532,,Load Test 5K,Chennai,Umbrella
Nisha Rao,loadtest4533@loadtest.example.com,9000004533,agentic-ai,Load Test 5K,Delhi,Stark Industries
Sanjay Rao,loadtest4534@loadtest.example.com,9000004534,ai-ml,Load Test 5K,Kolkata,Wayne Enterprises
Kavya Rao,loadtest4535@loadtest.example.com,9000004535,,Load Test 5K,Ahmedabad,Soylent
Manish Singh,loadtest4536@loadtest.example.com,9000004536,agentic-ai,Load Test 5K,Hyderabad,Acme Corp
Ritu Singh,loadtest4537@loadtest.example.com,9000004537,ai-ml,Load Test 5K,Bengaluru,Globex
Vivek Singh,loadtest4538@loadtest.example.com,9000004538,,Load Test 5K,Mumbai,Initech
Shreya Singh,loadtest4539@loadtest.example.com,9000004539,agentic-ai,Load Test 5K,Pune,Hooli
Aarav Singh,loadtest4540@loadtest.example.com,9000004540,ai-ml,Load Test 5K,Chennai,Umbrella
Priya Singh,loadtest4541@loadtest.example.com,9000004541,,Load Test 5K,Delhi,Stark Industries
Rohan Singh,loadtest4542@loadtest.example.com,9000004542,agentic-ai,Load Test 5K,Kolkata,Wayne Enterprises
Meera Joshi,loadtest4543@loadtest.example.com,9000004543,ai-ml,Load Test 5K,Ahmedabad,Soylent
Vikram Joshi,loadtest4544@loadtest.example.com,9000004544,,Load Test 5K,Hyderabad,Acme Corp
Ananya Joshi,loadtest4545@loadtest.example.com,9000004545,agentic-ai,Load Test 5K,Bengaluru,Globex
Karthik Joshi,loadtest4546@loadtest.example.com,9000004546,ai-ml,Load Test 5K,Mumbai,Initech
Sneha Joshi,loadtest4547@loadtest.example.com,9000004547,,Load Test 5K,Pune,Hooli
Arjun Joshi,loadtest4548@loadtest.example.com,9000004548,agentic-ai,Load Test 5K,Chennai,Umbrella
Divya Joshi,loadtest4549@loadtest.example.com,9000004549,ai-ml,Load Test 5K,Delhi,Stark Industries
Rahul Kumar,loadtest4550@loadtest.example.com,9000004550,,Load Test 5K,Kolkata,Wayne Enterprises
Pooja Kumar,loadtest4551@loadtest.example.com,9000004551,agentic-ai,Load Test 5K,Ahmedabad,Soylent
Aditya Kumar,loadtest4552@loadtest.example.com,9000004552,ai-ml,Load Test 5K,Hyderabad,Acme Corp
Nisha Kumar,loadtest4553@loadtest.example.com,9000004553,,Load Test 5K,Bengaluru,Globex
Sanjay Kumar,loadtest4554@loadtest.example.com,9000004554,agentic-ai,Load Test 5K,Mumbai,Initech
Kavya Kumar,loadtest4555@loadtest.example.com,9000004555,ai-ml,Load Test 5K,Pune,Hooli
Manish Kumar,loadtest4556@loadtest.example.com,9000004556,,Load Test 5K,Chennai,Umbrella
Ritu Desai,loadtest4557@loadtest.example.com,9000004557,agentic-ai,Load Test 5K,Delhi,Stark Industries
Vivek Desai,loadtest4558@loadtest.example.com,9000004558,ai-ml,Load Test 5K,Kolkata,Wayne Enterprises
Shreya Desai,loadtest4559@loadtest.example.com,9000004559,,Load Test 5K,Ahmedabad,Soylent
Aarav Desai,loadtest4560@loadtest.example.com,9000004560,agentic-ai,Load Test 5K,Hyderabad,Acme Corp
Priya Desai,loadtest4561@loadtest.example.com,9000004561,ai-ml,Load Test 5K,Bengaluru,Globex
Rohan Desai,loadtest4562@loadtest.example.com,9000004562,,Load Test 5K,Mumbai,Initech
Meera Desai,loadtest4563@loadtest.example.com,9000004563,agentic-ai,Load Test 5K,Pune,Hooli
Vikram Pillai,loadtest4564@loadtest.example.com,9000004564,ai-ml,Load Test 5K,Chennai,Umbrella
Ananya Pillai,loadtest4565@loadtest.example.com,9000004565,,Load Test 5K,Delhi,Stark Industries
Karthik Pillai,loadtest4566@loadtest.example.com,9000004566,agentic-ai,Load Test 5K,Kolkata,Wayne Enterprises
Sneha Pillai,loadtest4567@loadtest.example.com,9000004567,ai-ml,Load Test 5K,Ahmedabad,Soylent
Arjun Pillai,loadtest4568@loadtest.example.com,9000004568,,Load Test 5K,Hyderabad,Acme Corp
Divya Pillai,loadtest4569@loadtest.example.com,9000004569,agentic-ai,Load Test 5K,Bengaluru,Globex
Rahul Pillai,loadtest4570@loadtest.example.com,9000004570,ai-ml,Load Test 5K,Mumbai,Initech
Pooja Bose,loadtest4571@loadtest.example.com,9000004571,,Load Test 5K,Pune,Hooli
Aditya Bose,loadtest4572@loadtest.example.com,9000004572,agentic-ai,Load Test 5K,Chennai,Umbrella
Nisha Bose,loadtest4573@loadtest.example.com,9000004573,ai-ml,Load Test 5K,Delhi,Stark Industries
Sanjay Bose,loadtest4574@loadtest.example.com,9000004574,,Load Test 5K,Kolkata,Wayne Enterprises
Kavya Bose,loadtest4575@loadtest.example.com,9000004575,agentic-ai,Load Test 5K,Ahmedabad,Soylent
Manish Bose,loadtest4576@loadtest.example.com,9000004576,ai-ml,Load Test 5K,Hyderabad,Acme Corp
Ritu Bose,loadtest4577@loadtest.example.com,9000004577,,Load Test 5K,Bengaluru,Globex
Vivek Menon,loadtest4578@loadtest.example.com,9000004578,agentic-ai,Load Test 5K,Mumbai,Initech
Shreya Menon,loadtest4579@loadtest.example.com,9000004579,ai-ml,Load Test 5K,Pune,Hooli
Aarav Menon,loadtest4580@loadtest.example.com,9000004580,,Load Test 5K,Chennai,Umbrella
Priya Menon,loadtest4581@loadtest.example.com,9000004581,agentic-ai,Load Test 5K,Delhi,Stark Industries
Rohan Menon,loadtest4582@loadtest.example.com,9000004582,ai-ml,Load Test 5K,Kolkata,Wayne Enterprises
Meera Menon,loadtest4583@loadtest.example.com,9000004583,,Load Test 5K,Ahmedabad,Soylent
Vikram Menon,loadtest4584@loadtest.example.com,9000004584,agentic-ai,Load Test 5K,Hyderabad,Acme Corp
Ananya Chopra,loadtest4585@loadtest.example.com,9000004585,ai-ml,Load Test 5K,Bengaluru,Globex
Karthik Chopra,loadtest4586@loadtest.example.com,9000004586,,Load Test 5K,Mumbai,Initech
Sneha Chopra,loadtest4587@loadtest.example.com,9000004587,agentic-ai,Load Test 5K,Pune,Hooli
Arjun Chopra,loadtest4588@loadtest.example.com,9000004588,ai-ml,Load Test 5K,Chennai,Umbrella
Divya Chopra,loadtest4589@loadtest.example.com,9000004589,,Load Test 5K,Delhi,Stark Industries
Rahul Chopra,loadtest4590@loadtest.example.com,9000004590,agentic-ai,Load Test 5K,Kolkata,Wayne Enterprises
Pooja Chopra,loadtest4591@loadtest.example.com,9000004591,ai-ml,Load Test 5K,Ahmedabad,Soylent
Aditya Verma,loadtest4592@loadtest.example.com,9000004592,,Load Test 5K,Hyderabad,Acme Corp
Nisha Verma,loadtest4593@loadtest.example.com,9000004593,agentic-ai,Load Test 5K,Bengaluru,Globex
Sanjay Verma,loadtest4594@loadtest.example.com,9000004594,ai-ml,Load Test 5K,Mumbai,Initech
Kavya Verma,loadtest4595@loadtest.example.com,9000004595,,Load Test 5K,Pune,Hooli
Manish Verma,loadtest4596@loadtest.example.com,9000004596,agentic-ai,Load Test 5K,Chennai,Umbrella
Ritu Verma,loadtest4597@loadtest.example.com,9000004597,ai-ml,Load Test 5K,Delhi,Stark Industries
Vivek Verma,loadtest4598@loadtest.example.com,9000004598,,Load Test 5K,Kolkata,Wayne Enterprises
Shreya Shetty,loadtest4599@loadtest.example.com,9000004599,agentic-ai,Load Test 5K,Ahmedabad,Soylent
Aarav Shetty,loadtest4600@loadtest.example.com,9000004600,ai-ml,Load Test 5K,Hyderabad,Acme Corp
Priya Shetty,loadtest4601@loadtest.example.com,9000004601,,Load Test 5K,Bengaluru,Globex
Rohan Shetty,loadtest4602@loadtest.example.com,9000004602,agentic-ai,Load Test 5K,Mumbai,Initech
Meera Shetty,loadtest4603@loadtest.example.com,9000004603,ai-ml,Load Test 5K,Pune,Hooli
Vikram Shetty,loadtest4604@loadtest.example.com,9000004604,,Load Test 5K,Chennai,Umbrella
Ananya Shetty,loadtest4605@loadtest.example.com,9000004605,agentic-ai,Load Test 5K,Delhi,Stark Industries
Karthik Banerjee,loadtest4606@loadtest.example.com,9000004606,ai-ml,Load Test 5K,Kolkata,Wayne Enterprises
Sneha Banerjee,loadtest4607@loadtest.example.com,9000004607,,Load Test 5K,Ahmedabad,Soylent
Arjun Banerjee,loadtest4608@loadtest.example.com,9000004608,agentic-ai,Load Test 5K,Hyderabad,Acme Corp
Divya Banerjee,loadtest4609@loadtest.example.com,9000004609,ai-ml,Load Test 5K,Bengaluru,Globex
Rahul Banerjee,loadtest4610@loadtest.example.com,9000004610,,Load Test 5K,Mumbai,Initech
Pooja Banerjee,loadtest4611@loadtest.example.com,9000004611,agentic-ai,Load Test 5K,Pune,Hooli
Aditya Banerjee,loadtest4612@loadtest.example.com,9000004612,ai-ml,Load Test 5K,Chennai,Umbrella
Nisha Kapoor,loadtest4613@loadtest.example.com,9000004613,,Load Test 5K,Delhi,Stark Industries
Sanjay Kapoor,loadtest4614@loadtest.example.com,9000004614,agentic-ai,Load Test 5K,Kolkata,Wayne Enterprises
Kavya Kapoor,loadtest4615@loadtest.example.com,9000004615,ai-ml,Load Test 5K,Ahmedabad,Soylent
Manish Kapoor,loadtest4616@loadtest.example.com,9000004616,,Load Test 5K,Hyderabad,Acme Corp
Ritu Kapoor,loadtest4617@loadtest.example.com,9000004617,agentic-ai,Load Test 5K,Bengaluru,Globex
Vivek Kapoor,loadtest4618@loadtest.example.com,9000004618,ai-ml,Load Test 5K,Mumbai,Initech
Shreya Kapoor,loadtest4619@loadtest.example.com,9000004619,,Load Test 5K,Pune,Hooli
Aarav Sharma,loadtest4620@loadtest.example.com,9000004620,agentic-ai,Load Test 5K,Chennai,Umbrella
Priya Sharma,loadtest4621@loadtest.example.com,9000004621,ai-ml,Load Test 5K,Delhi,Stark Industries
Rohan Sharma,loadtest4622@loadtest.example.com,9000004622,,Load Test 5K,Kolkata,Wayne Enterprises
Meera Sharma,loadtest4623@loadtest.example.com,9000004623,agentic-ai,Load Test 5K,Ahmedabad,Soylent
Vikram Sharma,loadtest4624@loadtest.example.com,9000004624,ai-ml,Load Test 5K,Hyderabad,Acme Corp
Ananya Sharma,loadtest4625@loadtest.example.com,9000004625,,Load Test 5K,Bengaluru,Globex
Karthik Sharma,loadtest4626@loadtest.example.com,9000004626,agentic-ai,Load Test 5K,Mumbai,Initech
Sneha Nair,loadtest4627@loadtest.example.com,9000004627,ai-ml,Load Test 5K,Pune,Hooli
Arjun Nair,loadtest4628@loadtest.example.com,9000004628,,Load Test 5K,Chennai,Umbrella
Divya Nair,loadtest4629@loadtest.example.com,9000004629,agentic-ai,Load Test 5K,Delhi,Stark Industries
Rahul Nair,loadtest4630@loadtest.example.com,9000004630,ai-ml,Load Test 5K,Kolkata,Wayne Enterprises
Pooja Nair,loadtest4631@loadtest.example.com,9000004631,,Load Test 5K,Ahmedabad,Soylent
Aditya Nair,loadtest4632@loadtest.example.com,9000004632,agentic-ai,Load Test 5K,Hyderabad,Acme Corp
Nisha Nair,loadtest4633@loadtest.example.com,9000004633,ai-ml,Load Test 5K,Bengaluru,Globex
Sanjay Mehta,loadtest4634@loadtest.example.com,9000004634,,Load Test 5K,Mumbai,Initech
Kavya Mehta,loadtest4635@loadtest.example.com,9000004635,agentic-ai,Load Test 5K,Pune,Hooli
Manish Mehta,loadtest4636@loadtest.example.com,9000004636,ai-ml,Load Test 5K,Chennai,Umbrella
Ritu Mehta,loadtest4637@loadtest.example.com,9000004637,,Load Test 5K,Delhi,Stark Industries
Vivek Mehta,loadtest4638@loadtest.example.com,9000004638,agentic-ai,Load Test 5K,Kolkata,Wayne Enterprises
Shreya Mehta,loadtest4639@loadtest.example.com,9000004639,ai-ml,Load Test 5K,Ahmedabad,Soylent
Aarav Mehta,loadtest4640@loadtest.example.com,9000004640,,Load Test 5K,Hyderabad,Acme Corp
Priya Iyer,loadtest4641@loadtest.example.com,9000004641,agentic-ai,Load Test 5K,Bengaluru,Globex
Rohan Iyer,loadtest4642@loadtest.example.com,9000004642,ai-ml,Load Test 5K,Mumbai,Initech
Meera Iyer,loadtest4643@loadtest.example.com,9000004643,,Load Test 5K,Pune,Hooli
Vikram Iyer,loadtest4644@loadtest.example.com,9000004644,agentic-ai,Load Test 5K,Chennai,Umbrella
Ananya Iyer,loadtest4645@loadtest.example.com,9000004645,ai-ml,Load Test 5K,Delhi,Stark Industries
Karthik Iyer,loadtest4646@loadtest.example.com,9000004646,,Load Test 5K,Kolkata,Wayne Enterprises
Sneha Iyer,loadtest4647@loadtest.example.com,9000004647,agentic-ai,Load Test 5K,Ahmedabad,Soylent
Arjun Reddy,loadtest4648@loadtest.example.com,9000004648,ai-ml,Load Test 5K,Hyderabad,Acme Corp
Divya Reddy,loadtest4649@loadtest.example.com,9000004649,,Load Test 5K,Bengaluru,Globex
Rahul Reddy,loadtest4650@loadtest.example.com,9000004650,agentic-ai,Load Test 5K,Mumbai,Initech
Pooja Reddy,loadtest4651@loadtest.example.com,9000004651,ai-ml,Load Test 5K,Pune,Hooli
Aditya Reddy,loadtest4652@loadtest.example.com,9000004652,,Load Test 5K,Chennai,Umbrella
Nisha Reddy,loadtest4653@loadtest.example.com,9000004653,agentic-ai,Load Test 5K,Delhi,Stark Industries
Sanjay Reddy,loadtest4654@loadtest.example.com,9000004654,ai-ml,Load Test 5K,Kolkata,Wayne Enterprises
Kavya Gupta,loadtest4655@loadtest.example.com,9000004655,,Load Test 5K,Ahmedabad,Soylent
Manish Gupta,loadtest4656@loadtest.example.com,9000004656,agentic-ai,Load Test 5K,Hyderabad,Acme Corp
Ritu Gupta,loadtest4657@loadtest.example.com,9000004657,ai-ml,Load Test 5K,Bengaluru,Globex
Vivek Gupta,loadtest4658@loadtest.example.com,9000004658,,Load Test 5K,Mumbai,Initech
Shreya Gupta,loadtest4659@loadtest.example.com,9000004659,agentic-ai,Load Test 5K,Pune,Hooli
Aarav Gupta,loadtest4660@loadtest.example.com,9000004660,ai-ml,Load Test 5K,Chennai,Umbrella
Priya Gupta,loadtest4661@loadtest.example.com,9000004661,,Load Test 5K,Delhi,Stark Industries
Rohan Patel,loadtest4662@loadtest.example.com,9000004662,agentic-ai,Load Test 5K,Kolkata,Wayne Enterprises
Meera Patel,loadtest4663@loadtest.example.com,9000004663,ai-ml,Load Test 5K,Ahmedabad,Soylent
Vikram Patel,loadtest4664@loadtest.example.com,9000004664,,Load Test 5K,Hyderabad,Acme Corp
Ananya Patel,loadtest4665@loadtest.example.com,9000004665,agentic-ai,Load Test 5K,Bengaluru,Globex
Karthik Patel,loadtest4666@loadtest.example.com,9000004666,ai-ml,Load Test 5K,Mumbai,Initech
Sneha Patel,loadtest4667@loadtest.example.com,9000004667,,Load Test 5K,Pune,Hooli
Arjun Patel,loadtest4668@loadtest.example.com,9000004668,agentic-ai,Load Test 5K,Chennai,Umbrella
Divya Rao,loadtest4669@loadtest.example.com,9000004669,ai-ml,Load Test 5K,Delhi,Stark Industries
Rahul Rao,loadtest4670@loadtest.example.com,9000004670,,Load Test 5K,Kolkata,Wayne Enterprises
Pooja Rao,loadtest4671@loadtest.example.com,9000004671,agentic-ai,Load Test 5K,Ahmedabad,Soylent
Aditya Rao,loadtest4672@loadtest.example.com,9000004672,ai-ml,Load Test 5K,Hyderabad,Acme Corp
Nisha Rao,loadtest4673@loadtest.example.com,9000004673,,Load Test 5K,Bengaluru,Globex
Sanjay Rao,loadtest4674@loadtest.example.com,9000004674,agentic-ai,Load Test 5K,Mumbai,Initech
Kavya Rao,loadtest4675@loadtest.example.com,9000004675,ai-ml,Load Test 5K,Pune,Hooli
Manish Singh,loadtest4676@loadtest.example.com,9000004676,,Load Test 5K,Chennai,Umbrella
Ritu Singh,loadtest4677@loadtest.example.com,9000004677,agentic-ai,Load Test 5K,Delhi,Stark Industries
Vivek Singh,loadtest4678@loadtest.example.com,9000004678,ai-ml,Load Test 5K,Kolkata,Wayne Enterprises
Shreya Singh,loadtest4679@loadtest.example.com,9000004679,,Load Test 5K,Ahmedabad,Soylent
Aarav Singh,loadtest4680@loadtest.example.com,9000004680,agentic-ai,Load Test 5K,Hyderabad,Acme Corp
Priya Singh,loadtest4681@loadtest.example.com,9000004681,ai-ml,Load Test 5K,Bengaluru,Globex
Rohan Singh,loadtest4682@loadtest.example.com,9000004682,,Load Test 5K,Mumbai,Initech
Meera Joshi,loadtest4683@loadtest.example.com,9000004683,agentic-ai,Load Test 5K,Pune,Hooli
Vikram Joshi,loadtest4684@loadtest.example.com,9000004684,ai-ml,Load Test 5K,Chennai,Umbrella
Ananya Joshi,loadtest4685@loadtest.example.com,9000004685,,Load Test 5K,Delhi,Stark Industries
Karthik Joshi,loadtest4686@loadtest.example.com,9000004686,agentic-ai,Load Test 5K,Kolkata,Wayne Enterprises
Sneha Joshi,loadtest4687@loadtest.example.com,9000004687,ai-ml,Load Test 5K,Ahmedabad,Soylent
Arjun Joshi,loadtest4688@loadtest.example.com,9000004688,,Load Test 5K,Hyderabad,Acme Corp
Divya Joshi,loadtest4689@loadtest.example.com,9000004689,agentic-ai,Load Test 5K,Bengaluru,Globex
Rahul Kumar,loadtest4690@loadtest.example.com,9000004690,ai-ml,Load Test 5K,Mumbai,Initech
Pooja Kumar,loadtest4691@loadtest.example.com,9000004691,,Load Test 5K,Pune,Hooli
Aditya Kumar,loadtest4692@loadtest.example.com,9000004692,agentic-ai,Load Test 5K,Chennai,Umbrella
Nisha Kumar,loadtest4693@loadtest.example.com,9000004693,ai-ml,Load Test 5K,Delhi,Stark Industries
Sanjay Kumar,loadtest4694@loadtest.example.com,9000004694,,Load Test 5K,Kolkata,Wayne Enterprises
Kavya Kumar,loadtest4695@loadtest.example.com,9000004695,agentic-ai,Load Test 5K,Ahmedabad,Soylent
Manish Kumar,loadtest4696@loadtest.example.com,9000004696,ai-ml,Load Test 5K,Hyderabad,Acme Corp
Ritu Desai,loadtest4697@loadtest.example.com,9000004697,,Load Test 5K,Bengaluru,Globex
Vivek Desai,loadtest4698@loadtest.example.com,9000004698,agentic-ai,Load Test 5K,Mumbai,Initech
Shreya Desai,loadtest4699@loadtest.example.com,9000004699,ai-ml,Load Test 5K,Pune,Hooli
Aarav Desai,loadtest4700@loadtest.example.com,9000004700,,Load Test 5K,Chennai,Umbrella
Priya Desai,loadtest4701@loadtest.example.com,9000004701,agentic-ai,Load Test 5K,Delhi,Stark Industries
Rohan Desai,loadtest4702@loadtest.example.com,9000004702,ai-ml,Load Test 5K,Kolkata,Wayne Enterprises
Meera Desai,loadtest4703@loadtest.example.com,9000004703,,Load Test 5K,Ahmedabad,Soylent
Vikram Pillai,loadtest4704@loadtest.example.com,9000004704,agentic-ai,Load Test 5K,Hyderabad,Acme Corp
Ananya Pillai,loadtest4705@loadtest.example.com,9000004705,ai-ml,Load Test 5K,Bengaluru,Globex
Karthik Pillai,loadtest4706@loadtest.example.com,9000004706,,Load Test 5K,Mumbai,Initech
Sneha Pillai,loadtest4707@loadtest.example.com,9000004707,agentic-ai,Load Test 5K,Pune,Hooli
Arjun Pillai,loadtest4708@loadtest.example.com,9000004708,ai-ml,Load Test 5K,Chennai,Umbrella
Divya Pillai,loadtest4709@loadtest.example.com,9000004709,,Load Test 5K,Delhi,Stark Industries
Rahul Pillai,loadtest4710@loadtest.example.com,9000004710,agentic-ai,Load Test 5K,Kolkata,Wayne Enterprises
Pooja Bose,loadtest4711@loadtest.example.com,9000004711,ai-ml,Load Test 5K,Ahmedabad,Soylent
Aditya Bose,loadtest4712@loadtest.example.com,9000004712,,Load Test 5K,Hyderabad,Acme Corp
Nisha Bose,loadtest4713@loadtest.example.com,9000004713,agentic-ai,Load Test 5K,Bengaluru,Globex
Sanjay Bose,loadtest4714@loadtest.example.com,9000004714,ai-ml,Load Test 5K,Mumbai,Initech
Kavya Bose,loadtest4715@loadtest.example.com,9000004715,,Load Test 5K,Pune,Hooli
Manish Bose,loadtest4716@loadtest.example.com,9000004716,agentic-ai,Load Test 5K,Chennai,Umbrella
Ritu Bose,loadtest4717@loadtest.example.com,9000004717,ai-ml,Load Test 5K,Delhi,Stark Industries
Vivek Menon,loadtest4718@loadtest.example.com,9000004718,,Load Test 5K,Kolkata,Wayne Enterprises
Shreya Menon,loadtest4719@loadtest.example.com,9000004719,agentic-ai,Load Test 5K,Ahmedabad,Soylent
Aarav Menon,loadtest4720@loadtest.example.com,9000004720,ai-ml,Load Test 5K,Hyderabad,Acme Corp
Priya Menon,loadtest4721@loadtest.example.com,9000004721,,Load Test 5K,Bengaluru,Globex
Rohan Menon,loadtest4722@loadtest.example.com,9000004722,agentic-ai,Load Test 5K,Mumbai,Initech
Meera Menon,loadtest4723@loadtest.example.com,9000004723,ai-ml,Load Test 5K,Pune,Hooli
Vikram Menon,loadtest4724@loadtest.example.com,9000004724,,Load Test 5K,Chennai,Umbrella
Ananya Chopra,loadtest4725@loadtest.example.com,9000004725,agentic-ai,Load Test 5K,Delhi,Stark Industries
Karthik Chopra,loadtest4726@loadtest.example.com,9000004726,ai-ml,Load Test 5K,Kolkata,Wayne Enterprises
Sneha Chopra,loadtest4727@loadtest.example.com,9000004727,,Load Test 5K,Ahmedabad,Soylent
Arjun Chopra,loadtest4728@loadtest.example.com,9000004728,agentic-ai,Load Test 5K,Hyderabad,Acme Corp
Divya Chopra,loadtest4729@loadtest.example.com,9000004729,ai-ml,Load Test 5K,Bengaluru,Globex
Rahul Chopra,loadtest4730@loadtest.example.com,9000004730,,Load Test 5K,Mumbai,Initech
Pooja Chopra,loadtest4731@loadtest.example.com,9000004731,agentic-ai,Load Test 5K,Pune,Hooli
Aditya Verma,loadtest4732@loadtest.example.com,9000004732,ai-ml,Load Test 5K,Chennai,Umbrella
Nisha Verma,loadtest4733@loadtest.example.com,9000004733,,Load Test 5K,Delhi,Stark Industries
Sanjay Verma,loadtest4734@loadtest.example.com,9000004734,agentic-ai,Load Test 5K,Kolkata,Wayne Enterprises
Kavya Verma,loadtest4735@loadtest.example.com,9000004735,ai-ml,Load Test 5K,Ahmedabad,Soylent
Manish Verma,loadtest4736@loadtest.example.com,9000004736,,Load Test 5K,Hyderabad,Acme Corp
Ritu Verma,loadtest4737@loadtest.example.com,9000004737,agentic-ai,Load Test 5K,Bengaluru,Globex
Vivek Verma,loadtest4738@loadtest.example.com,9000004738,ai-ml,Load Test 5K,Mumbai,Initech
Shreya Shetty,loadtest4739@loadtest.example.com,9000004739,,Load Test 5K,Pune,Hooli
Aarav Shetty,loadtest4740@loadtest.example.com,9000004740,agentic-ai,Load Test 5K,Chennai,Umbrella
Priya Shetty,loadtest4741@loadtest.example.com,9000004741,ai-ml,Load Test 5K,Delhi,Stark Industries
Rohan Shetty,loadtest4742@loadtest.example.com,9000004742,,Load Test 5K,Kolkata,Wayne Enterprises
Meera Shetty,loadtest4743@loadtest.example.com,9000004743,agentic-ai,Load Test 5K,Ahmedabad,Soylent
Vikram Shetty,loadtest4744@loadtest.example.com,9000004744,ai-ml,Load Test 5K,Hyderabad,Acme Corp
Ananya Shetty,loadtest4745@loadtest.example.com,9000004745,,Load Test 5K,Bengaluru,Globex
Karthik Banerjee,loadtest4746@loadtest.example.com,9000004746,agentic-ai,Load Test 5K,Mumbai,Initech
Sneha Banerjee,loadtest4747@loadtest.example.com,9000004747,ai-ml,Load Test 5K,Pune,Hooli
Arjun Banerjee,loadtest4748@loadtest.example.com,9000004748,,Load Test 5K,Chennai,Umbrella
Divya Banerjee,loadtest4749@loadtest.example.com,9000004749,agentic-ai,Load Test 5K,Delhi,Stark Industries
Rahul Banerjee,loadtest4750@loadtest.example.com,9000004750,ai-ml,Load Test 5K,Kolkata,Wayne Enterprises
Pooja Banerjee,loadtest4751@loadtest.example.com,9000004751,,Load Test 5K,Ahmedabad,Soylent
Aditya Banerjee,loadtest4752@loadtest.example.com,9000004752,agentic-ai,Load Test 5K,Hyderabad,Acme Corp
Nisha Kapoor,loadtest4753@loadtest.example.com,9000004753,ai-ml,Load Test 5K,Bengaluru,Globex
Sanjay Kapoor,loadtest4754@loadtest.example.com,9000004754,,Load Test 5K,Mumbai,Initech
Kavya Kapoor,loadtest4755@loadtest.example.com,9000004755,agentic-ai,Load Test 5K,Pune,Hooli
Manish Kapoor,loadtest4756@loadtest.example.com,9000004756,ai-ml,Load Test 5K,Chennai,Umbrella
Ritu Kapoor,loadtest4757@loadtest.example.com,9000004757,,Load Test 5K,Delhi,Stark Industries
Vivek Kapoor,loadtest4758@loadtest.example.com,9000004758,agentic-ai,Load Test 5K,Kolkata,Wayne Enterprises
Shreya Kapoor,loadtest4759@loadtest.example.com,9000004759,ai-ml,Load Test 5K,Ahmedabad,Soylent
Aarav Sharma,loadtest4760@loadtest.example.com,9000004760,,Load Test 5K,Hyderabad,Acme Corp
Priya Sharma,loadtest4761@loadtest.example.com,9000004761,agentic-ai,Load Test 5K,Bengaluru,Globex
Rohan Sharma,loadtest4762@loadtest.example.com,9000004762,ai-ml,Load Test 5K,Mumbai,Initech
Meera Sharma,loadtest4763@loadtest.example.com,9000004763,,Load Test 5K,Pune,Hooli
Vikram Sharma,loadtest4764@loadtest.example.com,9000004764,agentic-ai,Load Test 5K,Chennai,Umbrella
Ananya Sharma,loadtest4765@loadtest.example.com,9000004765,ai-ml,Load Test 5K,Delhi,Stark Industries
Karthik Sharma,loadtest4766@loadtest.example.com,9000004766,,Load Test 5K,Kolkata,Wayne Enterprises
Sneha Nair,loadtest4767@loadtest.example.com,9000004767,agentic-ai,Load Test 5K,Ahmedabad,Soylent
Arjun Nair,loadtest4768@loadtest.example.com,9000004768,ai-ml,Load Test 5K,Hyderabad,Acme Corp
Divya Nair,loadtest4769@loadtest.example.com,9000004769,,Load Test 5K,Bengaluru,Globex
Rahul Nair,loadtest4770@loadtest.example.com,9000004770,agentic-ai,Load Test 5K,Mumbai,Initech
Pooja Nair,loadtest4771@loadtest.example.com,9000004771,ai-ml,Load Test 5K,Pune,Hooli
Aditya Nair,loadtest4772@loadtest.example.com,9000004772,,Load Test 5K,Chennai,Umbrella
Nisha Nair,loadtest4773@loadtest.example.com,9000004773,agentic-ai,Load Test 5K,Delhi,Stark Industries
Sanjay Mehta,loadtest4774@loadtest.example.com,9000004774,ai-ml,Load Test 5K,Kolkata,Wayne Enterprises
Kavya Mehta,loadtest4775@loadtest.example.com,9000004775,,Load Test 5K,Ahmedabad,Soylent
Manish Mehta,loadtest4776@loadtest.example.com,9000004776,agentic-ai,Load Test 5K,Hyderabad,Acme Corp
Ritu Mehta,loadtest4777@loadtest.example.com,9000004777,ai-ml,Load Test 5K,Bengaluru,Globex
Vivek Mehta,loadtest4778@loadtest.example.com,9000004778,,Load Test 5K,Mumbai,Initech
Shreya Mehta,loadtest4779@loadtest.example.com,9000004779,agentic-ai,Load Test 5K,Pune,Hooli
Aarav Mehta,loadtest4780@loadtest.example.com,9000004780,ai-ml,Load Test 5K,Chennai,Umbrella
Priya Iyer,loadtest4781@loadtest.example.com,9000004781,,Load Test 5K,Delhi,Stark Industries
Rohan Iyer,loadtest4782@loadtest.example.com,9000004782,agentic-ai,Load Test 5K,Kolkata,Wayne Enterprises
Meera Iyer,loadtest4783@loadtest.example.com,9000004783,ai-ml,Load Test 5K,Ahmedabad,Soylent
Vikram Iyer,loadtest4784@loadtest.example.com,9000004784,,Load Test 5K,Hyderabad,Acme Corp
Ananya Iyer,loadtest4785@loadtest.example.com,9000004785,agentic-ai,Load Test 5K,Bengaluru,Globex
Karthik Iyer,loadtest4786@loadtest.example.com,9000004786,ai-ml,Load Test 5K,Mumbai,Initech
Sneha Iyer,loadtest4787@loadtest.example.com,9000004787,,Load Test 5K,Pune,Hooli
Arjun Reddy,loadtest4788@loadtest.example.com,9000004788,agentic-ai,Load Test 5K,Chennai,Umbrella
Divya Reddy,loadtest4789@loadtest.example.com,9000004789,ai-ml,Load Test 5K,Delhi,Stark Industries
Rahul Reddy,loadtest4790@loadtest.example.com,9000004790,,Load Test 5K,Kolkata,Wayne Enterprises
Pooja Reddy,loadtest4791@loadtest.example.com,9000004791,agentic-ai,Load Test 5K,Ahmedabad,Soylent
Aditya Reddy,loadtest4792@loadtest.example.com,9000004792,ai-ml,Load Test 5K,Hyderabad,Acme Corp
Nisha Reddy,loadtest4793@loadtest.example.com,9000004793,,Load Test 5K,Bengaluru,Globex
Sanjay Reddy,loadtest4794@loadtest.example.com,9000004794,agentic-ai,Load Test 5K,Mumbai,Initech
Kavya Gupta,loadtest4795@loadtest.example.com,9000004795,ai-ml,Load Test 5K,Pune,Hooli
Manish Gupta,loadtest4796@loadtest.example.com,9000004796,,Load Test 5K,Chennai,Umbrella
Ritu Gupta,loadtest4797@loadtest.example.com,9000004797,agentic-ai,Load Test 5K,Delhi,Stark Industries
Vivek Gupta,loadtest4798@loadtest.example.com,9000004798,ai-ml,Load Test 5K,Kolkata,Wayne Enterprises
Shreya Gupta,loadtest4799@loadtest.example.com,9000004799,,Load Test 5K,Ahmedabad,Soylent
Aarav Gupta,loadtest4800@loadtest.example.com,9000004800,agentic-ai,Load Test 5K,Hyderabad,Acme Corp
Priya Gupta,loadtest4801@loadtest.example.com,9000004801,ai-ml,Load Test 5K,Bengaluru,Globex
Rohan Patel,loadtest4802@loadtest.example.com,9000004802,,Load Test 5K,Mumbai,Initech
Meera Patel,loadtest4803@loadtest.example.com,9000004803,agentic-ai,Load Test 5K,Pune,Hooli
Vikram Patel,loadtest4804@loadtest.example.com,9000004804,ai-ml,Load Test 5K,Chennai,Umbrella
Ananya Patel,loadtest4805@loadtest.example.com,9000004805,,Load Test 5K,Delhi,Stark Industries
Karthik Patel,loadtest4806@loadtest.example.com,9000004806,agentic-ai,Load Test 5K,Kolkata,Wayne Enterprises
Sneha Patel,loadtest4807@loadtest.example.com,9000004807,ai-ml,Load Test 5K,Ahmedabad,Soylent
Arjun Patel,loadtest4808@loadtest.example.com,9000004808,,Load Test 5K,Hyderabad,Acme Corp
Divya Rao,loadtest4809@loadtest.example.com,9000004809,agentic-ai,Load Test 5K,Bengaluru,Globex
Rahul Rao,loadtest4810@loadtest.example.com,9000004810,ai-ml,Load Test 5K,Mumbai,Initech
Pooja Rao,loadtest4811@loadtest.example.com,9000004811,,Load Test 5K,Pune,Hooli
Aditya Rao,loadtest4812@loadtest.example.com,9000004812,agentic-ai,Load Test 5K,Chennai,Umbrella
Nisha Rao,loadtest4813@loadtest.example.com,9000004813,ai-ml,Load Test 5K,Delhi,Stark Industries
Sanjay Rao,loadtest4814@loadtest.example.com,9000004814,,Load Test 5K,Kolkata,Wayne Enterprises
Kavya Rao,loadtest4815@loadtest.example.com,9000004815,agentic-ai,Load Test 5K,Ahmedabad,Soylent
Manish Singh,loadtest4816@loadtest.example.com,9000004816,ai-ml,Load Test 5K,Hyderabad,Acme Corp
Ritu Singh,loadtest4817@loadtest.example.com,9000004817,,Load Test 5K,Bengaluru,Globex
Vivek Singh,loadtest4818@loadtest.example.com,9000004818,agentic-ai,Load Test 5K,Mumbai,Initech
Shreya Singh,loadtest4819@loadtest.example.com,9000004819,ai-ml,Load Test 5K,Pune,Hooli
Aarav Singh,loadtest4820@loadtest.example.com,9000004820,,Load Test 5K,Chennai,Umbrella
Priya Singh,loadtest4821@loadtest.example.com,9000004821,agentic-ai,Load Test 5K,Delhi,Stark Industries
Rohan Singh,loadtest4822@loadtest.example.com,9000004822,ai-ml,Load Test 5K,Kolkata,Wayne Enterprises
Meera Joshi,loadtest4823@loadtest.example.com,9000004823,,Load Test 5K,Ahmedabad,Soylent
Vikram Joshi,loadtest4824@loadtest.example.com,9000004824,agentic-ai,Load Test 5K,Hyderabad,Acme Corp
Ananya Joshi,loadtest4825@loadtest.example.com,9000004825,ai-ml,Load Test 5K,Bengaluru,Globex
Karthik Joshi,loadtest4826@loadtest.example.com,9000004826,,Load Test 5K,Mumbai,Initech
Sneha Joshi,loadtest4827@loadtest.example.com,9000004827,agentic-ai,Load Test 5K,Pune,Hooli
Arjun Joshi,loadtest4828@loadtest.example.com,9000004828,ai-ml,Load Test 5K,Chennai,Umbrella
Divya Joshi,loadtest4829@loadtest.example.com,9000004829,,Load Test 5K,Delhi,Stark Industries
Rahul Kumar,loadtest4830@loadtest.example.com,9000004830,agentic-ai,Load Test 5K,Kolkata,Wayne Enterprises
Pooja Kumar,loadtest4831@loadtest.example.com,9000004831,ai-ml,Load Test 5K,Ahmedabad,Soylent
Aditya Kumar,loadtest4832@loadtest.example.com,9000004832,,Load Test 5K,Hyderabad,Acme Corp
Nisha Kumar,loadtest4833@loadtest.example.com,9000004833,agentic-ai,Load Test 5K,Bengaluru,Globex
Sanjay Kumar,loadtest4834@loadtest.example.com,9000004834,ai-ml,Load Test 5K,Mumbai,Initech
Kavya Kumar,loadtest4835@loadtest.example.com,9000004835,,Load Test 5K,Pune,Hooli
Manish Kumar,loadtest4836@loadtest.example.com,9000004836,agentic-ai,Load Test 5K,Chennai,Umbrella
Ritu Desai,loadtest4837@loadtest.example.com,9000004837,ai-ml,Load Test 5K,Delhi,Stark Industries
Vivek Desai,loadtest4838@loadtest.example.com,9000004838,,Load Test 5K,Kolkata,Wayne Enterprises
Shreya Desai,loadtest4839@loadtest.example.com,9000004839,agentic-ai,Load Test 5K,Ahmedabad,Soylent
Aarav Desai,loadtest4840@loadtest.example.com,9000004840,ai-ml,Load Test 5K,Hyderabad,Acme Corp
Priya Desai,loadtest4841@loadtest.example.com,9000004841,,Load Test 5K,Bengaluru,Globex
Rohan Desai,loadtest4842@loadtest.example.com,9000004842,agentic-ai,Load Test 5K,Mumbai,Initech
Meera Desai,loadtest4843@loadtest.example.com,9000004843,ai-ml,Load Test 5K,Pune,Hooli
Vikram Pillai,loadtest4844@loadtest.example.com,9000004844,,Load Test 5K,Chennai,Umbrella
Ananya Pillai,loadtest4845@loadtest.example.com,9000004845,agentic-ai,Load Test 5K,Delhi,Stark Industries
Karthik Pillai,loadtest4846@loadtest.example.com,9000004846,ai-ml,Load Test 5K,Kolkata,Wayne Enterprises
Sneha Pillai,loadtest4847@loadtest.example.com,9000004847,,Load Test 5K,Ahmedabad,Soylent
Arjun Pillai,loadtest4848@loadtest.example.com,9000004848,agentic-ai,Load Test 5K,Hyderabad,Acme Corp
Divya Pillai,loadtest4849@loadtest.example.com,9000004849,ai-ml,Load Test 5K,Bengaluru,Globex
Rahul Pillai,loadtest4850@loadtest.example.com,9000004850,,Load Test 5K,Mumbai,Initech
Pooja Bose,loadtest4851@loadtest.example.com,9000004851,agentic-ai,Load Test 5K,Pune,Hooli
Aditya Bose,loadtest4852@loadtest.example.com,9000004852,ai-ml,Load Test 5K,Chennai,Umbrella
Nisha Bose,loadtest4853@loadtest.example.com,9000004853,,Load Test 5K,Delhi,Stark Industries
Sanjay Bose,loadtest4854@loadtest.example.com,9000004854,agentic-ai,Load Test 5K,Kolkata,Wayne Enterprises
Kavya Bose,loadtest4855@loadtest.example.com,9000004855,ai-ml,Load Test 5K,Ahmedabad,Soylent
Manish Bose,loadtest4856@loadtest.example.com,9000004856,,Load Test 5K,Hyderabad,Acme Corp
Ritu Bose,loadtest4857@loadtest.example.com,9000004857,agentic-ai,Load Test 5K,Bengaluru,Globex
Vivek Menon,loadtest4858@loadtest.example.com,9000004858,ai-ml,Load Test 5K,Mumbai,Initech
Shreya Menon,loadtest4859@loadtest.example.com,9000004859,,Load Test 5K,Pune,Hooli
Aarav Menon,loadtest4860@loadtest.example.com,9000004860,agentic-ai,Load Test 5K,Chennai,Umbrella
Priya Menon,loadtest4861@loadtest.example.com,9000004861,ai-ml,Load Test 5K,Delhi,Stark Industries
Rohan Menon,loadtest4862@loadtest.example.com,9000004862,,Load Test 5K,Kolkata,Wayne Enterprises
Meera Menon,loadtest4863@loadtest.example.com,9000004863,agentic-ai,Load Test 5K,Ahmedabad,Soylent
Vikram Menon,loadtest4864@loadtest.example.com,9000004864,ai-ml,Load Test 5K,Hyderabad,Acme Corp
Ananya Chopra,loadtest4865@loadtest.example.com,9000004865,,Load Test 5K,Bengaluru,Globex
Karthik Chopra,loadtest4866@loadtest.example.com,9000004866,agentic-ai,Load Test 5K,Mumbai,Initech
Sneha Chopra,loadtest4867@loadtest.example.com,9000004867,ai-ml,Load Test 5K,Pune,Hooli
Arjun Chopra,loadtest4868@loadtest.example.com,9000004868,,Load Test 5K,Chennai,Umbrella
Divya Chopra,loadtest4869@loadtest.example.com,9000004869,agentic-ai,Load Test 5K,Delhi,Stark Industries
Rahul Chopra,loadtest4870@loadtest.example.com,9000004870,ai-ml,Load Test 5K,Kolkata,Wayne Enterprises
Pooja Chopra,loadtest4871@loadtest.example.com,9000004871,,Load Test 5K,Ahmedabad,Soylent
Aditya Verma,loadtest4872@loadtest.example.com,9000004872,agentic-ai,Load Test 5K,Hyderabad,Acme Corp
Nisha Verma,loadtest4873@loadtest.example.com,9000004873,ai-ml,Load Test 5K,Bengaluru,Globex
Sanjay Verma,loadtest4874@loadtest.example.com,9000004874,,Load Test 5K,Mumbai,Initech
Kavya Verma,loadtest4875@loadtest.example.com,9000004875,agentic-ai,Load Test 5K,Pune,Hooli
Manish Verma,loadtest4876@loadtest.example.com,9000004876,ai-ml,Load Test 5K,Chennai,Umbrella
Ritu Verma,loadtest4877@loadtest.example.com,9000004877,,Load Test 5K,Delhi,Stark Industries
Vivek Verma,loadtest4878@loadtest.example.com,9000004878,agentic-ai,Load Test 5K,Kolkata,Wayne Enterprises
Shreya Shetty,loadtest4879@loadtest.example.com,9000004879,ai-ml,Load Test 5K,Ahmedabad,Soylent
Aarav Shetty,loadtest4880@loadtest.example.com,9000004880,,Load Test 5K,Hyderabad,Acme Corp
Priya Shetty,loadtest4881@loadtest.example.com,9000004881,agentic-ai,Load Test 5K,Bengaluru,Globex
Rohan Shetty,loadtest4882@loadtest.example.com,9000004882,ai-ml,Load Test 5K,Mumbai,Initech
Meera Shetty,loadtest4883@loadtest.example.com,9000004883,,Load Test 5K,Pune,Hooli
Vikram Shetty,loadtest4884@loadtest.example.com,9000004884,agentic-ai,Load Test 5K,Chennai,Umbrella
Ananya Shetty,loadtest4885@loadtest.example.com,9000004885,ai-ml,Load Test 5K,Delhi,Stark Industries
Karthik Banerjee,loadtest4886@loadtest.example.com,9000004886,,Load Test 5K,Kolkata,Wayne Enterprises
Sneha Banerjee,loadtest4887@loadtest.example.com,9000004887,agentic-ai,Load Test 5K,Ahmedabad,Soylent
Arjun Banerjee,loadtest4888@loadtest.example.com,9000004888,ai-ml,Load Test 5K,Hyderabad,Acme Corp
Divya Banerjee,loadtest4889@loadtest.example.com,9000004889,,Load Test 5K,Bengaluru,Globex
Rahul Banerjee,loadtest4890@loadtest.example.com,9000004890,agentic-ai,Load Test 5K,Mumbai,Initech
Pooja Banerjee,loadtest4891@loadtest.example.com,9000004891,ai-ml,Load Test 5K,Pune,Hooli
Aditya Banerjee,loadtest4892@loadtest.example.com,9000004892,,Load Test 5K,Chennai,Umbrella
Nisha Kapoor,loadtest4893@loadtest.example.com,9000004893,agentic-ai,Load Test 5K,Delhi,Stark Industries
Sanjay Kapoor,loadtest4894@loadtest.example.com,9000004894,ai-ml,Load Test 5K,Kolkata,Wayne Enterprises
Kavya Kapoor,loadtest4895@loadtest.example.com,9000004895,,Load Test 5K,Ahmedabad,Soylent
Manish Kapoor,loadtest4896@loadtest.example.com,9000004896,agentic-ai,Load Test 5K,Hyderabad,Acme Corp
Ritu Kapoor,loadtest4897@loadtest.example.com,9000004897,ai-ml,Load Test 5K,Bengaluru,Globex
Vivek Kapoor,loadtest4898@loadtest.example.com,9000004898,,Load Test 5K,Mumbai,Initech
Shreya Kapoor,loadtest4899@loadtest.example.com,9000004899,agentic-ai,Load Test 5K,Pune,Hooli
Aarav Sharma,loadtest4900@loadtest.example.com,9000004900,ai-ml,Load Test 5K,Chennai,Umbrella
Priya Sharma,loadtest4901@loadtest.example.com,9000004901,,Load Test 5K,Delhi,Stark Industries
Rohan Sharma,loadtest4902@loadtest.example.com,9000004902,agentic-ai,Load Test 5K,Kolkata,Wayne Enterprises
Meera Sharma,loadtest4903@loadtest.example.com,9000004903,ai-ml,Load Test 5K,Ahmedabad,Soylent
Vikram Sharma,loadtest4904@loadtest.example.com,9000004904,,Load Test 5K,Hyderabad,Acme Corp
Ananya Sharma,loadtest4905@loadtest.example.com,9000004905,agentic-ai,Load Test 5K,Bengaluru,Globex
Karthik Sharma,loadtest4906@loadtest.example.com,9000004906,ai-ml,Load Test 5K,Mumbai,Initech
Sneha Nair,loadtest4907@loadtest.example.com,9000004907,,Load Test 5K,Pune,Hooli
Arjun Nair,loadtest4908@loadtest.example.com,9000004908,agentic-ai,Load Test 5K,Chennai,Umbrella
Divya Nair,loadtest4909@loadtest.example.com,9000004909,ai-ml,Load Test 5K,Delhi,Stark Industries
Rahul Nair,loadtest4910@loadtest.example.com,9000004910,,Load Test 5K,Kolkata,Wayne Enterprises
Pooja Nair,loadtest4911@loadtest.example.com,9000004911,agentic-ai,Load Test 5K,Ahmedabad,Soylent
Aditya Nair,loadtest4912@loadtest.example.com,9000004912,ai-ml,Load Test 5K,Hyderabad,Acme Corp
Nisha Nair,loadtest4913@loadtest.example.com,9000004913,,Load Test 5K,Bengaluru,Globex
Sanjay Mehta,loadtest4914@loadtest.example.com,9000004914,agentic-ai,Load Test 5K,Mumbai,Initech
Kavya Mehta,loadtest4915@loadtest.example.com,9000004915,ai-ml,Load Test 5K,Pune,Hooli
Manish Mehta,loadtest4916@loadtest.example.com,9000004916,,Load Test 5K,Chennai,Umbrella
Ritu Mehta,loadtest4917@loadtest.example.com,9000004917,agentic-ai,Load Test 5K,Delhi,Stark Industries
Vivek Mehta,loadtest4918@loadtest.example.com,9000004918,ai-ml,Load Test 5K,Kolkata,Wayne Enterprises
Shreya Mehta,loadtest4919@loadtest.example.com,9000004919,,Load Test 5K,Ahmedabad,Soylent
Aarav Mehta,loadtest4920@loadtest.example.com,9000004920,agentic-ai,Load Test 5K,Hyderabad,Acme Corp
Priya Iyer,loadtest4921@loadtest.example.com,9000004921,ai-ml,Load Test 5K,Bengaluru,Globex
Rohan Iyer,loadtest4922@loadtest.example.com,9000004922,,Load Test 5K,Mumbai,Initech
Meera Iyer,loadtest4923@loadtest.example.com,9000004923,agentic-ai,Load Test 5K,Pune,Hooli
Vikram Iyer,loadtest4924@loadtest.example.com,9000004924,ai-ml,Load Test 5K,Chennai,Umbrella
Ananya Iyer,loadtest4925@loadtest.example.com,9000004925,,Load Test 5K,Delhi,Stark Industries
Karthik Iyer,loadtest4926@loadtest.example.com,9000004926,agentic-ai,Load Test 5K,Kolkata,Wayne Enterprises
Sneha Iyer,loadtest4927@loadtest.example.com,9000004927,ai-ml,Load Test 5K,Ahmedabad,Soylent
Arjun Reddy,loadtest4928@loadtest.example.com,9000004928,,Load Test 5K,Hyderabad,Acme Corp
Divya Reddy,loadtest4929@loadtest.example.com,9000004929,agentic-ai,Load Test 5K,Bengaluru,Globex
Rahul Reddy,loadtest4930@loadtest.example.com,9000004930,ai-ml,Load Test 5K,Mumbai,Initech
Pooja Reddy,loadtest4931@loadtest.example.com,9000004931,,Load Test 5K,Pune,Hooli
Aditya Reddy,loadtest4932@loadtest.example.com,9000004932,agentic-ai,Load Test 5K,Chennai,Umbrella
Nisha Reddy,loadtest4933@loadtest.example.com,9000004933,ai-ml,Load Test 5K,Delhi,Stark Industries
Sanjay Reddy,loadtest4934@loadtest.example.com,9000004934,,Load Test 5K,Kolkata,Wayne Enterprises
Kavya Gupta,loadtest4935@loadtest.example.com,9000004935,agentic-ai,Load Test 5K,Ahmedabad,Soylent
Manish Gupta,loadtest4936@loadtest.example.com,9000004936,ai-ml,Load Test 5K,Hyderabad,Acme Corp
Ritu Gupta,loadtest4937@loadtest.example.com,9000004937,,Load Test 5K,Bengaluru,Globex
Vivek Gupta,loadtest4938@loadtest.example.com,9000004938,agentic-ai,Load Test 5K,Mumbai,Initech
Shreya Gupta,loadtest4939@loadtest.example.com,9000004939,ai-ml,Load Test 5K,Pune,Hooli
Aarav Gupta,loadtest4940@loadtest.example.com,9000004940,,Load Test 5K,Chennai,Umbrella
Priya Gupta,loadtest4941@loadtest.example.com,9000004941,agentic-ai,Load Test 5K,Delhi,Stark Industries
Rohan Patel,loadtest4942@loadtest.example.com,9000004942,ai-ml,Load Test 5K,Kolkata,Wayne Enterprises
Meera Patel,loadtest4943@loadtest.example.com,9000004943,,Load Test 5K,Ahmedabad,Soylent
Vikram Patel,loadtest4944@loadtest.example.com,9000004944,agentic-ai,Load Test 5K,Hyderabad,Acme Corp
Ananya Patel,loadtest4945@loadtest.example.com,9000004945,ai-ml,Load Test 5K,Bengaluru,Globex
Karthik Patel,loadtest4946@loadtest.example.com,9000004946,,Load Test 5K,Mumbai,Initech
Sneha Patel,loadtest4947@loadtest.example.com,9000004947,agentic-ai,Load Test 5K,Pune,Hooli
Arjun Patel,loadtest4948@loadtest.example.com,9000004948,ai-ml,Load Test 5K,Chennai,Umbrella
Divya Rao,loadtest4949@loadtest.example.com,9000004949,,Load Test 5K,Delhi,Stark Industries
Rahul Rao,loadtest4950@loadtest.example.com,9000004950,agentic-ai,Load Test 5K,Kolkata,Wayne Enterprises
Pooja Rao,loadtest4951@loadtest.example.com,9000004951,ai-ml,Load Test 5K,Ahmedabad,Soylent
Aditya Rao,loadtest4952@loadtest.example.com,9000004952,,Load Test 5K,Hyderabad,Acme Corp
Nisha Rao,loadtest4953@loadtest.example.com,9000004953,agentic-ai,Load Test 5K,Bengaluru,Globex
Sanjay Rao,loadtest4954@loadtest.example.com,9000004954,ai-ml,Load Test 5K,Mumbai,Initech
Kavya Rao,loadtest4955@loadtest.example.com,9000004955,,Load Test 5K,Pune,Hooli
Manish Singh,loadtest4956@loadtest.example.com,9000004956,agentic-ai,Load Test 5K,Chennai,Umbrella
Ritu Singh,loadtest4957@loadtest.example.com,9000004957,ai-ml,Load Test 5K,Delhi,Stark Industries
Vivek Singh,loadtest4958@loadtest.example.com,9000004958,,Load Test 5K,Kolkata,Wayne Enterprises
Shreya Singh,loadtest4959@loadtest.example.com,9000004959,agentic-ai,Load Test 5K,Ahmedabad,Soylent
Aarav Singh,loadtest4960@loadtest.example.com,9000004960,ai-ml,Load Test 5K,Hyderabad,Acme Corp
Priya Singh,loadtest4961@loadtest.example.com,9000004961,,Load Test 5K,Bengaluru,Globex
Rohan Singh,loadtest4962@loadtest.example.com,9000004962,agentic-ai,Load Test 5K,Mumbai,Initech
Meera Joshi,loadtest4963@loadtest.example.com,9000004963,ai-ml,Load Test 5K,Pune,Hooli
Vikram Joshi,loadtest4964@loadtest.example.com,9000004964,,Load Test 5K,Chennai,Umbrella
Ananya Joshi,loadtest4965@loadtest.example.com,9000004965,agentic-ai,Load Test 5K,Delhi,Stark Industries
Karthik Joshi,loadtest4966@loadtest.example.com,9000004966,ai-ml,Load Test 5K,Kolkata,Wayne Enterprises
Sneha Joshi,loadtest4967@loadtest.example.com,9000004967,,Load Test 5K,Ahmedabad,Soylent
Arjun Joshi,loadtest4968@loadtest.example.com,9000004968,agentic-ai,Load Test 5K,Hyderabad,Acme Corp
Divya Joshi,loadtest4969@loadtest.example.com,9000004969,ai-ml,Load Test 5K,Bengaluru,Globex
Rahul Kumar,loadtest4970@loadtest.example.com,9000004970,,Load Test 5K,Mumbai,Initech
Pooja Kumar,loadtest4971@loadtest.example.com,9000004971,agentic-ai,Load Test 5K,Pune,Hooli
Aditya Kumar,loadtest4972@loadtest.example.com,9000004972,ai-ml,Load Test 5K,Chennai,Umbrella
Nisha Kumar,loadtest4973@loadtest.example.com,9000004973,,Load Test 5K,Delhi,Stark Industries
Sanjay Kumar,loadtest4974@loadtest.example.com,9000004974,agentic-ai,Load Test 5K,Kolkata,Wayne Enterprises
Kavya Kumar,loadtest4975@loadtest.example.com,9000004975,ai-ml,Load Test 5K,Ahmedabad,Soylent
Manish Kumar,loadtest4976@loadtest.example.com,9000004976,,Load Test 5K,Hyderabad,Acme Corp
Ritu Desai,loadtest4977@loadtest.example.com,9000004977,agentic-ai,Load Test 5K,Bengaluru,Globex
Vivek Desai,loadtest4978@loadtest.example.com,9000004978,ai-ml,Load Test 5K,Mumbai,Initech
Shreya Desai,loadtest4979@loadtest.example.com,9000004979,,Load Test 5K,Pune,Hooli
Aarav Desai,loadtest4980@loadtest.example.com,9000004980,agentic-ai,Load Test 5K,Chennai,Umbrella
Priya Desai,loadtest4981@loadtest.example.com,9000004981,ai-ml,Load Test 5K,Delhi,Stark Industries
Rohan Desai,loadtest4982@loadtest.example.com,9000004982,,Load Test 5K,Kolkata,Wayne Enterprises
Meera Desai,loadtest4983@loadtest.example.com,9000004983,agentic-ai,Load Test 5K,Ahmedabad,Soylent
Vikram Pillai,loadtest4984@loadtest.example.com,9000004984,ai-ml,Load Test 5K,Hyderabad,Acme Corp
Ananya Pillai,loadtest4985@loadtest.example.com,9000004985,,Load Test 5K,Bengaluru,Globex
Karthik Pillai,loadtest4986@loadtest.example.com,9000004986,agentic-ai,Load Test 5K,Mumbai,Initech
Sneha Pillai,loadtest4987@loadtest.example.com,9000004987,ai-ml,Load Test 5K,Pune,Hooli
Arjun Pillai,loadtest4988@loadtest.example.com,9000004988,,Load Test 5K,Chennai,Umbrella
Divya Pillai,loadtest4989@loadtest.example.com,9000004989,agentic-ai,Load Test 5K,Delhi,Stark Industries
Rahul Pillai,loadtest4990@loadtest.example.com,9000004990,ai-ml,Load Test 5K,Kolkata,Wayne Enterprises
Pooja Bose,loadtest4991@loadtest.example.com,9000004991,,Load Test 5K,Ahmedabad,Soylent
Aditya Bose,loadtest4992@loadtest.example.com,9000004992,agentic-ai,Load Test 5K,Hyderabad,Acme Corp
Nisha Bose,loadtest4993@loadtest.example.com,9000004993,ai-ml,Load Test 5K,Bengaluru,Globex
Sanjay Bose,loadtest4994@loadtest.example.com,9000004994,,Load Test 5K,Mumbai,Initech
Kavya Bose,loadtest4995@loadtest.example.com,9000004995,agentic-ai,Load Test 5K,Pune,Hooli
Manish Bose,loadtest4996@loadtest.example.com,9000004996,ai-ml,Load Test 5K,Chennai,Umbrella
Ritu Bose,loadtest4997@loadtest.example.com,9000004997,,Load Test 5K,Delhi,Stark Industries
Vivek Menon,loadtest4998@loadtest.example.com,9000004998,agentic-ai,Load Test 5K,Kolkata,Wayne Enterprises
Shreya Menon,loadtest4999@loadtest.example.com,9000004999,ai-ml,Load Test 5K,Ahmedabad,Soylent
Aarav Menon,loadtest5000@loadtest.example.com,9000005000,,Load Test 5K,Hyderabad,Acme Corp
